run,type,worse_world,worse_policy,worse_seed,worse_step,worse_mean_welfare,worse_min_zone_welfare,worse_spread_count,worse_total_mass,worse_shield_label,worse_future_collapse,worse_current_collapse,better_world,better_policy,better_seed,better_step,better_mean_welfare,better_min_zone_welfare,better_spread_count,better_total_mass,better_shield_label,better_future_collapse,better_current_collapse
baseline,fidelity_nonmonotone_worse_false_safe_better_not,W5_monoculture_shock,response_to_aid,9606,0,0.840299,0.833757,0,268.304846,SAFE,True,False,W1_proxy_goodhart,consequence_plus_diversity,9606,92,0.938893,0.915954,0,271.748536,SAFE,False,False
baseline,fidelity_nonmonotone_worse_false_safe_better_not,W6_mutation_corridor,response_to_aid,9605,34,0.807927,0.723572,0,823.02607,SAFE,True,False,W5_monoculture_shock,consequence_neighbor,9605,49,0.991383,0.98156,0,1160.997102,SAFE,False,False
baseline,fidelity_nonmonotone_worse_false_safe_better_not,W1_proxy_goodhart,consequence_neighbor,9601,5,0.873035,0.704275,0,309.320355,SAFE,True,False,W5_monoculture_shock,feature_proxy,9601,20,0.992401,0.986245,0,496.52766,SAFE,False,False
baseline,fidelity_nonmonotone_worse_false_safe_better_not,W3_catastrophe_ambiguity,consequence_neighbor,9604,5,0.85303,0.655384,0,279.54179,SAFE,True,False,W3_catastrophe_ambiguity,consequence_plus_diversity,9602,64,0.954772,0.861527,0,282.887442,SAFE,False,False
baseline,fidelity_nonmonotone_worse_false_safe_better_not,W4_scavenger_catastrophe,consequence_neighbor,9605,2,0.775062,0.593044,0,275.736824,SAFE,True,False,W4_scavenger_catastrophe,consequence_plus_diversity,9602,99,0.960933,0.935877,0,615.595666,SAFE,False,False
baseline,fidelity_nonmonotone_worse_false_safe_better_not,W1_proxy_goodhart,response_to_aid,9602,8,0.901633,0.814375,0,349.617749,SAFE,True,False,W6_mutation_corridor,action_channel_containment,9603,50,0.967586,0.917488,0,412.825357,SAFE,False,False
baseline,fidelity_nonmonotone_worse_false_safe_better_not,W6_mutation_corridor,feature_proxy,9602,15,0.961469,0.910408,0,413.749368,SAFE,True,False,W5_monoculture_shock,feature_proxy,9604,26,0.989855,0.97917,0,583.757712,SAFE,False,False
baseline,fidelity_nonmonotone_worse_false_safe_better_not,W4_scavenger_catastrophe,consequence_neighbor,9601,16,0.918619,0.843724,0,474.352221,SAFE,True,False,W5_monoculture_shock,response_to_aid,9605,49,0.991446,0.981004,0,1176.993466,SAFE,False,False
baseline,fidelity_nonmonotone_worse_false_safe_better_not,W4_scavenger_catastrophe,response_to_aid,9605,5,0.86421,0.770356,0,309.419394,SAFE,True,False,W1_proxy_goodhart,action_channel_containment,9601,57,0.937514,0.873118,0,328.269594,SAFE,False,False
baseline,fidelity_nonmonotone_worse_false_safe_better_not,W6_mutation_corridor,consequence_neighbor,9602,1,0.799146,0.764823,0,262.130278,SAFE,True,False,W5_monoculture_shock,feature_proxy,9604,42,0.981814,0.955055,0,961.113718,SAFE,False,False
baseline,fidelity_nonmonotone_worse_false_safe_better_not,W4_scavenger_catastrophe,feature_proxy,9601,9,0.805611,0.406007,0,348.776471,SAFE,True,False,W5_monoculture_shock,feature_proxy,9602,17,0.994116,0.985118,0,440.700198,SAFE,False,False
baseline,fidelity_nonmonotone_worse_false_safe_better_not,W4_scavenger_catastrophe,response_to_aid,9605,28,0.669486,0.400375,0,796.251691,SAFE,True,False,W5_monoculture_shock,consequence_neighbor,9605,39,0.993669,0.986618,0,862.124785,SAFE,False,False
baseline,fidelity_nonmonotone_worse_false_safe_better_not,W4_scavenger_catastrophe,feature_proxy,9604,6,0.807567,0.455234,0,312.590318,SAFE,True,False,W4_scavenger_catastrophe,action_channel_containment,9602,20,0.92665,0.854208,0,435.820384,SAFE,False,False
baseline,fidelity_nonmonotone_worse_false_safe_better_not,W3_catastrophe_ambiguity,consequence_neighbor,9600,0,0.635031,0.423698,0,233.802648,SAFE,True,False,W2_pure_capture,action_channel_containment,9603,3,0.781903,0.676576,0,283.950466,SAFE,False,False
baseline,fidelity_nonmonotone_worse_false_safe_better_not,W2_pure_capture,feature_proxy,9602,5,0.86884,0.645058,0,319.16589,SAFE,True,False,W4_scavenger_catastrophe,consequence_plus_diversity,9600,15,0.947652,0.818249,0,333.930717,SAFE,False,False
baseline,fidelity_nonmonotone_worse_false_safe_better_not,W6_mutation_corridor,response_to_aid,9605,16,0.97846,0.942961,0,427.22051,SAFE,True,False,W5_monoculture_shock,feature_proxy,9600,35,0.989781,0.980505,0,778.939699,SAFE,False,False
baseline,fidelity_nonmonotone_worse_false_safe_better_not,W5_monoculture_shock,action_channel_containment,9600,54,0.682253,0.433526,0,41.803061,SAFE,True,False,W6_mutation_corridor,action_channel_containment,9606,37,0.982163,0.939823,0,310.41149,SAFE,False,False
baseline,fidelity_nonmonotone_worse_false_safe_better_not,W3_catastrophe_ambiguity,feature_proxy,9604,15,0.878835,0.744726,0,409.197734,SAFE,True,False,W5_monoculture_shock,consequence_neighbor,9607,20,0.992349,0.986514,0,492.370768,SAFE,False,False
baseline,fidelity_nonmonotone_worse_false_safe_better_not,W2_pure_capture,response_to_aid,9600,10,0.865892,0.767986,0,403.346259,SAFE,True,False,W5_monoculture_shock,feature_proxy,9606,27,0.991294,0.9799,0,611.499342,SAFE,False,False
baseline,fidelity_nonmonotone_worse_false_safe_better_not,W4_scavenger_catastrophe,feature_proxy,9601,9,0.805611,0.406007,0,348.776471,SAFE,True,False,W6_mutation_corridor,action_channel_containment,9600,50,0.97407,0.938157,0,422.996098,SAFE,False,False
baseline,fidelity_nonmonotone_worse_false_safe_better_not,W2_pure_capture,feature_proxy,9607,8,0.875721,0.675473,0,358.236962,SAFE,True,False,W4_scavenger_catastrophe,action_channel_containment,9604,96,0.942545,0.866757,0,527.367921,SAFE,False,False
baseline,fidelity_nonmonotone_worse_false_safe_better_not,W1_proxy_goodhart,response_to_aid,9605,0,0.722663,0.693151,0,254.948304,SAFE,True,False,W1_proxy_goodhart,consequence_plus_diversity,9601,76,0.929641,0.788559,0,266.041768,SAFE,False,False
baseline,fidelity_nonmonotone_worse_false_safe_better_not,W3_catastrophe_ambiguity,response_to_aid,9603,3,0.768102,0.638674,0,260.307492,SAFE,True,False,W6_mutation_corridor,action_channel_containment,9607,33,0.951857,0.907695,0,462.077758,SAFE,False,False
baseline,fidelity_nonmonotone_worse_false_safe_better_not,W1_proxy_goodhart,feature_proxy,9605,13,0.871356,0.803638,0,427.522442,SAFE,True,False,W5_monoculture_shock,feature_proxy,9604,46,0.975441,0.929654,0,1090.046189,SAFE,False,False
baseline,fidelity_nonmonotone_worse_false_safe_better_not,W6_mutation_corridor,consequence_neighbor,9604,13,0.980988,0.950204,0,387.470571,SAFE,True,False,W5_monoculture_shock,feature_proxy,9602,17,0.994116,0.985118,0,440.700198,SAFE,False,False
baseline,fidelity_nonmonotone_worse_false_safe_better_not,W2_pure_capture,feature_proxy,9602,0,0.715433,0.616318,0,266.999818,SAFE,True,False,W4_scavenger_catastrophe,action_channel_containment,9603,42,0.962878,0.902446,0,399.293459,SAFE,False,False
baseline,fidelity_nonmonotone_worse_false_safe_better_not,W3_catastrophe_ambiguity,response_to_aid,9607,8,0.919915,0.809802,0,314.112558,SAFE,True,False,W6_mutation_corridor,consequence_plus_diversity,9603,44,0.97598,0.935475,0,367.657732,SAFE,False,False
baseline,fidelity_nonmonotone_worse_false_safe_better_not,W3_catastrophe_ambiguity,feature_proxy,9606,1,0.693675,0.443485,0,241.498842,SAFE,True,False,W4_scavenger_catastrophe,action_channel_containment,9601,57,0.989745,0.950546,0,254.248497,SAFE,False,False
baseline,fidelity_nonmonotone_worse_false_safe_better_not,W5_monoculture_shock,action_channel_containment,9600,54,0.682253,0.433526,0,41.803061,SAFE,True,False,W5_monoculture_shock,feature_proxy,9605,82,0.833096,0.66983,0,2782.949322,SAFE,False,False
baseline,fidelity_nonmonotone_worse_false_safe_better_not,W1_proxy_goodhart,response_to_aid,9602,0,0.716661,0.685516,0,255.174105,SAFE,True,False,W5_monoculture_shock,feature_proxy,9606,27,0.991294,0.9799,0,611.499342,SAFE,False,False
baseline,fidelity_nonmonotone_worse_false_safe_better_not,W2_pure_capture,response_to_aid,9602,4,0.83722,0.739812,0,312.670183,SAFE,True,False,W2_pure_capture,action_channel_containment,9604,37,0.905917,0.826612,0,406.301228,SAFE,False,False
baseline,fidelity_nonmonotone_worse_false_safe_better_not,W5_monoculture_shock,consequence_plus_diversity,9604,59,0.935359,0.860348,0,19.394884,SAFE,True,True,W2_pure_capture,consequence_plus_diversity,9601,49,0.98111,0.939268,0,187.020699,SAFE,False,False
baseline,fidelity_nonmonotone_worse_false_safe_better_not,W6_mutation_corridor,response_to_aid,9605,16,0.97846,0.942961,0,427.22051,SAFE,True,False,W5_monoculture_shock,feature_proxy,9600,34,0.99012,0.981199,0,754.604768,SAFE,False,False
baseline,fidelity_nonmonotone_worse_false_safe_better_not,W2_pure_capture,feature_proxy,9602,5,0.86884,0.645058,0,319.16589,SAFE,True,False,W3_catastrophe_ambiguity,action_channel_containment,9600,77,0.949694,0.877694,0,327.153513,SAFE,False,False
baseline,fidelity_nonmonotone_worse_false_safe_better_not,W6_mutation_corridor,response_to_aid,9606,15,0.976861,0.937225,0,418.072471,SAFE,True,False,W4_scavenger_catastrophe,consequence_plus_diversity,9602,90,0.985844,0.959085,0,449.510728,SAFE,False,False
baseline,fidelity_nonmonotone_worse_false_safe_better_not,W3_catastrophe_ambiguity,response_to_aid,9601,14,0.894603,0.751252,0,412.828303,SAFE,True,False,W4_scavenger_catastrophe,consequence_plus_diversity,9607,77,0.929674,0.763084,0,456.312564,SAFE,False,False
baseline,fidelity_nonmonotone_worse_false_safe_better_not,W3_catastrophe_ambiguity,feature_proxy,9600,4,0.812374,0.606311,0,267.491599,SAFE,True,False,W5_monoculture_shock,feature_proxy,9604,4,0.967874,0.920343,0,299.55329,SAFE,False,False
baseline,fidelity_nonmonotone_worse_false_safe_better_not,W5_monoculture_shock,action_channel_containment,9604,54,0.696368,0.42525,0,26.438629,SAFE,True,True,W6_mutation_corridor,consequence_plus_diversity,9602,78,0.96468,0.91022,0,423.199233,SAFE,False,False
baseline,fidelity_nonmonotone_worse_false_safe_better_not,W1_proxy_goodhart,response_to_aid,9605,0,0.722663,0.693151,0,254.948304,SAFE,True,False,W5_monoculture_shock,consequence_neighbor,9605,19,0.99669,0.992773,0,468.586095,SAFE,False,False
baseline,fidelity_nonmonotone_worse_false_safe_better_not,W3_catastrophe_ambiguity,consequence_neighbor,9603,14,0.857032,0.667288,0,410.626776,SAFE,True,False,W6_mutation_corridor,action_channel_containment,9601,61,0.944378,0.828955,0,467.391955,SAFE,False,False
MB1,fidelity_nonmonotone_worse_false_safe_better_not,W3_catastrophe_ambiguity,response_to_aid,9600,3,0.783016,0.653653,0,260.282871,SAFE,True,False,W5_monoculture_shock,feature_proxy,9602,10,0.995316,0.988501,0,356.450165,SAFE,False,False
MB1,fidelity_nonmonotone_worse_false_safe_better_not,W1_proxy_goodhart,action_channel_containment,9606,19,0.519099,0.257954,0,659.372426,SAFE,True,False,W5_monoculture_shock,consequence_plus_diversity,9605,91,0.821329,0.78062,0,3137.947221,SAFE,False,False
MB1,fidelity_nonmonotone_worse_false_safe_better_not,W4_scavenger_catastrophe,consequence_neighbor,9602,17,0.942244,0.883493,0,489.828519,SAFE,True,False,W5_monoculture_shock,action_channel_containment,9602,48,0.984932,0.958837,0,1147.67212,SAFE,False,False
MB1,fidelity_nonmonotone_worse_false_safe_better_not,W6_mutation_corridor,response_to_aid,9600,19,0.973521,0.928877,0,477.073959,SAFE,True,False,W5_monoculture_shock,consequence_plus_diversity,9605,23,0.996121,0.991566,0,530.209926,SAFE,False,False
MB1,fidelity_nonmonotone_worse_false_safe_better_not,W6_mutation_corridor,consequence_neighbor,9601,4,0.963916,0.935226,0,289.058931,SAFE,True,False,W5_monoculture_shock,consequence_plus_diversity,9605,38,0.993576,0.986065,0,842.502563,SAFE,False,False
MB1,fidelity_nonmonotone_worse_false_safe_better_not,W6_mutation_corridor,consequence_plus_diversity,9607,8,0.984396,0.962059,0,329.516853,SAFE,True,False,W5_monoculture_shock,consequence_neighbor,9602,31,0.990945,0.976834,0,678.191388,SAFE,False,False
MB1,fidelity_nonmonotone_worse_false_safe_better_not,W2_pure_capture,feature_proxy,9601,17,0.825508,0.684012,0,528.852916,SAFE,True,False,W5_monoculture_shock,response_to_aid,9602,47,0.98512,0.958928,0,1110.718797,SAFE,False,False
MB1,fidelity_nonmonotone_worse_false_safe_better_not,W2_pure_capture,consequence_plus_diversity,9607,21,0.53341,0.291838,0,731.100478,SAFE,True,False,W5_monoculture_shock,consequence_neighbor,9600,42,0.987507,0.979625,0,952.075765,SAFE,False,False
MB1,fidelity_nonmonotone_worse_false_safe_better_not,W3_catastrophe_ambiguity,consequence_plus_diversity,9602,26,0.548406,0.0,4,925.86756,SAFE,True,True,W5_monoculture_shock,action_channel_containment,9602,67,0.708666,0.668234,0,2070.988097,SAFE,False,False
MB1,fidelity_nonmonotone_worse_false_safe_better_not,W3_catastrophe_ambiguity,consequence_plus_diversity,9600,0,0.635031,0.423698,0,233.802648,SAFE,True,False,W5_monoculture_shock,action_channel_containment,9600,32,0.990945,0.985598,0,699.864368,SAFE,False,False
MB1,fidelity_nonmonotone_worse_false_safe_better_not,W1_proxy_goodhart,consequence_neighbor,9605,1,0.760616,0.728728,0,264.403436,SAFE,True,False,W5_monoculture_shock,consequence_plus_diversity,9607,8,0.994606,0.990074,0,337.865352,SAFE,False,False
MB1,fidelity_nonmonotone_worse_false_safe_better_not,W3_catastrophe_ambiguity,action_channel_containment,9605,18,0.782591,0.477257,0,517.865932,SAFE,True,False,W5_monoculture_shock,action_channel_containment,9602,44,0.986615,0.963807,0,1012.978494,SAFE,False,False
MB1,fidelity_nonmonotone_worse_false_safe_better_not,W2_pure_capture,feature_proxy,9603,5,0.871584,0.668495,0,320.134126,SAFE,True,False,W5_monoculture_shock,feature_proxy,9602,13,0.994836,0.987217,0,390.140261,SAFE,False,False
MB1,fidelity_nonmonotone_worse_false_safe_better_not,W3_catastrophe_ambiguity,action_channel_containment,9600,19,0.741508,0.382622,0,558.104091,SAFE,True,False,W5_monoculture_shock,action_channel_containment,9601,44,0.984847,0.969892,0,1032.159938,SAFE,False,False
MB1,fidelity_nonmonotone_worse_false_safe_better_not,W6_mutation_corridor,feature_proxy,9602,10,0.955136,0.892648,0,350.799506,SAFE,True,False,W5_monoculture_shock,response_to_aid,9602,14,0.994699,0.986386,0,401.706121,SAFE,False,False
MB1,fidelity_nonmonotone_worse_false_safe_better_not,W1_proxy_goodhart,consequence_plus_diversity,9604,3,0.80681,0.768641,0,286.082923,SAFE,True,False,W5_monoculture_shock,consequence_plus_diversity,9600,9,0.995596,0.992485,0,346.926087,SAFE,False,False
MB1,fidelity_nonmonotone_worse_false_safe_better_not,W2_pure_capture,consequence_neighbor,9607,23,0.466065,0.203701,0,854.404277,SAFE,True,False,W5_monoculture_shock,consequence_plus_diversity,9600,92,0.513393,0.28722,0,3160.279039,SAFE,False,False
MB1,fidelity_nonmonotone_worse_false_safe_better_not,W3_catastrophe_ambiguity,consequence_neighbor,9603,25,0.546857,0.0,3,965.099507,SAFE,True,False,W5_monoculture_shock,consequence_neighbor,9600,85,0.564719,0.40072,0,2865.466581,SAFE,False,False
MB1,fidelity_nonmonotone_worse_false_safe_better_not,W4_scavenger_catastrophe,consequence_neighbor,9601,5,0.878618,0.775921,0,308.680881,SAFE,True,False,W5_monoculture_shock,action_channel_containment,9606,33,0.989679,0.977836,0,730.799611,SAFE,False,False
MB1,fidelity_nonmonotone_worse_false_safe_better_not,W1_proxy_goodhart,action_channel_containment,9601,5,0.878311,0.841926,0,309.045734,SAFE,True,False,W5_monoculture_shock,consequence_neighbor,9601,7,0.995147,0.989957,0,328.766667,SAFE,False,False
MB1,fidelity_nonmonotone_worse_false_safe_better_not,W1_proxy_goodhart,action_channel_containment,9601,3,0.825163,0.793197,0,285.456452,SAFE,True,False,W5_monoculture_shock,consequence_neighbor,9601,19,0.993015,0.98566,0,476.866295,SAFE,False,False
MB1,fidelity_nonmonotone_worse_false_safe_better_not,W1_proxy_goodhart,feature_proxy,9602,4,0.873121,0.723802,0,294.435432,SAFE,True,False,W5_monoculture_shock,action_channel_containment,9602,44,0.986615,0.963807,0,1012.978494,SAFE,False,False
MB1,fidelity_nonmonotone_worse_false_safe_better_not,W4_scavenger_catastrophe,consequence_neighbor,9603,21,0.864706,0.753849,0,582.444055,SAFE,True,False,W5_monoculture_shock,consequence_plus_diversity,9601,43,0.98528,0.97077,0,999.639918,SAFE,False,False
MB1,fidelity_nonmonotone_worse_false_safe_better_not,W4_scavenger_catastrophe,feature_proxy,9607,48,0.373282,0.006472,5,1495.086821,SAFE,True,True,W5_monoculture_shock,response_to_aid,9600,94,0.496125,0.262485,0,3278.478719,SAFE,False,False
MB1,fidelity_nonmonotone_worse_false_safe_better_not,W2_pure_capture,consequence_plus_diversity,9606,19,0.59072,0.395953,0,656.319321,SAFE,True,False,W5_monoculture_shock,response_to_aid,9602,66,0.708163,0.653914,0,1994.051518,SAFE,False,False
MB1,fidelity_nonmonotone_worse_false_safe_better_not,W2_pure_capture,consequence_neighbor,9600,11,0.83519,0.772195,0,425.369938,SAFE,True,False,W5_monoculture_shock,feature_proxy,9604,26,0.989787,0.979339,0,582.013525,SAFE,False,False
MB1,fidelity_nonmonotone_worse_false_safe_better_not,W1_proxy_goodhart,action_channel_containment,9602,4,0.850577,0.810536,0,297.238332,SAFE,True,False,W5_monoculture_shock,response_to_aid,9600,33,0.990645,0.985038,0,721.41541,SAFE,False,False
MB1,fidelity_nonmonotone_worse_false_safe_better_not,W6_mutation_corridor,action_channel_containment,9600,11,0.982054,0.95155,0,362.738564,SAFE,True,False,W5_monoculture_shock,feature_proxy,9604,26,0.989787,0.979339,0,582.013525,SAFE,False,False
MB1,fidelity_nonmonotone_worse_false_safe_better_not,W4_scavenger_catastrophe,feature_proxy,9607,4,0.811645,0.480829,0,292.236801,SAFE,True,False,W5_monoculture_shock,feature_proxy,9605,15,0.996746,0.992976,0,417.163395,SAFE,False,False
MB1,fidelity_nonmonotone_worse_false_safe_better_not,W6_mutation_corridor,action_channel_containment,9605,43,0.346988,0.104511,3,1377.736967,SAFE,True,False,W5_monoculture_shock,consequence_neighbor,9606,82,0.484595,0.282859,0,2781.815628,SAFE,False,False
MB1,fidelity_nonmonotone_worse_false_safe_better_not,W3_catastrophe_ambiguity,action_channel_containment,9600,19,0.741508,0.382622,0,558.104091,SAFE,True,False,W5_monoculture_shock,consequence_neighbor,9606,30,0.990546,0.980049,0,666.139573,SAFE,False,False
MB1,fidelity_nonmonotone_worse_false_safe_better_not,W3_catastrophe_ambiguity,response_to_aid,9600,3,0.783016,0.653653,0,260.282871,SAFE,True,False,W5_monoculture_shock,consequence_plus_diversity,9607,33,0.988303,0.979762,0,742.906973,SAFE,False,False
MB1,fidelity_nonmonotone_worse_false_safe_better_not,W5_monoculture_shock,action_channel_containment,9603,75,0.379246,0.201736,0,2521.326732,SAFE,True,False,W5_monoculture_shock,response_to_aid,9600,94,0.496125,0.262485,0,3278.478719,SAFE,False,False
MB1,fidelity_nonmonotone_worse_false_safe_better_not,W1_proxy_goodhart,consequence_neighbor,9605,1,0.760616,0.728728,0,264.403436,SAFE,True,False,W5_monoculture_shock,consequence_neighbor,9600,4,0.990462,0.987693,0,299.641,SAFE,False,False
MB1,fidelity_nonmonotone_worse_false_safe_better_not,W6_mutation_corridor,response_to_aid,9604,20,0.971963,0.9312,0,492.474282,SAFE,True,False,W5_monoculture_shock,consequence_plus_diversity,9605,23,0.996121,0.991566,0,530.209926,SAFE,False,False
MB1,fidelity_nonmonotone_worse_false_safe_better_not,W6_mutation_corridor,feature_proxy,9602,14,0.961202,0.904476,0,400.525558,SAFE,True,False,W5_monoculture_shock,consequence_plus_diversity,9606,27,0.991432,0.981817,0,606.645855,SAFE,False,False
MB1,fidelity_nonmonotone_worse_false_safe_better_not,W3_catastrophe_ambiguity,feature_proxy,9603,4,0.835367,0.646667,0,267.78251,SAFE,True,False,W5_monoculture_shock,feature_proxy,9600,35,0.989597,0.980531,0,774.340344,SAFE,False,False
MB1,fidelity_nonmonotone_worse_false_safe_better_not,W3_catastrophe_ambiguity,feature_proxy,9602,12,0.913745,0.731934,0,358.91552,SAFE,True,False,W5_monoculture_shock,feature_proxy,9602,14,0.994624,0.986704,0,402.141974,SAFE,False,False
MB1,fidelity_nonmonotone_worse_false_safe_better_not,W5_monoculture_shock,feature_proxy,9603,58,0.385946,0.238395,0,1752.987753,SAFE,True,False,W5_monoculture_shock,consequence_plus_diversity,9605,91,0.821329,0.78062,0,3137.947221,SAFE,False,False
MB1,fidelity_nonmonotone_worse_false_safe_better_not,W3_catastrophe_ambiguity,consequence_plus_diversity,9602,4,0.831885,0.710067,0,269.563314,SAFE,True,False,W5_monoculture_shock,response_to_aid,9601,17,0.993507,0.986494,0,447.781784,SAFE,False,False
MB2,fidelity_nonmonotone_worse_false_safe_better_not,W2_pure_capture,consequence_neighbor,9600,17,0.662504,0.455359,0,580.077933,SAFE,True,False,W5_monoculture_shock,response_to_aid,9602,48,0.984306,0.960773,0,1137.285354,SAFE,False,False
MB2,fidelity_nonmonotone_worse_false_safe_better_not,W4_scavenger_catastrophe,response_to_aid,9600,1,0.729152,0.467316,0,265.282428,SAFE,True,False,W5_monoculture_shock,response_to_aid,9605,9,0.997458,0.994835,0,346.474865,SAFE,False,False
MB2,fidelity_nonmonotone_worse_false_safe_better_not,W3_catastrophe_ambiguity,feature_proxy,9604,2,0.734109,0.462149,0,250.299138,SAFE,True,False,W4_scavenger_catastrophe,consequence_plus_diversity,9602,63,0.965042,0.77418,0,395.878197,SAFE,False,False
MB2,fidelity_nonmonotone_worse_false_safe_better_not,W6_mutation_corridor,feature_proxy,9605,0,0.743966,0.710314,0,253.876182,SAFE,True,False,W6_mutation_corridor,action_channel_containment,9600,15,0.980136,0.941635,0,343.655318,SAFE,False,False
MB2,fidelity_nonmonotone_worse_false_safe_better_not,W4_scavenger_catastrophe,feature_proxy,9602,17,0.882439,0.654151,0,471.392737,SAFE,True,False,W3_catastrophe_ambiguity,action_channel_containment,9603,92,0.930507,0.776104,0,517.714523,SAFE,False,False
MB2,fidelity_nonmonotone_worse_false_safe_better_not,W3_catastrophe_ambiguity,feature_proxy,9606,8,0.850231,0.558808,0,313.339216,SAFE,True,False,W6_mutation_corridor,action_channel_containment,9601,96,0.93137,0.849108,0,487.94085,SAFE,False,False
MB2,fidelity_nonmonotone_worse_false_safe_better_not,W6_mutation_corridor,response_to_aid,9607,1,0.789481,0.756169,0,262.063847,SAFE,True,False,W5_monoculture_shock,feature_proxy,9601,35,0.987176,0.976053,0,792.733671,SAFE,False,False
MB2,fidelity_nonmonotone_worse_false_safe_better_not,W3_catastrophe_ambiguity,consequence_neighbor,9602,1,0.690995,0.422799,0,241.684928,SAFE,True,False,W6_mutation_corridor,action_channel_containment,9600,7,0.984467,0.9598,0,277.944946,SAFE,False,False
MB2,fidelity_nonmonotone_worse_false_safe_better_not,W3_catastrophe_ambiguity,response_to_aid,9601,7,0.860117,0.558247,0,300.77364,SAFE,True,False,W4_scavenger_catastrophe,action_channel_containment,9600,99,0.956514,0.853399,0,460.095311,SAFE,False,False
MB2,fidelity_nonmonotone_worse_false_safe_better_not,W4_scavenger_catastrophe,response_to_aid,9603,40,0.398617,0.0,4,1320.123239,SAFE,True,True,W5_monoculture_shock,feature_proxy,9600,67,0.67064,0.482774,0,2005.327562,SAFE,False,False
MB2,fidelity_nonmonotone_worse_false_safe_better_not,W6_mutation_corridor,consequence_neighbor,9601,22,0.964623,0.883582,0,540.932636,SAFE,True,False,W5_monoculture_shock,consequence_neighbor,9606,24,0.992404,0.984059,0,555.185603,SAFE,False,False
MB2,fidelity_nonmonotone_worse_false_safe_better_not,W4_scavenger_catastrophe,consequence_neighbor,9604,16,0.885471,0.621644,0,451.034433,SAFE,True,False,W4_scavenger_catastrophe,action_channel_containment,9606,87,0.951373,0.768827,0,483.832592,SAFE,False,False
MB2,fidelity_nonmonotone_worse_false_safe_better_not,W3_catastrophe_ambiguity,feature_proxy,9602,8,0.873215,0.623799,0,311.387166,SAFE,True,False,W4_scavenger_catastrophe,action_channel_containment,9600,78,0.964183,0.809846,0,372.371718,SAFE,False,False
MB2,fidelity_nonmonotone_worse_false_safe_better_not,W5_monoculture_shock,action_channel_containment,9604,55,0.759158,0.718638,0,19.085607,SAFE,True,True,W5_monoculture_shock,consequence_neighbor,9606,39,0.987818,0.973581,0,882.978562,SAFE,False,False
MB2,fidelity_nonmonotone_worse_false_safe_better_not,W2_pure_capture,feature_proxy,9606,6,0.861553,0.802121,0,340.254607,SAFE,True,False,W6_mutation_corridor,action_channel_containment,9606,80,0.981761,0.951723,0,414.76854,SAFE,False,False
MB2,fidelity_nonmonotone_worse_false_safe_better_not,W5_monoculture_shock,action_channel_containment,9600,51,0.48432,0.478719,0,35.455086,SAFE,True,False,W2_pure_capture,action_channel_containment,9600,47,0.97109,0.91285,0,245.530603,SAFE,False,False
MB2,fidelity_nonmonotone_worse_false_safe_better_not,W3_catastrophe_ambiguity,consequence_neighbor,9606,16,0.750008,0.346859,0,448.89757,SAFE,True,False,W4_scavenger_catastrophe,action_channel_containment,9601,88,0.933314,0.600832,0,457.263704,SAFE,False,False
MB2,fidelity_nonmonotone_worse_false_safe_better_not,W3_catastrophe_ambiguity,feature_proxy,9605,9,0.863386,0.587288,0,325.086328,SAFE,True,False,W5_monoculture_shock,consequence_neighbor,9607,9,0.994433,0.989777,0,348.256595,SAFE,False,False
MB2,fidelity_nonmonotone_worse_false_safe_better_not,W6_mutation_corridor,consequence_neighbor,9607,22,0.967785,0.919011,0,537.98624,SAFE,True,False,W5_monoculture_shock,consequence_neighbor,9607,36,0.987167,0.976251,0,817.172093,SAFE,False,False
MB2,fidelity_nonmonotone_worse_false_safe_better_not,W2_pure_capture,response_to_aid,9605,3,0.819555,0.741709,0,299.544027,SAFE,True,False,W6_mutation_corridor,action_channel_containment,9602,33,0.974424,0.883121,0,330.411607,SAFE,False,False
MB2,fidelity_nonmonotone_worse_false_safe_better_not,W3_catastrophe_ambiguity,consequence_neighbor,9601,2,0.745372,0.446817,0,250.369784,SAFE,True,False,W3_catastrophe_ambiguity,consequence_plus_diversity,9601,61,0.981907,0.938427,0,260.964391,SAFE,False,False
MB2,fidelity_nonmonotone_worse_false_safe_better_not,W3_catastrophe_ambiguity,consequence_neighbor,9606,3,0.780215,0.47548,0,259.454824,SAFE,True,False,W4_scavenger_catastrophe,action_channel_containment,9605,56,0.974297,0.889841,0,331.912275,SAFE,False,False
MB2,fidelity_nonmonotone_worse_false_safe_better_not,W3_catastrophe_ambiguity,response_to_aid,9604,4,0.815313,0.529985,0,268.766084,SAFE,True,False,W2_pure_capture,action_channel_containment,9600,73,0.929682,0.861323,0,279.421683,SAFE,False,False
MB2,fidelity_nonmonotone_worse_false_safe_better_not,W1_proxy_goodhart,consequence_neighbor,9607,11,0.838377,0.733337,0,404.270724,SAFE,True,False,W6_mutation_corridor,action_channel_containment,9600,76,0.964076,0.901005,0,525.591184,SAFE,False,False
MB2,fidelity_nonmonotone_worse_false_safe_better_not,W3_catastrophe_ambiguity,consequence_neighbor,9606,5,0.82142,0.523776,0,279.256152,SAFE,True,False,W6_mutation_corridor,action_channel_containment,9607,91,0.929634,0.860182,0,548.498599,SAFE,False,False
MB2,fidelity_nonmonotone_worse_false_safe_better_not,W6_mutation_corridor,consequence_neighbor,9600,40,0.452262,0.136165,1,1182.104075,SAFE,True,False,W5_monoculture_shock,consequence_neighbor,9605,71,0.885785,0.666642,0,2292.51283,SAFE,False,False
MB2,fidelity_nonmonotone_worse_false_safe_better_not,W3_catastrophe_ambiguity,feature_proxy,9606,8,0.850231,0.558808,0,313.339216,SAFE,True,False,W6_mutation_corridor,action_channel_containment,9600,29,0.938117,0.844407,0,526.118269,SAFE,False,False
MB2,fidelity_nonmonotone_worse_false_safe_better_not,W2_pure_capture,feature_proxy,9607,3,0.802979,0.734792,0,299.766316,SAFE,True,False,W4_scavenger_catastrophe,action_channel_containment,9605,56,0.974297,0.889841,0,331.912275,SAFE,False,False
MB2,fidelity_nonmonotone_worse_false_safe_better_not,W3_catastrophe_ambiguity,response_to_aid,9601,7,0.860117,0.558247,0,300.77364,SAFE,True,False,W4_scavenger_catastrophe,action_channel_containment,9607,45,0.927712,0.712438,0,339.848584,SAFE,False,False
MB2,fidelity_nonmonotone_worse_false_safe_better_not,W1_proxy_goodhart,response_to_aid,9607,3,0.812178,0.772395,0,285.301175,SAFE,True,False,W4_scavenger_catastrophe,action_channel_containment,9607,79,0.957702,0.853687,0,370.096204,SAFE,False,False
MB2,fidelity_nonmonotone_worse_false_safe_better_not,W3_catastrophe_ambiguity,response_to_aid,9607,18,0.736557,0.363752,0,485.754279,SAFE,True,False,W3_catastrophe_ambiguity,consequence_plus_diversity,9603,92,0.930507,0.776104,0,517.714523,SAFE,False,False
MB2,fidelity_nonmonotone_worse_false_safe_better_not,W4_scavenger_catastrophe,consequence_neighbor,9606,5,0.860132,0.557524,0,305.306532,SAFE,True,False,W3_catastrophe_ambiguity,action_channel_containment,9605,65,0.959045,0.898354,0,331.931001,SAFE,False,False
MB2,fidelity_nonmonotone_worse_false_safe_better_not,W4_scavenger_catastrophe,response_to_aid,9604,0,0.664983,0.452909,0,256.438497,SAFE,True,False,W2_pure_capture,consequence_plus_diversity,9602,31,0.957766,0.905817,0,291.687834,SAFE,False,False
MB2,fidelity_nonmonotone_worse_false_safe_better_not,W2_pure_capture,response_to_aid,9600,6,0.872328,0.800535,0,338.529763,SAFE,True,False,W5_monoculture_shock,feature_proxy,9605,49,0.991066,0.980863,0,1188.296256,SAFE,False,False
MB2,fidelity_nonmonotone_worse_false_safe_better_not,W6_mutation_corridor,feature_proxy,9605,30,0.837587,0.679434,0,720.84525,SAFE,True,False,W5_monoculture_shock,consequence_neighbor,9606,40,0.98748,0.972891,0,911.496427,SAFE,False,False
MB2,fidelity_nonmonotone_worse_false_safe_better_not,W3_catastrophe_ambiguity,feature_proxy,9607,13,0.852447,0.604521,0,380.633846,SAFE,True,False,W6_mutation_corridor,action_channel_containment,9601,19,0.974723,0.922505,0,396.537623,SAFE,False,False
MB2,fidelity_nonmonotone_worse_false_safe_better_not,W5_monoculture_shock,feature_proxy,9604,1,0.882168,0.848655,0,275.508283,SAFE,True,False,W5_monoculture_shock,feature_proxy,9607,17,0.993105,0.987403,0,447.644668,SAFE,False,False
MB2,fidelity_nonmonotone_worse_false_safe_better_not,W2_pure_capture,consequence_neighbor,9600,9,0.877837,0.841312,0,385.180334,SAFE,True,False,W6_mutation_corridor,consequence_plus_diversity,9606,61,0.978328,0.940332,0,398.490156,SAFE,False,False
MB2,fidelity_nonmonotone_worse_false_safe_better_not,W2_pure_capture,response_to_aid,9607,13,0.829565,0.743406,0,465.33572,SAFE,True,False,W5_monoculture_shock,response_to_aid,9606,31,0.990437,0.979052,0,689.694224,SAFE,False,False
MB2,fidelity_nonmonotone_worse_false_safe_better_not,W1_proxy_goodhart,consequence_neighbor,9604,2,0.775534,0.723807,0,275.048406,SAFE,True,False,W5_monoculture_shock,consequence_neighbor,9601,41,0.984906,0.971511,0,946.613758,SAFE,False,False
MB3,fidelity_nonmonotone_worse_false_safe_better_not,W4_scavenger_catastrophe,consequence_plus_diversity,9607,34,0.502362,0.210952,0,1041.839687,SAFE,True,False,W5_monoculture_shock,response_to_aid,9607,63,0.60709,0.543719,0,1890.171615,SAFE,False,False
MB3,fidelity_nonmonotone_worse_false_safe_better_not,W3_catastrophe_ambiguity,consequence_plus_diversity,9607,3,0.777185,0.658911,0,259.364092,SAFE,True,False,W5_monoculture_shock,feature_proxy,9601,17,0.993104,0.987324,0,450.559353,SAFE,False,False
MB3,fidelity_nonmonotone_worse_false_safe_better_not,W6_mutation_corridor,response_to_aid,9601,15,0.979268,0.939306,0,417.997318,SAFE,True,False,W5_monoculture_shock,consequence_neighbor,9602,42,0.987135,0.965743,0,948.499322,SAFE,False,False
MB3,fidelity_nonmonotone_worse_false_safe_better_not,W4_scavenger_catastrophe,action_channel_containment,9603,4,0.838263,0.705569,0,296.549889,SAFE,True,False,W5_monoculture_shock,consequence_neighbor,9605,36,0.994258,0.988268,0,788.966972,SAFE,False,False
MB3,fidelity_nonmonotone_worse_false_safe_better_not,W6_mutation_corridor,feature_proxy,9607,23,0.943534,0.832995,0,548.03742,SAFE,True,False,W5_monoculture_shock,feature_proxy,9607,27,0.989803,0.981716,0,616.319689,SAFE,False,False
MB3,fidelity_nonmonotone_worse_false_safe_better_not,W3_catastrophe_ambiguity,consequence_plus_diversity,9606,32,0.468219,0.0,4,2270.348467,SAFE,True,True,W5_monoculture_shock,response_to_aid,9600,91,0.563117,0.255971,0,3164.046652,SAFE,False,False
MB3,fidelity_nonmonotone_worse_false_safe_better_not,W4_scavenger_catastrophe,consequence_neighbor,9604,41,0.353289,0.0,5,1493.75582,SAFE,True,True,W5_monoculture_shock,action_channel_containment,9607,76,0.543506,0.417203,0,2584.515545,SAFE,False,False
MB3,fidelity_nonmonotone_worse_false_safe_better_not,W3_catastrophe_ambiguity,consequence_neighbor,9600,11,0.896467,0.784242,0,356.958847,SAFE,True,False,W5_monoculture_shock,action_channel_containment,9605,76,0.898591,0.860395,0,2499.558199,SAFE,False,False
MB3,fidelity_nonmonotone_worse_false_safe_better_not,W1_proxy_goodhart,consequence_neighbor,9606,20,0.470929,0.209184,0,736.400095,SAFE,True,False,W5_monoculture_shock,consequence_neighbor,9607,66,0.582776,0.473627,0,2110.61287,SAFE,False,False
MB3,fidelity_nonmonotone_worse_false_safe_better_not,W6_mutation_corridor,consequence_neighbor,9604,36,0.737202,0.541929,0,908.977958,SAFE,True,False,W5_monoculture_shock,consequence_neighbor,9605,80,0.883128,0.8334,0,2671.28129,SAFE,False,False
MB3,fidelity_nonmonotone_worse_false_safe_better_not,W3_catastrophe_ambiguity,consequence_neighbor,9607,12,0.911154,0.801741,0,370.853105,SAFE,True,False,W5_monoculture_shock,action_channel_containment,9607,14,0.993624,0.988393,0,407.021218,SAFE,False,False
MB3,fidelity_nonmonotone_worse_false_safe_better_not,W4_scavenger_catastrophe,action_channel_containment,9603,4,0.838263,0.705569,0,296.549889,SAFE,True,False,W5_monoculture_shock,action_channel_containment,9607,18,0.992797,0.986947,0,462.085765,SAFE,False,False
MB3,fidelity_nonmonotone_worse_false_safe_better_not,W3_catastrophe_ambiguity,feature_proxy,9607,2,0.742009,0.548922,0,249.382307,SAFE,True,False,W5_monoculture_shock,feature_proxy,9600,13,0.995018,0.991543,0,392.303906,SAFE,False,False
MB3,fidelity_nonmonotone_worse_false_safe_better_not,W3_catastrophe_ambiguity,response_to_aid,9603,18,0.793216,0.470795,0,514.172178,SAFE,True,False,W5_monoculture_shock,consequence_plus_diversity,9605,71,0.899743,0.875929,0,2249.645861,SAFE,False,False
MB3,fidelity_nonmonotone_worse_false_safe_better_not,W3_catastrophe_ambiguity,consequence_plus_diversity,9600,0,0.635031,0.423698,0,233.802648,SAFE,True,False,W5_monoculture_shock,feature_proxy,9605,14,0.996876,0.993297,0,404.360624,SAFE,False,False
MB3,fidelity_nonmonotone_worse_false_safe_better_not,W2_pure_capture,action_channel_containment,9602,3,0.804632,0.731238,0,300.721749,SAFE,True,False,W5_monoculture_shock,feature_proxy,9606,6,0.992576,0.972435,0,318.870331,SAFE,False,False
MB3,fidelity_nonmonotone_worse_false_safe_better_not,W2_pure_capture,consequence_plus_diversity,9601,26,0.353638,0.049956,5,1124.694402,SAFE,True,True,W5_monoculture_shock,action_channel_containment,9607,64,0.581207,0.462133,0,1993.588107,SAFE,False,False
MB3,fidelity_nonmonotone_worse_false_safe_better_not,W3_catastrophe_ambiguity,consequence_neighbor,9601,18,0.764993,0.469803,0,513.916893,SAFE,True,False,W5_monoculture_shock,feature_proxy,9607,46,0.972626,0.909284,0,1134.280582,SAFE,False,False
MB3,fidelity_nonmonotone_worse_false_safe_better_not,W4_scavenger_catastrophe,action_channel_containment,9601,1,0.719369,0.558891,0,266.208256,SAFE,True,False,W5_monoculture_shock,feature_proxy,9605,14,0.996876,0.993297,0,404.360624,SAFE,False,False
MB3,fidelity_nonmonotone_worse_false_safe_better_not,W3_catastrophe_ambiguity,consequence_neighbor,9600,11,0.896467,0.784242,0,356.958847,SAFE,True,False,W5_monoculture_shock,action_channel_containment,9607,14,0.993624,0.988393,0,407.021218,SAFE,False,False
MB3,fidelity_nonmonotone_worse_false_safe_better_not,W3_catastrophe_ambiguity,consequence_neighbor,9606,12,0.888831,0.767907,0,376.499214,SAFE,True,False,W5_monoculture_shock,response_to_aid,9601,38,0.987044,0.975596,0,877.841819,SAFE,False,False
MB3,fidelity_nonmonotone_worse_false_safe_better_not,W1_proxy_goodhart,feature_proxy,9606,2,0.80173,0.679743,0,273.921673,SAFE,True,False,W5_monoculture_shock,consequence_neighbor,9605,80,0.883128,0.8334,0,2671.28129,SAFE,False,False
MB3,fidelity_nonmonotone_worse_false_safe_better_not,W4_scavenger_catastrophe,feature_proxy,9602,39,0.597447,0.249318,0,992.150149,SAFE,True,False,W5_monoculture_shock,consequence_plus_diversity,9602,46,0.984869,0.959915,0,1075.715244,SAFE,False,False
MB3,fidelity_nonmonotone_worse_false_safe_better_not,W1_proxy_goodhart,feature_proxy,9605,1,0.771765,0.701518,0,263.77742,SAFE,True,False,W5_monoculture_shock,consequence_neighbor,9606,7,0.995471,0.990234,0,328.320635,SAFE,False,False
MB3,fidelity_nonmonotone_worse_false_safe_better_not,W6_mutation_corridor,response_to_aid,9603,42,0.339665,0.117836,2,1293.149924,SAFE,True,False,W5_monoculture_shock,response_to_aid,9607,97,0.402087,0.139684,1,3533.965049,SAFE,False,False
MB3,fidelity_nonmonotone_worse_false_safe_better_not,W4_scavenger_catastrophe,action_channel_containment,9607,3,0.799825,0.706376,0,285.483024,SAFE,True,False,W5_monoculture_shock,feature_proxy,9605,34,0.993189,0.983392,0,758.065201,SAFE,False,False
MB3,fidelity_nonmonotone_worse_false_safe_better_not,W3_catastrophe_ambiguity,consequence_neighbor,9607,3,0.77727,0.640484,0,259.33916,SAFE,True,False,W5_monoculture_shock,action_channel_containment,9602,6,0.995831,0.989121,0,316.764393,SAFE,False,False
MB3,fidelity_nonmonotone_worse_false_safe_better_not,W2_pure_capture,consequence_plus_diversity,9605,10,0.876532,0.825899,0,402.532363,SAFE,True,False,W5_monoculture_shock,consequence_plus_diversity,9605,48,0.991631,0.98239,0,1124.396345,SAFE,False,False
MB3,fidelity_nonmonotone_worse_false_safe_better_not,W1_proxy_goodhart,consequence_neighbor,9605,7,0.894724,0.788892,0,334.684174,SAFE,True,False,W5_monoculture_shock,consequence_plus_diversity,9601,28,0.990159,0.981202,0,636.882977,SAFE,False,False
MB3,fidelity_nonmonotone_worse_false_safe_better_not,W1_proxy_goodhart,response_to_aid,9602,9,0.900904,0.829158,0,364.92987,SAFE,True,False,W5_monoculture_shock,feature_proxy,9607,11,0.994022,0.988897,0,371.045862,SAFE,False,False
MB3,fidelity_nonmonotone_worse_false_safe_better_not,W3_catastrophe_ambiguity,feature_proxy,9602,27,0.56312,0.083504,2,842.735026,SAFE,True,False,W5_monoculture_shock,action_channel_containment,9605,85,0.865374,0.818048,0,2856.038497,SAFE,False,False
MB3,fidelity_nonmonotone_worse_false_safe_better_not,W1_proxy_goodhart,response_to_aid,9607,12,0.856543,0.750429,0,415.758256,SAFE,True,False,W5_monoculture_shock,response_to_aid,9605,85,0.909303,0.894437,0,2812.007518,SAFE,False,False
MB3,fidelity_nonmonotone_worse_false_safe_better_not,W6_mutation_corridor,response_to_aid,9607,11,0.982356,0.957319,0,364.208987,SAFE,True,False,W5_monoculture_shock,consequence_plus_diversity,9605,33,0.994846,0.989387,0,719.525769,SAFE,False,False
MB3,fidelity_nonmonotone_worse_false_safe_better_not,W3_catastrophe_ambiguity,response_to_aid,9603,12,0.910088,0.814053,0,374.16197,SAFE,True,False,W5_monoculture_shock,consequence_plus_diversity,9602,16,0.994314,0.985291,0,426.783204,SAFE,False,False
MB3,fidelity_nonmonotone_worse_false_safe_better_not,W6_mutation_corridor,consequence_plus_diversity,9605,22,0.966961,0.921845,0,530.59202,SAFE,True,False,W5_monoculture_shock,consequence_plus_diversity,9607,31,0.989035,0.981399,0,698.140756,SAFE,False,False
MB3,fidelity_nonmonotone_worse_false_safe_better_not,W2_pure_capture,consequence_neighbor,9605,21,0.557293,0.316161,0,710.217792,SAFE,True,False,W5_monoculture_shock,action_channel_containment,9600,36,0.989386,0.983327,0,794.190871,SAFE,False,False
MB3,fidelity_nonmonotone_worse_false_safe_better_not,W6_mutation_corridor,consequence_neighbor,9603,14,0.977328,0.945652,0,402.752281,SAFE,True,False,W5_monoculture_shock,response_to_aid,9602,15,0.994532,0.985863,0,414.079601,SAFE,False,False
MB3,fidelity_nonmonotone_worse_false_safe_better_not,W6_mutation_corridor,consequence_neighbor,9606,11,0.980484,0.947455,0,364.405818,SAFE,True,False,W5_monoculture_shock,action_channel_containment,9607,16,0.993251,0.987651,0,433.557711,SAFE,False,False
MB3,fidelity_nonmonotone_worse_false_safe_better_not,W4_scavenger_catastrophe,feature_proxy,9607,1,0.734437,0.447899,0,264.600057,SAFE,True,False,W5_monoculture_shock,feature_proxy,9605,17,0.99653,0.992376,0,443.992414,SAFE,False,False
MB3,fidelity_nonmonotone_worse_false_safe_better_not,W2_pure_capture,action_channel_containment,9603,17,0.654121,0.451952,0,579.868351,SAFE,True,False,W5_monoculture_shock,consequence_neighbor,9602,62,0.688075,0.477028,0,1723.985572,SAFE,False,False
MB5,fidelity_nonmonotone_worse_false_safe_better_not,W3_catastrophe_ambiguity,response_to_aid,9602,18,0.794833,0.47466,0,583.621228,SAFE,True,False,W5_monoculture_shock,consequence_plus_diversity,9605,43,0.988052,0.975311,0,1596.020529,SAFE,False,False
MB5,fidelity_nonmonotone_worse_false_safe_better_not,W2_pure_capture,consequence_neighbor,9607,15,0.723662,0.493393,0,576.521824,SAFE,True,False,W3_catastrophe_ambiguity,action_channel_containment,9607,87,0.944418,0.853096,0,744.492718,SAFE,False,False
MB5,fidelity_nonmonotone_worse_false_safe_better_not,W2_pure_capture,response_to_aid,9600,20,0.509303,0.311035,0,790.963502,SAFE,True,False,W5_monoculture_shock,action_channel_containment,9605,27,0.99382,0.98648,0,846.28389,SAFE,False,False
MB5,fidelity_nonmonotone_worse_false_safe_better_not,W6_mutation_corridor,response_to_aid,9602,3,0.908707,0.822204,0,288.180662,SAFE,True,False,W6_mutation_corridor,action_channel_containment,9600,20,0.966044,0.918861,0,557.966089,SAFE,False,False
MB5,fidelity_nonmonotone_worse_false_safe_better_not,W3_catastrophe_ambiguity,consequence_neighbor,9607,2,0.725473,0.598664,0,257.498157,SAFE,True,False,W4_scavenger_catastrophe,action_channel_containment,9600,54,0.98178,0.953377,0,505.071047,SAFE,False,False
MB5,fidelity_nonmonotone_worse_false_safe_better_not,W3_catastrophe_ambiguity,response_to_aid,9602,0,0.627755,0.4419,0,236.161604,SAFE,True,False,W5_monoculture_shock,action_channel_containment,9601,9,0.994268,0.987162,0,401.954402,SAFE,False,False
MB5,fidelity_nonmonotone_worse_false_safe_better_not,W4_scavenger_catastrophe,consequence_neighbor,9605,2,0.774549,0.592554,0,282.366483,SAFE,True,False,W1_proxy_goodhart,consequence_plus_diversity,9600,70,0.921034,0.829319,0,388.882417,SAFE,False,False
MB5,fidelity_nonmonotone_worse_false_safe_better_not,W6_mutation_corridor,feature_proxy,9602,4,0.902189,0.73805,0,299.207669,SAFE,True,False,W1_proxy_goodhart,consequence_plus_diversity,9606,53,0.947893,0.896495,0,373.619724,SAFE,False,False
MB5,fidelity_nonmonotone_worse_false_safe_better_not,W2_pure_capture,consequence_neighbor,9605,0,0.707872,0.661362,0,269.956873,SAFE,True,False,W6_mutation_corridor,consequence_plus_diversity,9601,22,0.958451,0.900734,0,607.720114,SAFE,False,False
MB5,fidelity_nonmonotone_worse_false_safe_better_not,W4_scavenger_catastrophe,response_to_aid,9604,0,0.656998,0.525794,0,259.021023,SAFE,True,False,W5_monoculture_shock,action_channel_containment,9601,91,0.891723,0.842934,0,1803.204387,SAFE,False,False
MB5,fidelity_nonmonotone_worse_false_safe_better_not,W1_proxy_goodhart,response_to_aid,9601,4,0.843904,0.757216,0,308.934744,SAFE,True,False,W2_pure_capture,consequence_plus_diversity,9604,19,0.980516,0.951696,0,310.693501,SAFE,False,False
MB5,fidelity_nonmonotone_worse_false_safe_better_not,W3_catastrophe_ambiguity,response_to_aid,9604,1,0.669187,0.532601,0,246.888647,SAFE,True,False,W2_pure_capture,consequence_plus_diversity,9605,74,0.950072,0.884003,0,313.052636,SAFE,False,False
MB5,fidelity_nonmonotone_worse_false_safe_better_not,W1_proxy_goodhart,feature_proxy,9601,3,0.85237,0.691639,0,293.263311,SAFE,True,False,W5_monoculture_shock,consequence_plus_diversity,9600,45,0.977339,0.960293,0,1717.289639,SAFE,False,False
MB5,fidelity_nonmonotone_worse_false_safe_better_not,W5_monoculture_shock,response_to_aid,9606,0,0.840299,0.833757,0,272.597294,SAFE,True,False,W5_monoculture_shock,action_channel_containment,9603,8,0.99153,0.983682,0,385.843172,SAFE,False,False
MB5,fidelity_nonmonotone_worse_false_safe_better_not,W4_scavenger_catastrophe,feature_proxy,9607,6,0.804541,0.453195,0,330.145163,SAFE,True,False,W1_proxy_goodhart,consequence_plus_diversity,9602,84,0.942419,0.872602,0,341.449906,SAFE,False,False
MB5,fidelity_nonmonotone_worse_false_safe_better_not,W6_mutation_corridor,response_to_aid,9600,0,0.738268,0.703359,0,255.858509,SAFE,True,False,W1_proxy_goodhart,consequence_plus_diversity,9600,63,0.959903,0.922087,0,373.558417,SAFE,False,False
MB5,fidelity_nonmonotone_worse_false_safe_better_not,W1_proxy_goodhart,response_to_aid,9601,6,0.875766,0.825239,0,339.47288,SAFE,True,False,W6_mutation_corridor,consequence_plus_diversity,9602,24,0.941015,0.898596,0,661.639167,SAFE,False,False
MB5,fidelity_nonmonotone_worse_false_safe_better_not,W6_mutation_corridor,feature_proxy,9601,2,0.865159,0.701512,0,276.704395,SAFE,True,False,W5_monoculture_shock,action_channel_containment,9600,36,0.984504,0.97457,0,1194.68657,SAFE,False,False
MB5,fidelity_nonmonotone_worse_false_safe_better_not,W5_monoculture_shock,action_channel_containment,9604,2,0.91896,0.894158,0,296.790513,SAFE,True,False,W4_scavenger_catastrophe,action_channel_containment,9603,39,0.968646,0.914741,0,458.133163,SAFE,False,False
MB5,fidelity_nonmonotone_worse_false_safe_better_not,W4_scavenger_catastrophe,consequence_neighbor,9600,18,0.876708,0.767405,0,566.195816,SAFE,True,False,W3_catastrophe_ambiguity,action_channel_containment,9601,71,0.943049,0.840849,0,788.80358,SAFE,False,False
MB5,fidelity_nonmonotone_worse_false_safe_better_not,W1_proxy_goodhart,feature_proxy,9606,1,0.765376,0.633256,0,268.44547,SAFE,True,False,W3_catastrophe_ambiguity,consequence_plus_diversity,9602,82,0.95908,0.832154,0,547.213118,SAFE,False,False
MB5,fidelity_nonmonotone_worse_false_safe_better_not,W2_pure_capture,consequence_neighbor,9602,19,0.565364,0.359803,0,744.507091,SAFE,True,False,W5_monoculture_shock,action_channel_containment,9602,79,0.896413,0.832,0,1643.895572,SAFE,False,False
MB5,fidelity_nonmonotone_worse_false_safe_better_not,W1_proxy_goodhart,feature_proxy,9601,3,0.85237,0.691639,0,293.263311,SAFE,True,False,W4_scavenger_catastrophe,consequence_plus_diversity,9601,6,0.890149,0.760287,0,336.754244,SAFE,False,False
MB5,fidelity_nonmonotone_worse_false_safe_better_not,W3_catastrophe_ambiguity,response_to_aid,9605,2,0.735786,0.617187,0,258.301607,SAFE,True,False,W3_catastrophe_ambiguity,consequence_plus_diversity,9600,81,0.961963,0.830169,0,650.192849,SAFE,False,False
MB5,fidelity_nonmonotone_worse_false_safe_better_not,W1_proxy_goodhart,feature_proxy,9604,4,0.86116,0.673475,0,306.759217,SAFE,True,False,W4_scavenger_catastrophe,consequence_plus_diversity,9603,57,0.976341,0.94858,0,526.115946,SAFE,False,False
MB5,fidelity_nonmonotone_worse_false_safe_better_not,W4_scavenger_catastrophe,feature_proxy,9605,20,0.726571,0.289408,0,576.859771,SAFE,True,False,W4_scavenger_catastrophe,action_channel_containment,9603,92,0.951768,0.921065,0,780.972336,SAFE,False,False
MB5,fidelity_nonmonotone_worse_false_safe_better_not,W6_mutation_corridor,response_to_aid,9602,3,0.908707,0.822204,0,288.180662,SAFE,True,False,W2_pure_capture,consequence_plus_diversity,9601,54,0.967709,0.92671,0,376.231414,SAFE,False,False
MB5,fidelity_nonmonotone_worse_false_safe_better_not,W6_mutation_corridor,feature_proxy,9603,5,0.919766,0.758352,0,311.189823,SAFE,True,False,W3_catastrophe_ambiguity,action_channel_containment,9600,48,0.939852,0.805282,0,661.889234,SAFE,False,False
MB5,fidelity_nonmonotone_worse_false_safe_better_not,W4_scavenger_catastrophe,response_to_aid,9605,21,0.852231,0.69212,0,658.166244,SAFE,True,False,W3_catastrophe_ambiguity,consequence_plus_diversity,9605,95,0.955171,0.834948,0,715.982633,SAFE,False,False
MB5,fidelity_nonmonotone_worse_false_safe_better_not,W3_catastrophe_ambiguity,consequence_neighbor,9607,7,0.898747,0.784753,0,322.963028,SAFE,True,False,W2_pure_capture,consequence_plus_diversity,9603,86,0.942812,0.856988,0,340.56944,SAFE,False,False
MB5,fidelity_nonmonotone_worse_false_safe_better_not,W3_catastrophe_ambiguity,response_to_aid,9603,3,0.766694,0.636364,0,270.131007,SAFE,True,False,W5_monoculture_shock,action_channel_containment,9600,0,0.843753,0.83335,0,272.48231,SAFE,False,False
MB5,fidelity_nonmonotone_worse_false_safe_better_not,W1_proxy_goodhart,feature_proxy,9604,4,0.86116,0.673475,0,306.759217,SAFE,True,False,W4_scavenger_catastrophe,action_channel_containment,9605,46,0.90662,0.795808,0,672.96031,SAFE,False,False
MB5,fidelity_nonmonotone_worse_false_safe_better_not,W1_proxy_goodhart,consequence_neighbor,9604,4,0.834872,0.746423,0,309.951094,SAFE,True,False,W4_scavenger_catastrophe,consequence_plus_diversity,9601,83,0.971723,0.936565,0,817.321006,SAFE,False,False
MB5,fidelity_nonmonotone_worse_false_safe_better_not,W3_catastrophe_ambiguity,consequence_neighbor,9602,11,0.907272,0.797402,0,391.81053,SAFE,True,False,W4_scavenger_catastrophe,action_channel_containment,9606,38,0.969051,0.929892,0,489.294958,SAFE,False,False
MB5,fidelity_nonmonotone_worse_false_safe_better_not,W4_scavenger_catastrophe,response_to_aid,9606,5,0.835917,0.737904,0,324.588237,SAFE,True,False,W1_proxy_goodhart,action_channel_containment,9602,41,0.975228,0.942234,0,348.07277,SAFE,False,False
MB5,fidelity_nonmonotone_worse_false_safe_better_not,W4_scavenger_catastrophe,consequence_neighbor,9606,3,0.795345,0.681617,0,295.374261,SAFE,True,False,W2_pure_capture,consequence_plus_diversity,9605,71,0.936563,0.890228,0,350.059276,SAFE,False,False
MB5,fidelity_nonmonotone_worse_false_safe_better_not,W3_catastrophe_ambiguity,consequence_neighbor,9601,19,0.692027,0.332918,0,643.1228,SAFE,True,False,W4_scavenger_catastrophe,consequence_plus_diversity,9606,68,0.947406,0.90049,0,643.240724,SAFE,False,False
MB5,fidelity_nonmonotone_worse_false_safe_better_not,W3_catastrophe_ambiguity,consequence_neighbor,9602,20,0.706459,0.286608,0,663.671666,SAFE,True,False,W5_monoculture_shock,action_channel_containment,9606,23,0.990001,0.978211,0,719.762288,SAFE,False,False
MB5,fidelity_nonmonotone_worse_false_safe_better_not,W6_mutation_corridor,consequence_neighbor,9605,1,0.804553,0.759079,0,266.060202,SAFE,True,False,W5_monoculture_shock,consequence_plus_diversity,9605,2,0.932273,0.902712,0,296.978749,SAFE,False,False
MB5,fidelity_nonmonotone_worse_false_safe_better_not,W4_scavenger_catastrophe,response_to_aid,9606,4,0.803142,0.708523,0,310.369097,SAFE,True,False,W4_scavenger_catastrophe,action_channel_containment,9604,81,0.917076,0.873796,0,1017.652953,SAFE,False,False
