dag_size,edge_probability,depth,relation,class_count,entropy,largest_class_fraction,singleton_fraction,class_count_ratio
4,0.15,1,feature,18,4.169925001442312,0.05555555555555555,0.0,0.029411764705882353
4,0.15,1,consequence,39,4.614014430597589,0.07352941176470588,0.0,0.06372549019607843
4,0.15,1,ast_identity,612,9.257387842692726,0.0016339869281045752,1.0,1.0
4,0.15,2,feature,36,5.106890595608519,0.03333333333333333,0.0,0.03529411764705882
4,0.15,2,consequence,101,5.866854616914525,0.04411764705882353,0.15841584158415842,0.09901960784313725
4,0.15,2,ast_identity,1020,9.994353436858685,0.000980392156862745,1.0,1.0
4,0.15,3,feature,44,5.16157083517629,0.05555555555555555,0.0,0.023965141612200435
4,0.15,3,consequence,213,6.992599217437062,0.024509803921568627,0.07511737089201878,0.11601307189542484
4,0.15,3,ast_identity,1836,10.842350343413823,0.0005446623093681918,1.0,1.0
4,0.15,4,feature,56,5.558953210005305,0.045454545454545456,0.0,0.024955436720142603
4,0.15,4,consequence,259,7.318612775343728,0.020053475935828877,0.10038610038610038,0.11541889483065954
4,0.15,4,ast_identity,2244,11.131856960608399,0.000445632798573975,1.0,1.0
4,0.15,5,feature,68,5.874644526332671,0.038461538461538464,0.0,0.02564102564102564
4,0.15,5,consequence,303,7.580861339423489,0.016968325791855202,0.11221122112211221,0.11425339366515837
4,0.15,5,ast_identity,2652,11.372865060112769,0.0003770739064856712,1.0,1.0
4,0.15,6,feature,74,5.891541406655652,0.0625,0.0,0.02267156862745098
4,0.15,6,consequence,406,7.9995302283515946,0.013786764705882353,0.0960591133004926,0.12438725490196079
4,0.15,6,ast_identity,3264,11.672425341971215,0.00030637254901960784,1.0,1.0
4,0.25,1,feature,18,4.169925001442312,0.05555555555555555,0.0,0.029411764705882353
4,0.25,1,consequence,37,4.593611500892645,0.0784313725490196,0.0,0.06045751633986928
4,0.25,1,ast_identity,612,9.257387842692726,0.0016339869281045752,1.0,1.0
4,0.25,2,feature,36,5.106890595608519,0.03333333333333333,0.0,0.03529411764705882
4,0.25,2,consequence,97,5.857988300324792,0.047058823529411764,0.14432989690721648,0.09509803921568627
4,0.25,2,ast_identity,1020,9.994353436858685,0.000980392156862745,1.0,1.0
4,0.25,3,feature,44,5.16157083517629,0.05555555555555555,0.0,0.023965141612200435
4,0.25,3,consequence,229,7.095516967436135,0.026143790849673203,0.0611353711790393,0.1247276688453159
4,0.25,3,ast_identity,1836,10.842350343413823,0.0005446623093681918,1.0,1.0
4,0.25,4,feature,56,5.558953210005305,0.045454545454545456,0.0,0.024955436720142603
4,0.25,4,consequence,283,7.430123460900725,0.0213903743315508,0.10247349823321555,0.12611408199643495
4,0.25,4,ast_identity,2244,11.131856960608399,0.000445632798573975,1.0,1.0
4,0.25,5,feature,68,5.874644526332671,0.038461538461538464,0.0,0.02564102564102564
4,0.25,5,consequence,328,7.682950579186179,0.01809954751131222,0.10975609756097561,0.12368024132730016
4,0.25,5,ast_identity,2652,11.372865060112769,0.0003770739064856712,1.0,1.0
4,0.25,6,feature,74,5.891541406655652,0.0625,0.0,0.02267156862745098
4,0.25,6,consequence,459,8.136555459040604,0.014705882352941176,0.10457516339869281,0.140625
4,0.25,6,ast_identity,3264,11.672425341971215,0.00030637254901960784,1.0,1.0
4,0.35,1,feature,18,4.169925001442312,0.05555555555555555,0.0,0.029411764705882353
4,0.35,1,consequence,51,5.057354713899933,0.06372549019607843,0.0,0.08333333333333333
4,0.35,1,ast_identity,612,9.257387842692726,0.0016339869281045752,1.0,1.0
4,0.35,2,feature,36,5.106890595608519,0.03333333333333333,0.0,0.03529411764705882
4,0.35,2,consequence,131,6.268428645924257,0.03823529411764706,0.1984732824427481,0.1284313725490196
4,0.35,2,ast_identity,1020,9.994353436858685,0.000980392156862745,1.0,1.0
4,0.35,3,feature,44,5.16157083517629,0.05555555555555555,0.0,0.023965141612200435
4,0.35,3,consequence,285,7.459097430063214,0.021241830065359478,0.0912280701754386,0.15522875816993464
4,0.35,3,ast_identity,1836,10.842350343413823,0.0005446623093681918,1.0,1.0
4,0.35,4,feature,56,5.558953210005305,0.045454545454545456,0.0,0.024955436720142603
4,0.35,4,consequence,354,7.772244961131231,0.017379679144385027,0.14124293785310735,0.15775401069518716
4,0.35,4,ast_identity,2244,11.131856960608399,0.000445632798573975,1.0,1.0
4,0.35,5,feature,68,5.874644526332671,0.038461538461538464,0.0,0.02564102564102564
4,0.35,5,consequence,407,7.995575620203239,0.014705882352941176,0.15233415233415235,0.15346907993966818
4,0.35,5,ast_identity,2652,11.372865060112769,0.0003770739064856712,1.0,1.0
4,0.35,6,feature,74,5.891541406655652,0.0625,0.0,0.02267156862745098
4,0.35,6,consequence,555,8.440822166859713,0.011948529411764705,0.13513513513513514,0.17003676470588236
4,0.35,6,ast_identity,3264,11.672425341971215,0.00030637254901960784,1.0,1.0
6,0.15,1,feature,45,5.491853096329673,0.022222222222222223,0.0,0.029411764705882353
6,0.15,1,consequence,94,5.795914896297271,0.03333333333333333,0.0,0.06143790849673202
6,0.15,1,ast_identity,1530,10.579315937580205,0.00065359477124183,1.0,1.0
6,0.15,2,feature,90,6.428818690495882,0.013333333333333334,0.0,0.03529411764705882
6,0.15,2,consequence,247,7.073174089826436,0.02,0.20647773279352227,0.09686274509803922
6,0.15,2,ast_identity,2550,11.316281531746432,0.000392156862745098,1.0,1.0
6,0.15,3,feature,130,6.9238592701610475,0.013507625272331155,0.0,0.02832244008714597
6,0.15,3,consequence,732,8.586063772251531,0.011111111111111112,0.31010928961748635,0.15947712418300652
6,0.15,3,ast_identity,4590,12.164278438301634,0.00021786492374727668,1.0,1.0
6,0.15,4,feature,190,7.501437472056713,0.009351432880844645,0.0,0.02865761689291101
6,0.15,4,consequence,988,9.104153929061683,0.007692307692307693,0.3157894736842105,0.14901960784313725
6,0.15,4,ast_identity,6630,12.694793154998672,0.00015082956259426848,1.0,1.0
6,0.15,5,feature,250,7.913376557917216,0.007151095732410611,0.0,0.02883506343713956
6,0.15,5,consequence,1215,9.466197431679776,0.0058823529411764705,0.3045267489711934,0.14013840830449828
6,0.15,5,ast_identity,8670,13.0818162781096,0.00011534025374855825,1.0,1.0
6,0.15,6,feature,340,8.281533639576006,0.005788982259570495,0.0,0.031746031746031744
6,0.15,6,consequence,2086,10.154970812273607,0.004761904761904762,0.3887823585810163,0.19477124183006536
6,0.15,6,ast_identity,10710,13.386670859634236,9.337068160597572e-05,1.0,1.0
6,0.25,1,feature,45,5.491853096329673,0.022222222222222223,0.0,0.029411764705882353
6,0.25,1,consequence,126,6.294708048230404,0.029411764705882353,0.0,0.08235294117647059
6,0.25,1,ast_identity,1530,10.579315937580205,0.00065359477124183,1.0,1.0
6,0.25,2,feature,90,6.428818690495882,0.013333333333333334,0.0,0.03529411764705882
6,0.25,2,consequence,319,7.502650988573723,0.01764705882352941,0.2006269592476489,0.12509803921568627
6,0.25,2,ast_identity,2550,11.316281531746432,0.000392156862745098,1.0,1.0
6,0.25,3,feature,130,6.924135439741401,0.013725490196078431,0.0,0.02832244008714597
6,0.25,3,consequence,977,9.090947032704223,0.00980392156862745,0.3091095189355169,0.21285403050108934
6,0.25,3,ast_identity,4590,12.164278438301634,0.00021786492374727668,1.0,1.0
6,0.25,4,feature,190,7.501628666381576,0.009502262443438913,0.0,0.02865761689291101
6,0.25,4,consequence,1328,9.566258037067605,0.006787330316742082,0.32680722891566266,0.20030165912518855
6,0.25,4,ast_identity,6630,12.694793154998672,0.00015082956259426848,1.0,1.0
6,0.25,5,feature,250,7.91352276534211,0.00726643598615917,0.0,0.02883506343713956
6,0.25,5,consequence,1586,9.855618268293098,0.005190311418685121,0.3146279949558638,0.18292964244521337
6,0.25,5,ast_identity,8670,13.0818162781096,0.00011534025374855825,1.0,1.0
6,0.25,6,feature,340,8.279671618367418,0.0058823529411764705,0.0,0.031746031746031744
6,0.25,6,consequence,2692,10.549368575055452,0.004201680672268907,0.4338781575037147,0.25135387488328664
6,0.25,6,ast_identity,10710,13.386670859634236,9.337068160597572e-05,1.0,1.0
6,0.35,1,feature,45,5.491853096329673,0.022222222222222223,0.0,0.029411764705882353
6,0.35,1,consequence,145,6.660806080574882,0.025490196078431372,0.0,0.09477124183006536
6,0.35,1,ast_identity,1530,10.579315937580205,0.00065359477124183,1.0,1.0
6,0.35,2,feature,90,6.428818690495882,0.013333333333333334,0.0,0.03529411764705882
6,0.35,2,consequence,368,7.827446900973214,0.015294117647058824,0.20652173913043478,0.14431372549019608
6,0.35,2,ast_identity,2550,11.316281531746432,0.000392156862745098,1.0,1.0
6,0.35,3,feature,130,6.9254256352709085,0.013289760348583878,0.0,0.02832244008714597
6,0.35,3,consequence,1109,9.396491825596044,0.00849673202614379,0.3155996393146979,0.24161220043572984
6,0.35,3,ast_identity,4590,12.164278438301634,0.00021786492374727668,1.0,1.0
6,0.35,4,feature,190,7.502521878671234,0.009200603318250377,0.0,0.02865761689291101
6,0.35,4,consequence,1528,9.851170365944869,0.0058823529411764705,0.3416230366492147,0.23046757164404222
6,0.35,4,ast_identity,6630,12.694793154998672,0.00015082956259426848,1.0,1.0
6,0.35,5,feature,250,7.914205810034201,0.007035755478662053,0.0,0.02883506343713956
6,0.35,5,consequence,1819,10.105660655746489,0.004498269896193772,0.331500824628917,0.20980392156862746
6,0.35,5,ast_identity,8670,13.0818162781096,0.00011534025374855825,1.0,1.0
6,0.35,6,feature,340,8.27933486394831,0.005695611577964519,0.0,0.031746031746031744
6,0.35,6,consequence,3045,10.786759781852576,0.0036414565826330533,0.45714285714285713,0.28431372549019607
6,0.35,6,ast_identity,10710,13.386670859634236,9.337068160597572e-05,1.0,1.0
8,0.15,1,feature,84,6.382305845815558,0.01568627450980392,0.0,0.041176470588235294
8,0.15,1,consequence,207,6.957268628565247,0.018627450980392157,0.09178743961352658,0.10147058823529412
8,0.15,1,ast_identity,2040,10.994353436859232,0.0004901960784313725,1.0,1.0
8,0.15,2,feature,168,7.345264745234648,0.008620689655172414,0.0,0.04259634888438134
8,0.15,2,consequence,529,8.275040038713334,0.009634888438133874,0.2608695652173913,0.13412778904665315
8,0.15,2,ast_identity,3944,11.945443836378228,0.0002535496957403651,1.0,1.0
8,0.15,3,feature,280,8.078733336369028,0.005681818181818182,0.0,0.04679144385026738
8,0.15,3,consequence,1533,9.671840257226105,0.006350267379679145,0.43966079582517936,0.2561831550802139
8,0.15,3,ast_identity,5984,12.54689445988944,0.00016711229946524063,1.0,1.0
8,0.15,4,feature,448,8.713017346584108,0.00423728813559322,0.0,0.05583250249252243
8,0.15,4,consequence,2107,10.267888804545063,0.004735792622133599,0.41813004271476034,0.2625872382851446
8,0.15,4,ast_identity,8024,12.970105890610046,0.0001246261216350947,1.0,1.0
8,0.15,5,feature,616,9.16529306521096,0.0033783783783783786,0.0,0.06120826709062003
8,0.15,5,consequence,2618,10.674304968639932,0.0037758346581875995,0.39228418640183343,0.26013513513513514
8,0.15,5,ast_identity,10064,13.296916206877794,9.936406995230525e-05,1.0,1.0
8,0.15,6,feature,1011,9.660367052205912,0.0028089887640449437,0.05539070227497527,0.0835261070720423
8,0.15,6,consequence,4255,11.310483403684918,0.0031394580304031725,0.5501762632197414,0.35153668208856576
8,0.15,6,ast_identity,12104,13.563196272212977,8.261731658955717e-05,1.0,1.0
8,0.25,1,feature,84,6.383405288183895,0.014705882352941176,0.0,0.041176470588235294
8,0.25,1,consequence,279,7.634353695925038,0.013725490196078431,0.053763440860215055,0.13676470588235295
8,0.25,1,ast_identity,2040,10.994353436859232,0.0004901960784313725,1.0,1.0
8,0.25,2,feature,168,7.345833422321718,0.008620689655172414,0.0,0.04259634888438134
8,0.25,2,consequence,713,8.870081236822294,0.007099391480730223,0.2314165497896213,0.18078093306288032
8,0.25,2,ast_identity,3944,11.945443836378228,0.0002535496957403651,1.0,1.0
8,0.25,3,feature,280,8.077215200993985,0.005681818181818182,0.0,0.04679144385026738
8,0.25,3,consequence,2013,10.232776752667776,0.004679144385026738,0.48484848484848486,0.33639705882352944
8,0.25,3,ast_identity,5984,12.54689445988944,0.00016711229946524063,1.0,1.0
8,0.25,4,feature,448,8.712335343649903,0.00423728813559322,0.0,0.05583250249252243
8,0.25,4,consequence,2852,10.824751201343965,0.003489531405782652,0.48632538569424966,0.35543369890329013
8,0.25,4,ast_identity,8024,12.970105890610046,0.0001246261216350947,1.0,1.0
8,0.25,5,feature,616,9.16347062323616,0.0033783783783783786,0.0,0.06120826709062003
8,0.25,5,consequence,3453,11.158187829633144,0.0027821939586645467,0.4610483637416739,0.34310413354531
8,0.25,5,ast_identity,10064,13.296916206877794,9.936406995230525e-05,1.0,1.0
8,0.25,6,feature,1015,9.665681804495271,0.0028089887640449437,0.05517241379310345,0.08385657633840053
8,0.25,6,consequence,5271,11.746521241138108,0.002313284864507601,0.6099411876304307,0.43547587574355584
8,0.25,6,ast_identity,12104,13.563196272212977,8.261731658955717e-05,1.0,1.0
8,0.35,1,feature,84,6.383574254440184,0.014215686274509804,0.0,0.041176470588235294
8,0.35,1,consequence,315,7.861339390642522,0.013235294117647059,0.08888888888888889,0.15441176470588236
8,0.35,1,ast_identity,2040,10.994353436859232,0.0004901960784313725,1.0,1.0
8,0.35,2,feature,168,7.345920818661182,0.008620689655172414,0.0,0.04259634888438134
8,0.35,2,consequence,807,9.094821012961113,0.006845841784989858,0.265179677819083,0.20461460446247465
8,0.35,2,ast_identity,3944,11.945443836378228,0.0002535496957403651,1.0,1.0
8,0.35,3,feature,280,8.075841230027553,0.005681818181818182,0.0,0.04679144385026738
8,0.35,3,consequence,2181,10.41808480144266,0.004512032085561497,0.5066483264557542,0.36447192513368987
8,0.35,3,ast_identity,5984,12.54689445988944,0.00016711229946524063,1.0,1.0
8,0.35,4,feature,448,8.709696908189786,0.00423728813559322,0.0,0.05583250249252243
8,0.35,4,consequence,3162,11.043335394396316,0.003364905284147557,0.4974699557242252,0.3940677966101695
8,0.35,4,ast_identity,8024,12.970105890610046,0.0001246261216350947,1.0,1.0
8,0.35,5,feature,616,9.161553466782957,0.0033783783783783786,0.0,0.06120826709062003
8,0.35,5,consequence,3834,11.357604807494805,0.0026828298887122417,0.48200312989045385,0.3809618441971383
8,0.35,5,ast_identity,10064,13.296916206877794,9.936406995230525e-05,1.0,1.0
8,0.35,6,feature,1017,9.661641553824706,0.0028089887640449437,0.06489675516224189,0.08402181097157964
8,0.35,6,consequence,5718,11.924459571668082,0.002230667547918044,0.6267925848198671,0.4724058162590879
8,0.35,6,ast_identity,12104,13.563196272212977,8.261731658955717e-05,1.0,1.0
10,0.15,1,feature,135,7.047788711842075,0.010784313725490196,0.0,0.0661764705882353
10,0.15,1,consequence,339,7.632864342110127,0.012254901960784314,0.26253687315634217,0.1661764705882353
10,0.15,1,ast_identity,2040,10.994353436859232,0.0004901960784313725,1.0,1.0
10,0.15,2,feature,270,8.017800248406827,0.006862745098039216,0.0,0.0661764705882353
10,0.15,2,consequence,817,8.943220525076885,0.006127450980392157,0.40269277845777235,0.2002450980392157
10,0.15,2,ast_identity,4080,11.994353436858642,0.00024509803921568627,1.0,1.0
10,0.15,3,feature,510,8.870589483384503,0.004575163398692811,0.0,0.08333333333333333
10,0.15,3,consequence,2144,10.269695157370126,0.004084967320261438,0.5676305970149254,0.3503267973856209
10,0.15,3,ast_identity,6120,12.579315937578388,0.0001633986928104575,1.0,1.0
10,0.15,4,feature,869,9.557341639334547,0.003431372549019608,0.00805523590333717,0.10649509803921568
10,0.15,4,consequence,3073,10.916943204078363,0.0030637254901960784,0.5252196550602017,0.37659313725490196
10,0.15,4,ast_identity,8160,12.99435343686073,0.00012254901960784314,1.0,1.0
10,0.15,5,feature,1229,10.043796220951617,0.0027450980392156863,0.009764035801464606,0.12049019607843137
10,0.15,5,consequence,3941,11.361848785936523,0.0024509803921568627,0.48693225069779245,0.3863725490196078
10,0.15,5,ast_identity,10200,13.316281531744513,9.80392156862745e-05,1.0,1.0
10,0.15,6,feature,2104,10.600588802434514,0.0022875816993464053,0.1796577946768061,0.1718954248366013
10,0.15,6,consequence,5818,11.923186236208542,0.002042483660130719,0.6266758336198006,0.4753267973856209
10,0.15,6,ast_identity,12240,13.579315937580242,8.169934640522875e-05,1.0,1.0
10,0.25,1,feature,135,7.048994337341414,0.010294117647058823,0.0,0.0661764705882353
10,0.25,1,consequence,457,8.393181611654335,0.00784313725490196,0.2188183807439825,0.22401960784313726
10,0.25,1,ast_identity,2040,10.994353436859232,0.0004901960784313725,1.0,1.0
10,0.25,2,feature,270,8.007226695455573,0.007598039215686274,0.0,0.0661764705882353
10,0.25,2,consequence,1118,9.6184584311278,0.00392156862745098,0.3622540250447227,0.2740196078431373
10,0.25,2,ast_identity,4080,11.994353436858642,0.00024509803921568627,1.0,1.0
10,0.25,3,feature,510,8.867555536706503,0.005065359477124183,0.0,0.08333333333333333
10,0.25,3,consequence,2793,10.868673562418603,0.00261437908496732,0.6337271750805585,0.45637254901960783
10,0.25,3,ast_identity,6120,12.579315937578388,0.0001633986928104575,1.0,1.0
10,0.25,4,feature,870,9.558224220192182,0.003799019607843137,0.006896551724137931,0.10661764705882353
10,0.25,4,consequence,4080,11.494479238100931,0.00196078431372549,0.6348039215686274,0.5
10,0.25,4,ast_identity,8160,12.99435343686073,0.00012254901960784314,1.0,1.0
10,0.25,5,feature,1230,10.042155422106552,0.00303921568627451,0.013008130081300813,0.12058823529411765
10,0.25,5,consequence,5092,11.860659908330899,0.001568627450980392,0.6093872741555381,0.4992156862745098
10,0.25,5,ast_identity,10200,13.316281531744513,9.80392156862745e-05,1.0,1.0
10,0.25,6,feature,2120,10.603442863384172,0.0025326797385620916,0.18443396226415093,0.17320261437908496
10,0.25,6,consequence,7061,12.3544499156159,0.00130718954248366,0.7088231128735306,0.5768790849673202
10,0.25,6,ast_identity,12240,13.579315937580242,8.169934640522875e-05,1.0,1.0
10,0.35,1,feature,135,7.042749384386583,0.011538461538461539,0.0,0.08653846153846154
10,0.35,1,consequence,461,8.514856525220628,0.008333333333333333,0.22125813449023862,0.2955128205128205
10,0.35,1,ast_identity,1560,10.607330313749738,0.000641025641025641,1.0,1.0
10,0.35,2,feature,270,8.008024748714934,0.007051282051282051,0.0,0.08653846153846154
10,0.35,2,consequence,1133,9.73694516453669,0.004166666666666667,0.41394527802294795,0.3631410256410256
10,0.35,2,ast_identity,3120,11.607330313749934,0.0003205128205128205,1.0,1.0
10,0.35,3,feature,509,8.850279962047956,0.004700854700854701,0.0019646365422396855,0.10876068376068376
10,0.35,3,consequence,2449,10.835724755581285,0.002777777777777778,0.6423029808084932,0.5232905982905983
10,0.35,3,ast_identity,4680,12.192292814472085,0.00021367521367521368,1.0,1.0
10,0.35,4,feature,868,9.538521650814516,0.0035256410256410257,0.01728110599078341,0.1391025641025641
10,0.35,4,consequence,3656,11.467692870851064,0.0020833333333333333,0.6824398249452954,0.5858974358974359
10,0.35,4,ast_identity,6240,12.607330313749209,0.00016025641025641026,1.0,1.0
10,0.35,5,feature,1225,10.019917116274032,0.0028205128205128207,0.029387755102040815,0.15705128205128205
10,0.35,5,consequence,4628,11.844416299756013,0.0016666666666666668,0.6642178046672429,0.5933333333333334
10,0.35,5,ast_identity,7800,12.92925840863533,0.0001282051282051282,1.0,1.0
10,0.35,6,feature,2014,10.562511064486493,0.0023504273504273503,0.20953326713008938,0.21517094017094018
10,0.35,6,consequence,6153,12.280698440884533,0.001388888888888889,0.7419145132455712,0.6573717948717949
10,0.35,6,ast_identity,9360,13.192292814470308,0.00010683760683760684,1.0,1.0
