mode,seed,split,setting,R,gamma,p,C,kappa,true_permanence_hold,failure,final_corr_sa,mean_corr_sa,mean_adversary_concealment,final_adversary_concealment,mean_adversary_fitness,adversary_extinct,mean_adversary_share,caught_events,false_positive_events,steps_run
strategic,4100,heldout,r01,0.18181818181818182,0.0,0.0,0.0,0.0,0,1,-0.9999999999999999,0.08108108108108109,1.0,1.0,1.1132500725401822,0,0.8779092422817804,0,0,37
strategic,4101,heldout,r01,0.18181818181818182,0.0,0.0,0.0,0.0,0,1,-1.0,-0.14285714285714285,0.9968032945915762,0.9968032945915762,1.12266207353145,0,0.9293759062962978,0,0,21
strategic,4102,heldout,r01,0.18181818181818182,0.0,0.0,0.0,0.0,0,1,-1.0,0.22580645161290322,0.8721201749183247,0.9078344606326104,1.1134333397713614,0,0.9239102561587683,0,0,31
strategic,4103,heldout,r01,0.18181818181818182,0.0,0.0,0.0,0.0,0,1,-1.0,0.4074074074074074,0.9381255783436891,0.9381255783436891,1.1217784600762057,0,0.9269746229153331,0,0,27
strategic,4104,heldout,r01,0.18181818181818182,0.0,0.0,0.0,0.0,0,1,-0.9999999999999998,-0.0666666666666667,0.9959995893161521,1.0,1.1211364486130104,0,0.884567341097023,0,0,30
strategic,4105,heldout,r01,0.18181818181818182,0.0,0.0,0.0,0.0,0,1,-0.9999999999999999,0.4074074074074074,0.8761556578829803,0.9261556578829803,1.1153806724947697,0,0.9301891867052393,0,0,27
strategic,4106,heldout,r01,0.18181818181818182,0.0,0.0,0.0,0.0,0,1,-1.0,0.26666666666666666,0.9715029604764222,1.0,1.1130648501608504,0,0.8860478194253772,0,0,30
strategic,4107,heldout,r01,0.18181818181818182,0.0,0.0,0.0,0.0,0,1,-1.0,0.11764705882352941,0.9879697836696815,1.0,1.1089406951341083,0,0.8777400889867543,0,0,34
strategic,4108,heldout,r01,0.18181818181818182,0.0,0.0,0.0,0.0,0,1,-1.0,0.15384615384615385,0.9778355707883902,1.0,1.1178117956709759,0,0.913685907024807,0,0,26
strategic,4109,heldout,r01,0.18181818181818182,0.0,0.0,0.0,0.0,0,1,-0.9999999999999999,-0.3333333333333333,0.9602843227390429,1.0,1.1245887650342474,0,0.9147630138797478,0,0,24
strategic,4110,heldout,r01,0.18181818181818182,0.0,0.0,0.0,0.0,0,1,-1.0,0.08333333333333333,0.9872093523716615,1.0,1.1171705114814257,0,0.9119596030993882,0,0,24
strategic,4111,heldout,r01,0.18181818181818182,0.0,0.0,0.0,0.0,0,1,-0.9999999999999999,1.850371707708594e-17,1.0,1.0,1.1151969684924594,0,0.9168092834331834,0,0,24
strategic,4112,heldout,r01,0.18181818181818182,0.0,0.0,0.0,0.0,0,1,-1.0,0.16666666666666666,1.0,1.0,1.124222883888106,0,0.9277725600911045,0,0,24
strategic,4113,heldout,r01,0.18181818181818182,0.0,0.0,0.0,0.0,0,1,-0.9999999999999998,0.48148148148148145,0.8955239793228528,0.8955239793228527,1.1136601236470578,0,0.928232152357011,0,0,27
strategic,4114,heldout,r01,0.18181818181818182,0.0,0.0,0.0,0.0,0,1,-1.0,7.401486830834377e-18,0.981043620423989,1.0,1.114107832823142,0,0.9074884708349031,0,0,30
strategic,4115,heldout,r01,0.18181818181818182,0.0,0.0,0.0,0.0,0,1,-1.0,0.10344827586206896,0.9951291387207528,1.0,1.1149991878150713,0,0.9055856067034471,0,0,29
strategic,4116,heldout,r01,0.18181818181818182,0.0,0.0,0.0,0.0,0,1,-1.0,0.16129032258064516,0.9663474166117039,1.0,1.115210532143709,0,0.9138018332805949,0,0,31
strategic,4117,heldout,r01,0.18181818181818182,0.0,0.0,0.0,0.0,0,1,-1.0,-0.36,1.0,1.0,1.1281276988329048,0,0.9281857072224303,0,0,25
strategic,4118,heldout,r01,0.18181818181818182,0.0,0.0,0.0,0.0,0,1,-1.0,0.22580645161290322,0.950263353830729,1.0,1.1136872727791156,0,0.8944355958986778,0,0,31
strategic,4119,heldout,r01,0.18181818181818182,0.0,0.0,0.0,0.0,0,1,-0.9999999999999999,0.10344827586206896,0.9890816212819525,0.9890816212819525,1.1199639554864709,0,0.917530183379612,0,0,29
strategic,4120,heldout,r01,0.18181818181818182,0.0,0.0,0.0,0.0,0,1,-0.9999999999999999,0.0,0.9691305350045151,1.0,1.1163639752611,0,0.9142137155307039,0,0,24
strategic,4121,heldout,r01,0.18181818181818182,0.0,0.0,0.0,0.0,0,1,1.0,1.0,0.7665785386608059,0.811578538660806,1.1085876127685623,0,0.9115409927248456,0,0,43
strategic,4122,heldout,r01,0.18181818181818182,0.0,0.0,0.0,0.0,0,1,-1.0,0.12,1.0,1.0,1.1243634503532518,0,0.9223418700277706,0,0,25
strategic,4123,heldout,r01,0.18181818181818182,0.0,0.0,0.0,0.0,0,1,-0.9999999999999999,0.03703703703703703,0.9921641225662308,1.0,1.1182919822606745,0,0.922716064621917,0,0,27
strategic,4124,heldout,r01,0.18181818181818182,0.0,0.0,0.0,0.0,0,1,-1.0,0.47058823529411764,0.9104485291041386,0.9479485291041386,1.1150570934232384,0,0.8942604013813468,0,0,34
strategic,4125,heldout,r01,0.18181818181818182,0.0,0.0,0.0,0.0,0,1,-0.9999999999999998,0.14285714285714285,0.9418849011956179,0.9775991869099037,1.1182552769837077,0,0.8998405030003415,0,0,28
strategic,4126,heldout,r01,0.18181818181818182,0.0,0.0,0.0,0.0,0,1,-1.0,0.3548387096774194,0.9331870644231458,0.9831870644231457,1.1103852700448358,0,0.9034665613609405,0,0,31
strategic,4127,heldout,r01,0.18181818181818182,0.0,0.0,0.0,0.0,0,1,-1.0,0.4166666666666667,0.9565443657648304,1.0,1.1166742511427772,0,0.9107304156724627,0,0,24
strategic,4128,heldout,r01,0.18181818181818182,0.0,0.0,0.0,0.0,0,1,-1.0,0.5555555555555556,0.8739748462533488,0.9073081795866821,1.1125432207769397,0,0.9328188850831413,0,0,27
strategic,4129,heldout,r01,0.18181818181818182,0.0,0.0,0.0,0.0,0,1,-1.0,0.039999999999999966,1.0,1.0,1.1251636168572545,0,0.9209373369486151,0,0,25
strategic,4100,heldout,r02,0.3333333333333333,0.0,0.0,0.0,0.0,0,1,-1.0,-0.04545454545454544,0.9971011898697474,1.0,1.1208566796936177,0,0.8669708053023633,0,0,44
strategic,4101,heldout,r02,0.3333333333333333,0.0,0.0,0.0,0.0,0,1,-1.0,-0.36363636363636365,0.9987213178366305,1.0,1.1348155432613607,0,0.9378105711485045,0,0,22
strategic,4102,heldout,r02,0.3333333333333333,0.0,0.0,0.0,0.0,0,1,-1.0,0.3888888888888889,0.9906298801405801,1.0,1.122053960635509,0,0.8935704692221454,0,0,36
strategic,4103,heldout,r02,0.3333333333333333,0.0,0.0,0.0,0.0,0,1,-1.0,-0.25925925925925924,0.9881255783436892,0.9881255783436892,1.1332365221533498,0,0.9301610229209891,0,0,27
strategic,4104,heldout,r02,0.3333333333333333,0.0,0.0,0.0,0.0,0,1,-0.9999999999999998,-0.27777777777777773,1.0,1.0,1.1289844126264148,0,0.9038908892256716,0,0,36
strategic,4105,heldout,r02,0.3333333333333333,0.0,0.0,0.0,0.0,0,1,-0.9999999999999999,-0.6666666666666666,0.967822324549647,0.9761556578829803,1.1342158204240176,0,0.9265634883828237,0,0,24
strategic,4106,heldout,r02,0.3333333333333333,0.0,0.0,0.0,0.0,0,1,-1.0,0.047619047619047616,0.8751735744449849,0.900173574444985,1.1170320327698349,0,0.885760141701702,0,0,42
strategic,4107,heldout,r02,0.3333333333333333,0.0,0.0,0.0,0.0,0,1,-1.0,-0.05,1.0,1.0,1.1190198214164784,0,0.8699958404813077,0,0,40
strategic,4108,heldout,r02,0.3333333333333333,0.0,0.0,0.0,0.0,0,1,-1.0,0.0625,0.9583766780912927,1.0,1.1242276191046203,0,0.9045645592001302,0,0,32
strategic,4109,heldout,r02,0.3333333333333333,0.0,0.0,0.0,0.0,0,1,-1.0,-0.3333333333333333,1.0,1.0,1.1342271167820281,0,0.9341109822675895,0,0,27
strategic,4110,heldout,r02,0.3333333333333333,0.0,0.0,0.0,0.0,0,1,-1.0,-0.125,0.9936046761858307,1.0,1.1223756026806293,0,0.9086316228983531,0,0,32
strategic,4111,heldout,r02,0.3333333333333333,0.0,0.0,0.0,0.0,0,1,-0.9999999999999998,-0.02702702702702702,0.9549241631315799,1.0,1.1158994804463043,0,0.8917869521834358,0,0,37
strategic,4112,heldout,r02,0.3333333333333333,0.0,0.0,0.0,0.0,0,1,-1.0,-0.25925925925925924,1.0,1.0,1.1314620556288062,0,0.928225407679112,0,0,27
strategic,4113,heldout,r02,0.3333333333333333,0.0,0.0,0.0,0.0,0,1,-0.9999999999999998,0.4285714285714285,0.9795714922460698,1.0,1.1171267790974952,0,0.8891241474450874,0,0,35
strategic,4114,heldout,r02,0.3333333333333333,0.0,0.0,0.0,0.0,0,1,-0.9999999999999998,0.02857142857142863,1.0,1.0,1.12157934202804,0,0.9066364866985526,0,0,35
strategic,4115,heldout,r02,0.3333333333333333,0.0,0.0,0.0,0.0,0,1,-1.0,-0.02857142857142857,1.0,1.0,1.1232878258764267,0,0.9078802413608036,0,0,35
strategic,4116,heldout,r02,0.3333333333333333,0.0,0.0,0.0,0.0,0,1,-1.0,0.08571428571428572,1.0,1.0,1.1231297417170971,0,0.904257689763633,0,0,35
strategic,4117,heldout,r02,0.3333333333333333,0.0,0.0,0.0,0.0,0,1,-1.0,-0.35714285714285715,1.0,1.0,1.13521612169758,0,0.9245181962415343,0,0,28
strategic,4118,heldout,r02,0.3333333333333333,0.0,0.0,0.0,0.0,0,1,-1.0,0.0,0.9978187439292245,1.0,1.1214129725247695,0,0.9007816870418393,0,0,38
strategic,4119,heldout,r02,0.3333333333333333,0.0,0.0,0.0,0.0,0,1,-1.0,-0.26666666666666666,1.0,1.0,1.130016011699206,0,0.9231016512798423,0,0,30
strategic,4120,heldout,r02,0.3333333333333333,0.0,0.0,0.0,0.0,0,1,-1.0,-0.5833333333333334,1.0,1.0,1.1316328497767294,0,0.9247575652880423,0,0,24
strategic,4121,heldout,r02,0.3333333333333333,0.0,0.0,0.0,0.0,0,1,-0.9999999999999999,0.1282051282051282,1.0,1.0,1.124786498222332,0,0.8996070712031812,0,0,39
strategic,4122,heldout,r02,0.3333333333333333,0.0,0.0,0.0,0.0,0,1,-1.0,-0.16129032258064516,0.9671850537922675,0.9743279109351247,1.1283488864992892,0,0.9196624674056919,0,0,31
strategic,4123,heldout,r02,0.3333333333333333,0.0,0.0,0.0,0.0,0,1,-1.0,-0.06666666666666667,1.0,1.0,1.126019692959691,0,0.910651925698353,0,0,30
strategic,4124,heldout,r02,0.3333333333333333,0.0,0.0,0.0,0.0,0,1,-1.0,0.3,0.9979485291041387,0.9979485291041387,1.1229045019018704,0,0.8915540925310085,0,0,40
strategic,4125,heldout,r02,0.3333333333333333,0.0,0.0,0.0,0.0,0,1,-1.0,0.1111111111111111,0.9819995482832797,1.0,1.123090612123093,0,0.8955238530734392,0,0,36
strategic,4126,heldout,r02,0.3333333333333333,0.0,0.0,0.0,0.0,0,1,-1.0,0.0,0.9582419152644661,1.0,1.1217144711535842,0,0.9084356233103901,0,0,34
strategic,4127,heldout,r02,0.3333333333333333,0.0,0.0,0.0,0.0,0,1,-0.9999999999999999,-0.11111111111111106,0.9953860914412077,1.0,1.1266632737391287,0,0.927066395931646,0,0,27
strategic,4128,heldout,r02,0.3333333333333333,0.0,0.0,0.0,0.0,0,1,-1.0,0.5294117647058824,0.9652405673450057,1.0,1.1182277358708772,0,0.9129694827791681,0,0,34
strategic,4129,heldout,r02,0.3333333333333333,0.0,0.0,0.0,0.0,0,1,-1.0,0.2,1.0,1.0,1.12666178581634,0,0.9140182231260747,0,0,35
strategic,4100,heldout,r03,0.375,0.0,0.0,0.0,0.0,0,1,-0.9999999999999999,-0.21568627450980393,1.0,1.0,1.1302164426733121,0,0.8764969128087646,0,0,51
strategic,4101,heldout,r03,0.375,0.0,0.0,0.0,0.0,0,1,-1.0,-0.4814814814814814,1.0,1.0,1.1389469868181994,0,0.9306717790788402,0,0,27
strategic,4102,heldout,r03,0.375,0.0,0.0,0.0,0.0,0,1,-1.0,-0.17948717948717946,1.0,1.0,1.1334833992128728,0,0.9164400925798133,0,0,39
strategic,4103,heldout,r03,0.375,0.0,0.0,0.0,0.0,0,1,-0.9999999999999999,0.13333333333333333,1.0,1.0,1.126927051102025,0,0.868564015606066,0,0,60
strategic,4104,heldout,r03,0.375,0.0,0.0,0.0,0.0,0,1,-0.9999999999999998,-0.3809523809523809,1.0,1.0,1.1361916882921326,0,0.9070680149841379,0,0,42
strategic,4105,heldout,r03,0.375,0.0,0.0,0.0,0.0,0,1,-1.0,-0.7333333333333333,0.9863746616474174,1.0,1.1403452881019085,0,0.9297681404228049,0,0,30
strategic,4106,heldout,r03,0.375,0.0,0.0,0.0,0.0,0,1,-1.0,-0.20930232558139536,1.0,1.0,1.1312802802420732,0,0.8899862131845051,0,0,43
strategic,4107,heldout,r03,0.375,0.0,0.0,0.0,0.0,0,1,-1.0,-0.25,1.0,1.0,1.1286067836464342,0,0.87392175273128,0,0,48
strategic,4108,heldout,r03,0.375,0.0,0.0,0.0,0.0,0,1,-0.9999999999999999,-0.17073170731707313,0.9342533561825853,0.9792533561825854,1.129856066867608,0,0.8983659926333143,0,0,41
strategic,4109,heldout,r03,0.375,0.0,0.0,0.0,0.0,0,1,-0.9999999999999999,-0.45454545454545453,1.0,1.0,1.1388392882282297,0,0.9215610134629031,0,0,33
strategic,4110,heldout,r03,0.375,0.0,0.0,0.0,0.0,0,1,-1.0,-0.23076923076923078,1.0,1.0,1.1310600270687565,0,0.9122973916562379,0,0,39
strategic,4111,heldout,r03,0.375,0.0,0.0,0.0,0.0,0,1,-0.9999999999999999,-0.04545454545454542,1.0,1.0,1.125908447331477,0,0.8926285676510569,0,0,44
strategic,4112,heldout,r03,0.375,0.0,0.0,0.0,0.0,0,1,-1.0,-0.375,1.0,1.0,1.139285783971978,0,0.9213999115012268,0,0,32
strategic,4113,heldout,r03,0.375,0.0,0.0,0.0,0.0,0,1,-0.9999999999999998,0.19047619047619044,0.9964191834582822,1.0,1.1271445929150188,0,0.8821299268303117,0,0,42
strategic,4114,heldout,r03,0.375,0.0,0.0,0.0,0.0,0,1,-1.0,-0.16279069767441856,1.0,1.0,1.1300062956953767,0,0.9055161818612412,0,0,43
strategic,4115,heldout,r03,0.375,0.0,0.0,0.0,0.0,0,1,-1.0,-0.35135135135135137,1.0,1.0,1.1355739417720623,0,0.9074367520321963,0,0,37
strategic,4116,heldout,r03,0.375,0.0,0.0,0.0,0.0,0,1,-1.0,-0.13636363636363635,1.0,1.0,1.1305272883228699,0,0.8991670945751328,0,0,44
strategic,4117,heldout,r03,0.375,0.0,0.0,0.0,0.0,0,1,-0.9999999999999999,-0.3888888888888889,1.0,1.0,1.1386527533251445,0,0.9195637199877612,0,0,36
strategic,4118,heldout,r03,0.375,0.0,0.0,0.0,0.0,0,1,-0.9999999999999999,2.3129646346357427e-18,0.9852765215222655,1.0,1.1291657532671076,0,0.8793607600726657,0,0,48
strategic,4119,heldout,r03,0.375,0.0,0.0,0.0,0.0,0,1,-1.0,-0.2571428571428571,1.0,1.0,1.1386397227176117,0,0.9267225656331779,0,0,35
strategic,4120,heldout,r03,0.375,0.0,0.0,0.0,0.0,0,1,-1.0,-0.6551724137931034,1.0,1.0,1.1398123105478943,0,0.9266294561188477,0,0,29
strategic,4121,heldout,r03,0.375,0.0,0.0,0.0,0.0,0,1,-1.0,0.041666666666666664,1.0,1.0,1.1317008142340788,0,0.8841794439450462,0,0,48
strategic,4122,heldout,r03,0.375,0.0,0.0,0.0,0.0,0,1,-1.0,-0.4,1.0,1.0,1.1341880637392194,0,0.9165688148452886,0,0,40
strategic,4123,heldout,r03,0.375,0.0,0.0,0.0,0.0,0,1,-0.9999999999999999,-0.16666666666666663,1.0,1.0,1.1354152281352146,0,0.9064240796574405,0,0,36
strategic,4124,heldout,r03,0.375,0.0,0.0,0.0,0.0,0,1,-1.0,0.13725490196078433,0.9993161763680463,1.0,1.1296019640603447,0,0.8840560597899044,0,0,51
strategic,4125,heldout,r03,0.375,0.0,0.0,0.0,0.0,0,1,-1.0,-0.09090909090909091,1.0,1.0,1.130673778194987,0,0.8949029966553597,0,0,44
strategic,4126,heldout,r03,0.375,0.0,0.0,0.0,0.0,0,1,-1.0,-0.1794871794871795,0.9962637920940325,1.0,1.1307251009400083,0,0.9084815996659261,0,0,39
strategic,4127,heldout,r03,0.375,0.0,0.0,0.0,0.0,0,1,-0.9999999999999998,-0.2258064516129032,1.0,1.0,1.1347511513562534,0,0.9263957419038624,0,0,31
strategic,4128,heldout,r03,0.375,0.0,0.0,0.0,0.0,0,1,-1.0,-0.09090909090909091,0.966154089793341,1.0,1.133097639549359,0,0.9230099246728352,0,0,33
strategic,4129,heldout,r03,0.375,0.0,0.0,0.0,0.0,0,1,-0.9999999999999999,-0.23076923076923073,1.0,1.0,1.135626870131305,0,0.9135203784780855,0,0,39
strategic,4100,heldout,r04,0.5714285714285714,0.0,0.0,0.0,0.0,0,1,-1.0,-0.2982456140350877,1.0,1.0,1.1374873547822337,0,0.888852917314736,0,0,57
strategic,4101,heldout,r04,0.5714285714285714,0.0,0.0,0.0,0.0,0,1,-1.0,-0.5,1.0,1.0,1.144867911169758,0,0.9284748883963814,0,0,32
strategic,4102,heldout,r04,0.5714285714285714,0.0,0.0,0.0,0.0,0,1,-0.9999999999999999,-0.2727272727272727,1.0,1.0,1.1399771604075382,0,0.9023665162812547,0,0,44
strategic,4103,heldout,r04,0.5714285714285714,0.0,0.0,0.0,0.0,0,1,-0.9999999999999999,-0.3061224489795918,1.0,1.0,1.138398823870257,0,0.9154518792032541,0,0,49
strategic,4104,heldout,r04,0.5714285714285714,0.0,0.0,0.0,0.0,0,1,-0.9999999999999998,-0.3818181818181818,0.9946148317717433,1.0,1.1397775456310253,0,0.8874305566406059,0,0,55
strategic,4105,heldout,r04,0.5714285714285714,0.0,0.0,0.0,0.0,0,1,-1.0,-0.2222222222222222,1.0,1.0,1.1441550028996728,0,0.9274991414961458,0,0,36
strategic,4106,heldout,r04,0.5714285714285714,0.0,0.0,0.0,0.0,0,1,-1.0,-0.28,1.0,1.0,1.1373637981248297,0,0.8916168708335951,0,0,50
strategic,4107,heldout,r04,0.5714285714285714,0.0,0.0,0.0,0.0,0,1,-1.0,-0.34545454545454546,1.0,1.0,1.1350695973301486,0,0.8723081176537264,0,0,55
strategic,4108,heldout,r04,0.5714285714285714,0.0,0.0,0.0,0.0,0,1,-1.0,-0.2444444444444445,0.9943418244134324,1.0,1.1378133102737704,0,0.9117052587255142,0,0,45
strategic,4109,heldout,r04,0.5714285714285714,0.0,0.0,0.0,0.0,0,1,-1.0,-0.7058823529411765,1.0,1.0,1.1495932491594485,0,0.932788891963561,0,0,34
strategic,4110,heldout,r04,0.5714285714285714,0.0,0.0,0.0,0.0,0,1,-1.0,-0.3181818181818182,1.0,1.0,1.1373001357390025,0,0.895859706155258,0,0,44
strategic,4111,heldout,r04,0.5714285714285714,0.0,0.0,0.0,0.0,0,1,-1.0,-0.17647058823529413,1.0,1.0,1.1331494237004682,0,0.9003781738368241,0,0,51
strategic,4112,heldout,r04,0.5714285714285714,0.0,0.0,0.0,0.0,0,1,-1.0,-0.48717948717948717,1.0,1.0,1.1428256351278694,0,0.9257352016930255,0,0,39
strategic,4113,heldout,r04,0.5714285714285714,0.0,0.0,0.0,0.0,0,1,-0.9999999999999998,-0.04347826086956524,0.9959308902935025,1.0,1.135828166740731,0,0.9035179406920097,0,0,46
strategic,4114,heldout,r04,0.5714285714285714,0.0,0.0,0.0,0.0,0,1,-0.9999999999999998,-0.2653061224489795,1.0,1.0,1.1371826940861869,0,0.8931762998518594,0,0,49
strategic,4115,heldout,r04,0.5714285714285714,0.0,0.0,0.0,0.0,0,1,-1.0,-0.4666666666666667,1.0,1.0,1.1397012239118935,0,0.8965902042659176,0,0,45
strategic,4116,heldout,r04,0.5714285714285714,0.0,0.0,0.0,0.0,0,1,-1.0,-0.21568627450980388,1.0,1.0,1.1367315901731587,0,0.9049648397606836,0,0,51
strategic,4117,heldout,r04,0.5714285714285714,0.0,0.0,0.0,0.0,0,1,-1.0,-0.5121951219512195,1.0,1.0,1.1438219709925326,0,0.9177098094431632,0,0,41
strategic,4118,heldout,r04,0.5714285714285714,0.0,0.0,0.0,0.0,0,1,-0.9999999999999999,-0.33333333333333326,1.0,1.0,1.1390825723803817,0,0.8982532461928451,0,0,48
strategic,4119,heldout,r04,0.5714285714285714,0.0,0.0,0.0,0.0,0,1,-1.0,-0.4634146341463415,1.0,1.0,1.1431753961628037,0,0.9212676030511219,0,0,41
strategic,4120,heldout,r04,0.5714285714285714,0.0,0.0,0.0,0.0,0,1,-0.9999999999999999,-0.3,1.0,1.0,1.139422186297176,0,0.9039657112692903,0,0,40
strategic,4121,heldout,r04,0.5714285714285714,0.0,0.0,0.0,0.0,0,1,-1.0,-0.10714285714285714,1.0,1.0,1.1378597748333905,0,0.8777751289616601,0,0,56
strategic,4122,heldout,r04,0.5714285714285714,0.0,0.0,0.0,0.0,0,1,-1.0,-0.08333333333333333,1.0,1.0,1.1393285893659304,0,0.9108282411129397,0,0,48
strategic,4123,heldout,r04,0.5714285714285714,0.0,0.0,0.0,0.0,0,1,-0.9999999999999999,-0.3023255813953488,0.9843282451324618,0.9843282451324616,1.140598833240524,0,0.9165484602466473,0,0,43
strategic,4124,heldout,r04,0.5714285714285714,0.0,0.0,0.0,0.0,0,1,-1.0,-0.04918032786885246,0.9991794116416555,1.0,1.1354704500973283,0,0.880785093159795,0,0,61
strategic,4125,heldout,r04,0.5714285714285714,0.0,0.0,0.0,0.0,0,1,-0.9999999999999998,0.037037037037037035,1.0,1.0,1.1353192564547496,0,0.8966932829153259,0,0,54
strategic,4126,heldout,r04,0.5714285714285714,0.0,0.0,0.0,0.0,0,1,-1.0,-0.3333333333333333,1.0,1.0,1.1372536941184945,0,0.9073761209574617,0,0,45
strategic,4127,heldout,r04,0.5714285714285714,0.0,0.0,0.0,0.0,0,1,-0.9999999999999999,-0.15789473684210525,0.9876962438432203,1.0,1.1400308668443229,0,0.9203602338003021,0,0,38
strategic,4128,heldout,r04,0.5714285714285714,0.0,0.0,0.0,0.0,0,1,-1.0,-0.05263157894736842,0.9905129287970406,1.0,1.1382069637394325,0,0.9120400147246196,0,0,38
strategic,4129,heldout,r04,0.5714285714285714,0.0,0.0,0.0,0.0,0,1,-1.0,-0.3617021276595745,1.0,1.0,1.1402413307595523,0,0.9156718807309787,0,0,47
strategic,4100,heldout,r05,0.8333333333333334,0.0,0.0,0.0,0.0,0,1,-1.0,-0.47540983606557374,1.0,1.0,1.1437687332921171,0,0.8947774528907719,0,0,61
strategic,4101,heldout,r05,0.8333333333333334,0.0,0.0,0.0,0.0,0,1,-1.0,-0.42857142857142855,0.9980819767549457,1.0,1.1461584993162144,0,0.9123620103473506,0,0,42
strategic,4102,heldout,r05,0.8333333333333334,0.0,0.0,0.0,0.0,0,1,-1.0,-0.38461538461538464,1.0,1.0,1.1444937068700494,0,0.9065202823902051,0,0,52
strategic,4103,heldout,r05,0.8333333333333334,0.0,0.0,0.0,0.0,0,1,-1.0,-0.4426229508196721,1.0,1.0,1.1414136965230606,0,0.9023275515546635,0,0,61
strategic,4104,heldout,r05,0.8333333333333334,0.0,0.0,0.0,0.0,0,1,-1.0,-0.4603174603174603,1.0,1.0,1.144491725599791,0,0.8856547538995627,0,0,63
strategic,4105,heldout,r05,0.8333333333333334,0.0,0.0,0.0,0.0,0,1,-1.0,-0.11475409836065574,1.0,1.0,1.139945461131689,0,0.8897923467983221,0,0,61
strategic,4106,heldout,r05,0.8333333333333334,0.0,0.0,0.0,0.0,0,1,-1.0,-0.38181818181818183,1.0,1.0,1.1433269854467754,0,0.9021424231950755,0,0,55
strategic,4107,heldout,r05,0.8333333333333334,0.0,0.0,0.0,0.0,0,1,-1.0,-0.36507936507936506,1.0,1.0,1.1408479366738669,0,0.8930224848810088,0,0,63
strategic,4108,heldout,r05,0.8333333333333334,0.0,0.0,0.0,0.0,0,1,-1.0,-0.38461538461538464,1.0,1.0,1.1428204243019504,0,0.9043744882931327,0,0,52
strategic,4109,heldout,r05,0.8333333333333334,0.0,0.0,0.0,0.0,0,1,-1.0,-0.7560975609756098,1.0,1.0,1.1511493772950547,0,0.923590330529076,0,0,41
strategic,4110,heldout,r05,0.8333333333333334,0.0,0.0,0.0,0.0,0,1,-1.0,-0.4444444444444444,1.0,1.0,1.1416387590143595,0,0.8963493829856858,0,0,54
strategic,4111,heldout,r05,0.8333333333333334,0.0,0.0,0.0,0.0,0,1,-1.0,-0.27586206896551724,1.0,1.0,1.1396891508171083,0,0.8936558566172949,0,0,58
strategic,4112,heldout,r05,0.8333333333333334,0.0,0.0,0.0,0.0,0,1,-1.0,-0.5111111111111111,1.0,1.0,1.1474078778384265,0,0.9182487554285721,0,0,45
strategic,4113,heldout,r05,0.8333333333333334,0.0,0.0,0.0,0.0,0,1,-0.9999999999999998,-0.39130434782608686,1.0,1.0,1.1449884393991392,0,0.9185565857470166,0,0,46
strategic,4114,heldout,r05,0.8333333333333334,0.0,0.0,0.0,0.0,0,1,-0.9999999999999998,-0.35714285714285704,1.0,1.0,1.1424622837369989,0,0.8877572412265893,0,0,56
strategic,4115,heldout,r05,0.8333333333333334,0.0,0.0,0.0,0.0,0,1,-1.0,-0.5555555555555556,1.0,1.0,1.1435874901710812,0,0.9082591182799364,0,0,54
strategic,4116,heldout,r05,0.8333333333333334,0.0,0.0,0.0,0.0,0,1,-1.0,-0.3220338983050847,1.0,1.0,1.142081198335809,0,0.905768956386258,0,0,59
strategic,4117,heldout,r05,0.8333333333333334,0.0,0.0,0.0,0.0,0,1,-0.9999999999999999,-0.6,1.0,1.0,1.1464520209228801,0,0.9227000634034498,0,0,50
strategic,4118,heldout,r05,0.8333333333333334,0.0,0.0,0.0,0.0,0,1,-1.0,-0.3684210526315789,1.0,1.0,1.1430693426646634,0,0.9023887235235397,0,0,57
strategic,4119,heldout,r05,0.8333333333333334,0.0,0.0,0.0,0.0,0,1,-1.0,-0.44,1.0,1.0,1.1463421302841457,0,0.9163680080590187,0,0,50
strategic,4120,heldout,r05,0.8333333333333334,0.0,0.0,0.0,0.0,0,1,-0.9999999999999999,-0.5897435897435898,1.0,1.0,1.150429183371783,0,0.9266446647761462,0,0,39
strategic,4121,heldout,r05,0.8333333333333334,0.0,0.0,0.0,0.0,0,1,-0.9999999999999999,-0.23076923076923075,1.0,1.0,1.1433826468129942,0,0.8879586366505867,0,0,65
strategic,4122,heldout,r05,0.8333333333333334,0.0,0.0,0.0,0.0,0,1,-1.0,-0.10714285714285714,1.0,1.0,1.1432634209939223,0,0.9010251257646268,0,0,56
strategic,4123,heldout,r05,0.8333333333333334,0.0,0.0,0.0,0.0,0,1,-1.0,-0.4,0.9986940204277052,1.0,1.144591526375824,0,0.907857431781629,0,0,50
strategic,4124,heldout,r05,0.8333333333333334,0.0,0.0,0.0,0.0,0,1,-1.0,-0.19444444444444445,1.0,1.0,1.1400776917500788,0,0.8836841164923332,0,0,72
strategic,4125,heldout,r05,0.8333333333333334,0.0,0.0,0.0,0.0,0,1,-0.9999999999999998,-0.45161290322580633,1.0,1.0,1.1411768962905886,0,0.8960021261154779,0,0,62
strategic,4126,heldout,r05,0.8333333333333334,0.0,0.0,0.0,0.0,0,1,-1.0,-0.5454545454545454,1.0,1.0,1.1462112976073995,0,0.92306988310885,0,0,44
strategic,4127,heldout,r05,0.8333333333333334,0.0,0.0,0.0,0.0,0,1,-0.9999999999999999,-0.25581395348837205,0.9806215840530719,1.0,1.1449586758308516,0,0.9169152894682396,0,0,43
strategic,4128,heldout,r05,0.8333333333333334,0.0,0.0,0.0,0.0,0,1,-1.0,-0.06666666666666667,1.0,1.0,1.137854815766783,0,0.8953862479230703,0,0,60
strategic,4129,heldout,r05,0.8333333333333334,0.0,0.0,0.0,0.0,0,1,-1.0,-0.45454545454545453,1.0,1.0,1.14490604487063,0,0.921041459087865,0,0,55
strategic,4100,heldout,r06,1.2,0.0,0.0,0.0,0.0,0,1,-1.0,-0.5223880597014924,1.0,1.0,1.1475913475975865,0,0.902153128430999,0,0,67
strategic,4101,heldout,r06,1.2,0.0,0.0,0.0,0.0,0,1,-1.0,-0.5,0.9984016472957881,1.0,1.149187679838837,0,0.9103801683236122,0,0,48
strategic,4102,heldout,r06,1.2,0.0,0.0,0.0,0.0,0,1,-0.9999999999999999,-0.4482758620689655,1.0,1.0,1.1480166087639803,0,0.9102648640653838,0,0,58
strategic,4103,heldout,r06,1.2,0.0,0.0,0.0,0.0,0,1,-1.0,-0.225,1.0,1.0,1.1425212041139874,0,0.8958035858934934,0,0,80
strategic,4104,heldout,r06,1.2,0.0,0.0,0.0,0.0,0,1,-0.9999999999999998,-0.4520547945205479,1.0,1.0,1.1472755187976937,0,0.8871316353607472,0,0,73
strategic,4105,heldout,r06,1.2,0.0,0.0,0.0,0.0,0,1,-1.0,-0.2542372881355932,1.0,1.0,1.146284038389087,0,0.9023096558634663,0,0,59
strategic,4106,heldout,r06,1.2,0.0,0.0,0.0,0.0,0,1,-1.0,-0.4426229508196721,1.0,1.0,1.1471597264379065,0,0.8997572380619434,0,0,61
strategic,4107,heldout,r06,1.2,0.0,0.0,0.0,0.0,0,1,-1.0,-0.30434782608695654,1.0,1.0,1.1451522107793435,0,0.8816650075356894,0,0,69
strategic,4108,heldout,r06,1.2,0.0,0.0,0.0,0.0,0,1,-0.9999999999999998,-0.18749999999999994,1.0,1.0,1.1449743117330589,0,0.9008463661337924,0,0,64
strategic,4109,heldout,r06,1.2,0.0,0.0,0.0,0.0,0,1,-1.0,-0.7727272727272727,1.0,1.0,1.1561202017364984,0,0.9235606393238441,0,0,44
strategic,4110,heldout,r06,1.2,0.0,0.0,0.0,0.0,0,1,-1.0,-0.53125,1.0,1.0,1.1441365582419094,0,0.8934485114509441,0,0,64
strategic,4111,heldout,r06,1.2,0.0,0.0,0.0,0.0,0,1,-1.0,-0.45454545454545453,1.0,1.0,1.1469868001219072,0,0.910451700311161,0,0,55
strategic,4112,heldout,r06,1.2,0.0,0.0,0.0,0.0,0,1,-1.0,-0.64,1.0,1.0,1.1508913610745408,0,0.9137562681383455,0,0,50
strategic,4113,heldout,r06,1.2,0.0,0.0,0.0,0.0,0,1,-0.9999999999999998,-0.31034482758620685,0.9977619896614264,1.0,1.1457343847905481,0,0.9093146969365501,0,0,58
strategic,4114,heldout,r06,1.2,0.0,0.0,0.0,0.0,0,1,-1.0,-0.4098360655737705,1.0,1.0,1.1469448152827135,0,0.8985784025923055,0,0,61
strategic,4115,heldout,r06,1.2,0.0,0.0,0.0,0.0,0,1,-0.9999999999999999,-0.5,1.0,1.0,1.1469284032066118,0,0.9087580055989112,0,0,60
strategic,4116,heldout,r06,1.2,0.0,0.0,0.0,0.0,0,1,-1.0,-0.5161290322580645,1.0,1.0,1.1454060215701665,0,0.9155586128631477,0,0,62
strategic,4117,heldout,r06,1.2,0.0,0.0,0.0,0.0,0,1,-0.9999999999999999,-0.6491228070175438,1.0,1.0,1.1491170463174991,0,0.9243844172414649,0,0,57
strategic,4118,heldout,r06,1.2,0.0,0.0,0.0,0.0,0,1,-1.0,-0.4375,1.0,1.0,1.1464349869378976,0,0.8979240994408622,0,0,64
strategic,4119,heldout,r06,1.2,0.0,0.0,0.0,0.0,0,1,-1.0,-0.5185185185185185,1.0,1.0,1.1500969306337763,0,0.9150450925506599,0,0,54
strategic,4120,heldout,r06,1.2,0.0,0.0,0.0,0.0,0,1,-1.0,-0.6363636363636364,1.0,1.0,1.153349795470539,0,0.9227588896286282,0,0,44
strategic,4121,heldout,r06,1.2,0.0,0.0,0.0,0.0,0,1,-0.9999999999999999,-0.2957746478873239,1.0,1.0,1.1467731907198098,0,0.8960171872891091,0,0,71
strategic,4122,heldout,r06,1.2,0.0,0.0,0.0,0.0,0,1,-1.0,-0.21875,1.0,1.0,1.146920748192075,0,0.9009324372930192,0,0,64
strategic,4123,heldout,r06,1.2,0.0,0.0,0.0,0.0,0,1,-1.0,-0.4642857142857143,0.998880588938033,1.0,1.1482062269142195,0,0.9106912925866072,0,0,56
strategic,4124,heldout,r06,1.2,0.0,0.0,0.0,0.0,0,1,-1.0,-0.34831460674157305,0.9979485291041388,0.9979485291041387,1.1419979400805353,0,0.8892914015399402,0,0,89
strategic,4125,heldout,r06,1.2,0.0,0.0,0.0,0.0,0,1,-1.0,-0.5277777777777778,1.0,1.0,1.144583128823885,0,0.890104100173952,0,0,72
strategic,4126,heldout,r06,1.2,0.0,0.0,0.0,0.0,0,1,-1.0,-0.5510204081632653,1.0,1.0,1.1497151596468618,0,0.9194793810931591,0,0,49
strategic,4127,heldout,r06,1.2,0.0,0.0,0.0,0.0,0,1,-0.9999999999999999,-0.36,0.9953860914412077,1.0,1.1482590705198346,0,0.921264751474712,0,0,50
strategic,4128,heldout,r06,1.2,0.0,0.0,0.0,0.0,0,1,-1.0,-0.14285714285714285,1.0,1.0,1.1414665827292192,0,0.8985418936559431,0,0,70
strategic,4129,heldout,r06,1.2,0.0,0.0,0.0,0.0,0,1,-1.0,-0.38666666666666666,1.0,1.0,1.14426304890591,0,0.909084347310393,0,0,75
strategic,4100,heldout,r07,2.0,0.0,0.0,0.0,0.0,0,1,-0.9999999999999999,-0.5833333333333334,1.0,1.0,1.151949084900874,0,0.8996177876495666,0,0,72
strategic,4101,heldout,r07,2.0,0.0,0.0,0.0,0.0,0,1,-1.0,-0.5714285714285714,0.9968032945915761,0.9968032945915762,1.152464797617451,0,0.9150680804166174,0,0,56
strategic,4102,heldout,r07,2.0,0.0,0.0,0.0,0.0,0,1,-0.9999999999999999,-0.5076923076923077,1.0,1.0,1.1512196985559546,0,0.9079312764637146,0,0,65
strategic,4103,heldout,r07,2.0,0.0,0.0,0.0,0.0,0,1,-1.0,-0.35714285714285715,1.0,1.0,1.1452618587663077,0,0.8760892639854083,0,0,112
strategic,4104,heldout,r07,2.0,0.0,0.0,0.0,0.0,0,1,-0.9999999999999998,-0.5121951219512195,1.0,1.0,1.150736896795746,0,0.8912245288965333,0,0,82
strategic,4105,heldout,r07,2.0,0.0,0.0,0.0,0.0,0,1,-1.0,-0.21518987341772153,1.0,1.0,1.1475221125720185,0,0.895621879533574,0,0,79
strategic,4106,heldout,r07,2.0,0.0,0.0,0.0,0.0,0,1,-1.0,-0.5405405405405406,1.0,1.0,1.1495266457390676,0,0.8982084673320728,0,0,74
strategic,4107,heldout,r07,2.0,0.0,0.0,0.0,0.0,0,1,-1.0,-0.3924050632911392,1.0,1.0,1.1485722301585113,0,0.8869684526853202,0,0,79
strategic,4108,heldout,r07,2.0,0.0,0.0,0.0,0.0,0,1,-0.9999999999999999,-0.40298507462686567,1.0,1.0,1.1498367596633212,0,0.9149616773298346,0,0,67
strategic,4109,heldout,r07,2.0,0.0,0.0,0.0,0.0,0,1,-0.9999999999999999,-0.803921568627451,1.0,1.0,1.1582035197148228,0,0.9262203368015275,0,0,51
strategic,4110,heldout,r07,2.0,0.0,0.0,0.0,0.0,0,1,-1.0,-0.5932203389830508,1.0,1.0,1.1521706375755048,0,0.9132821981301417,0,0,59
strategic,4111,heldout,r07,2.0,0.0,0.0,0.0,0.0,0,1,-1.0,-0.5238095238095238,1.0,1.0,1.1506280046672244,0,0.9123826774123336,0,0,63
strategic,4112,heldout,r07,2.0,0.0,0.0,0.0,0.0,0,1,-1.0,-0.6842105263157895,1.0,1.0,1.1540036462196603,0,0.9120181387332822,0,0,57
strategic,4113,heldout,r07,2.0,0.0,0.0,0.0,0.0,0,1,-0.9999999999999998,-0.540983606557377,0.9991047958645706,1.0,1.1505523212170055,0,0.9137252896789244,0,0,61
strategic,4114,heldout,r07,2.0,0.0,0.0,0.0,0.0,0,1,-1.0,-0.5068493150684932,1.0,1.0,1.1488672208661719,0,0.8974775826399713,0,0,73
strategic,4115,heldout,r07,2.0,0.0,0.0,0.0,0.0,0,1,-1.0,-0.6949152542372882,1.0,1.0,1.1537030192751958,0,0.9121755530076332,0,0,59
strategic,4116,heldout,r07,2.0,0.0,0.0,0.0,0.0,0,1,-1.0,-0.5588235294117647,1.0,1.0,1.150413845792245,0,0.9049042765193908,0,0,68
strategic,4117,heldout,r07,2.0,0.0,0.0,0.0,0.0,0,1,-1.0,-0.657142857142857,1.0,1.0,1.150679003200764,0,0.9227795322457583,0,0,70
strategic,4118,heldout,r07,2.0,0.0,0.0,0.0,0.0,0,1,-1.0,-0.52,1.0,1.0,1.1494902128856472,0,0.9002566971223214,0,0,75
strategic,4119,heldout,r07,2.0,0.0,0.0,0.0,0.0,0,1,-1.0,-0.5873015873015873,1.0,1.0,1.1523068641210248,0,0.9158814479723809,0,0,63
strategic,4120,heldout,r07,2.0,0.0,0.0,0.0,0.0,0,1,-0.9999999999999999,-0.47368421052631576,1.0,1.0,1.1537343914595006,0,0.9163809961186945,0,0,57
strategic,4121,heldout,r07,2.0,0.0,0.0,0.0,0.0,0,1,-0.9999999999999999,-0.39024390243902435,1.0,1.0,1.1497303693917469,0,0.8953776984897592,0,0,82
strategic,4122,heldout,r07,2.0,0.0,0.0,0.0,0.0,0,1,-1.0,-0.3150684931506849,1.0,1.0,1.149938692460945,0,0.8993866221882492,0,0,73
strategic,4123,heldout,r07,2.0,0.0,0.0,0.0,0.0,0,1,-1.0,-0.5238095238095238,1.0,1.0,1.1519466973083263,0,0.9134933897207819,0,0,63
strategic,4124,heldout,r07,2.0,0.0,0.0,0.0,0.0,0,1,-1.0,-0.40816326530612246,1.0,1.0,1.1459328583771573,0,0.8965969780947368,0,0,98
strategic,4125,heldout,r07,2.0,0.0,0.0,0.0,0.0,0,1,-1.0,-0.5802469135802469,1.0,1.0,1.1485254042565665,0,0.8908789074988599,0,0,81
strategic,4126,heldout,r07,2.0,0.0,0.0,0.0,0.0,0,1,-1.0,-0.6333333333333333,1.0,1.0,1.1516240126250017,0,0.9185030248068756,0,0,60
strategic,4127,heldout,r07,2.0,0.0,0.0,0.0,0.0,0,1,-0.9999999999999999,-0.4482758620689655,0.9723165486472457,0.9723165486472455,1.150818665605719,0,0.9166820215786645,0,0,58
strategic,4128,heldout,r07,2.0,0.0,0.0,0.0,0.0,0,1,-1.0,-0.23684210526315788,1.0,1.0,1.1462524264206966,0,0.8910746063886565,0,0,76
strategic,4129,heldout,r07,2.0,0.0,0.0,0.0,0.0,0,1,-1.0,-0.5833333333333334,1.0,1.0,1.1504164941476587,0,0.9077151628514082,0,0,72
strategic,4100,heldout,r08,3.3333333333333335,0.0,0.0,0.0,0.0,0,1,-1.0,-0.654320987654321,1.0,1.0,1.1551381000129102,0,0.9097758101035552,0,0,81
strategic,4101,heldout,r08,3.3333333333333335,0.0,0.0,0.0,0.0,0,1,-1.0,-0.6417910447761194,0.9968032945915762,0.9968032945915762,1.1552277379364229,0,0.916231300459859,0,0,67
strategic,4102,heldout,r08,3.3333333333333335,0.0,0.0,0.0,0.0,0,1,-0.9999999999999999,-0.6521739130434783,1.0,1.0,1.151608478583269,0,0.8933488031487984,0,0,92
strategic,4103,heldout,r08,3.3333333333333335,0.0,0.0,0.0,0.0,0,1,-0.9999999999999999,-0.3404255319148936,1.0,1.0,1.1515937510552303,0,0.902763818423084,0,0,94
strategic,4104,heldout,r08,3.3333333333333335,0.0,0.0,0.0,0.0,0,1,-0.9999999999999998,-0.5744680851063829,0.9859985626065323,0.9859985626065323,1.1540334205408558,0,0.8899675912978219,0,0,94
strategic,4105,heldout,r08,3.3333333333333335,0.0,0.0,0.0,0.0,0,1,-1.0,-0.42105263157894735,1.0,1.0,1.1541641649103196,0,0.908212673932543,0,0,76
strategic,4106,heldout,r08,3.3333333333333335,0.0,0.0,0.0,0.0,0,1,-1.0,-0.5952380952380952,1.0,1.0,1.1534184494402435,0,0.9051853415910175,0,0,84
strategic,4107,heldout,r08,3.3333333333333335,0.0,0.0,0.0,0.0,0,1,-1.0,-0.4666666666666667,1.0,1.0,1.1527057947863628,0,0.8963896789437893,0,0,90
strategic,4108,heldout,r08,3.3333333333333335,0.0,0.0,0.0,0.0,0,1,-0.9999999999999999,-0.37349397590361444,1.0,1.0,1.1525816928984358,0,0.9114839615607909,0,0,83
strategic,4109,heldout,r08,3.3333333333333335,0.0,0.0,0.0,0.0,0,1,-0.9999999999999999,-0.8360655737704918,1.0,1.0,1.1598769515834937,0,0.9208662907226922,0,0,61
strategic,4110,heldout,r08,3.3333333333333335,0.0,0.0,0.0,0.0,0,1,-1.0,-0.6923076923076923,0.9936046761858307,1.0,1.1564373121147273,0,0.9151851841206531,0,0,65
strategic,4111,heldout,r08,3.3333333333333335,0.0,0.0,0.0,0.0,0,1,-0.9999999999999999,-0.5522388059701492,1.0,1.0,1.156322817667584,0,0.9121502031498074,0,0,67
strategic,4112,heldout,r08,3.3333333333333335,0.0,0.0,0.0,0.0,0,1,-1.0,-0.7391304347826086,1.0,1.0,1.156666580764804,0,0.9164725248132937,0,0,69
strategic,4113,heldout,r08,3.3333333333333335,0.0,0.0,0.0,0.0,0,1,-0.9999999999999998,-0.4805194805194804,0.995523979322853,0.9955239793228527,1.1530703186688658,0,0.9064909773923887,0,0,77
strategic,4114,heldout,r08,3.3333333333333335,0.0,0.0,0.0,0.0,0,1,-0.9999999999999998,-0.6666666666666666,1.0,1.0,1.154302092191572,0,0.9078959452063027,0,0,78
strategic,4115,heldout,r08,3.3333333333333335,0.0,0.0,0.0,0.0,0,1,-1.0,-0.42168674698795183,1.0,1.0,1.1534898590017089,0,0.9012781599411257,0,0,83
strategic,4116,heldout,r08,3.3333333333333335,0.0,0.0,0.0,0.0,0,1,-1.0,-0.6153846153846154,1.0,1.0,1.154557241244813,0,0.9087270382215916,0,0,78
strategic,4117,heldout,r08,3.3333333333333335,0.0,0.0,0.0,0.0,0,1,-1.0,-0.6842105263157895,1.0,1.0,1.155448724362948,0,0.9082669020737391,0,0,76
strategic,4118,heldout,r08,3.3333333333333335,0.0,0.0,0.0,0.0,0,1,-1.0,-0.654320987654321,1.0,1.0,1.1543688119079245,0,0.9044911860178191,0,0,81
strategic,4119,heldout,r08,3.3333333333333335,0.0,0.0,0.0,0.0,0,1,-1.0,-0.6712328767123288,1.0,1.0,1.1555669935775752,0,0.9177535718197343,0,0,73
strategic,4120,heldout,r08,3.3333333333333335,0.0,0.0,0.0,0.0,0,1,-1.0,-0.5081967213114754,1.0,1.0,1.1589512462368257,0,0.9155084174597782,0,0,61
strategic,4121,heldout,r08,3.3333333333333335,0.0,0.0,0.0,0.0,0,1,-0.9999999999999999,-0.4565217391304347,1.0,1.0,1.1536906903827548,0,0.8975436739200472,0,0,92
strategic,4122,heldout,r08,3.3333333333333335,0.0,0.0,0.0,0.0,0,1,-1.0,-0.4117647058823529,1.0,1.0,1.1533330734443008,0,0.9089350761476245,0,0,85
strategic,4123,heldout,r08,3.3333333333333335,0.0,0.0,0.0,0.0,0,1,-1.0,-0.6,1.0,1.0,1.1548049989685187,0,0.9144320265210547,0,0,75
strategic,4124,heldout,r08,3.3333333333333335,0.0,0.0,0.0,0.0,0,1,-1.0,-0.5166666666666667,0.9989742645520694,1.0,1.148952914759365,0,0.8987212923608917,0,0,120
strategic,4125,heldout,r08,3.3333333333333335,0.0,0.0,0.0,0.0,0,1,-1.0,-0.6530612244897959,1.0,1.0,1.1512777622714028,0,0.8987548693484103,0,0,98
strategic,4126,heldout,r08,3.3333333333333335,0.0,0.0,0.0,0.0,0,1,-0.9999999999999999,-0.7027027027027027,1.0,1.0,1.1538806784087874,0,0.9204703970367708,0,0,74
strategic,4127,heldout,r08,3.3333333333333335,0.0,0.0,0.0,0.0,0,1,-0.9999999999999999,-0.5362318840579711,1.0,1.0,1.154212036432928,0,0.9199265385749084,0,0,69
strategic,4128,heldout,r08,3.3333333333333335,0.0,0.0,0.0,0.0,0,1,-1.0,-0.5211267605633803,1.0,1.0,1.153619056917605,0,0.9168440404042444,0,0,71
strategic,4129,heldout,r08,3.3333333333333335,0.0,0.0,0.0,0.0,0,1,-1.0,-0.7590361445783133,1.0,1.0,1.15352903522739,0,0.9138958092323082,0,0,83
strategic,4100,heldout,r09,6.5,0.0,0.0,0.0,0.0,0,1,-1.0,-0.6818181818181818,1.0,1.0,1.1569147123466343,0,0.9054251522889497,0,0,88
strategic,4101,heldout,r09,6.5,0.0,0.0,0.0,0.0,0,1,-1.0,-0.6756756756756757,0.9968032945915763,0.9968032945915762,1.1567882823564792,0,0.9156161001849689,0,0,74
strategic,4102,heldout,r09,6.5,0.0,0.0,0.0,0.0,0,1,-0.9999999999999999,-0.6767676767676768,1.0,1.0,1.153735807813339,0,0.9006882370501912,0,0,99
strategic,4103,heldout,r09,6.5,0.0,0.0,0.0,0.0,0,1,-0.9999999999999999,-0.4095238095238095,1.0,1.0,1.152958690624883,0,0.9038351839720551,0,0,105
strategic,4104,heldout,r09,6.5,0.0,0.0,0.0,0.0,0,1,-0.9999999999999998,-0.6116504854368932,0.9859985626065323,0.9859985626065323,1.155514318761129,0,0.8944246150186383,0,0,103
strategic,4105,heldout,r09,6.5,0.0,0.0,0.0,0.0,0,1,-1.0,-0.6857142857142857,1.0,1.0,1.1589002151252137,0,0.9216081166002541,0,0,70
strategic,4106,heldout,r09,6.5,0.0,0.0,0.0,0.0,0,1,-1.0,-0.5333333333333333,1.0,1.0,1.155182410943668,0,0.9072896772474334,0,0,90
strategic,4107,heldout,r09,6.5,0.0,0.0,0.0,0.0,0,1,-1.0,-0.5051546391752577,1.0,1.0,1.1546231610895359,0,0.8978570314363866,0,0,97
strategic,4108,heldout,r09,6.5,0.0,0.0,0.0,0.0,0,1,-1.0,-0.44680851063829785,1.0,1.0,1.1541192976807038,0,0.9050424844082073,0,0,94
strategic,4109,heldout,r09,6.5,0.0,0.0,0.0,0.0,0,1,-0.9999999999999999,-0.855072463768116,1.0,1.0,1.1607768182923301,0,0.9238039333869192,0,0,69
strategic,4110,heldout,r09,6.5,0.0,0.0,0.0,0.0,0,1,-1.0,-0.68,1.0,1.0,1.1573470915748674,0,0.9171607744235646,0,0,75
strategic,4111,heldout,r09,6.5,0.0,0.0,0.0,0.0,0,1,-1.0,-0.6619718309859155,1.0,1.0,1.1583383475159361,0,0.9194567896517715,0,0,71
strategic,4112,heldout,r09,6.5,0.0,0.0,0.0,0.0,0,1,-1.0,-0.6103896103896104,1.0,1.0,1.1578301668426585,0,0.9170479584193524,0,0,77
strategic,4113,heldout,r09,6.5,0.0,0.0,0.0,0.0,0,1,-0.9999999999999998,-0.5294117647058822,0.9955239793228531,0.9955239793228527,1.1548291813565597,0,0.9087480977721711,0,0,85
strategic,4114,heldout,r09,6.5,0.0,0.0,0.0,0.0,0,1,-0.9999999999999998,-0.6904761904761905,1.0,1.0,1.1561849738727636,0,0.9070518882981388,0,0,84
strategic,4115,heldout,r09,6.5,0.0,0.0,0.0,0.0,0,1,-1.0,-0.7631578947368421,1.0,1.0,1.1585842678156217,0,0.9173601433619063,0,0,76
strategic,4116,heldout,r09,6.5,0.0,0.0,0.0,0.0,0,1,-1.0,-0.6511627906976745,1.0,1.0,1.1558957221649624,0,0.9074693032125684,0,0,86
strategic,4117,heldout,r09,6.5,0.0,0.0,0.0,0.0,0,1,-1.0,-0.7,1.0,1.0,1.1579872041069232,0,0.9132374201643308,0,0,80
strategic,4118,heldout,r09,6.5,0.0,0.0,0.0,0.0,0,1,-0.9999999999999999,-0.6853932584269663,1.0,1.0,1.1557881992084653,0,0.9039296012843433,0,0,89
strategic,4119,heldout,r09,6.5,0.0,0.0,0.0,0.0,0,1,-1.0,-0.675,0.9961785674486834,1.0,1.1573765611336977,0,0.9126615232444075,0,0,80
strategic,4120,heldout,r09,6.5,0.0,0.0,0.0,0.0,0,1,-0.9999999999999999,-0.5774647887323944,1.0,1.0,1.1592711073746056,0,0.9145828190085104,0,0,71
strategic,4121,heldout,r09,6.5,0.0,0.0,0.0,0.0,0,1,-0.9999999999999999,-0.5833333333333333,1.0,1.0,1.155874549127983,0,0.903928408643966,0,0,96
strategic,4122,heldout,r09,6.5,0.0,0.0,0.0,0.0,0,1,-1.0,-0.45652173913043476,1.0,1.0,1.1552516779316226,0,0.904811976753632,0,0,92
strategic,4123,heldout,r09,6.5,0.0,0.0,0.0,0.0,0,1,-1.0,-0.6341463414634146,1.0,1.0,1.1563374740352275,0,0.9137374288709685,0,0,82
strategic,4124,heldout,r09,6.5,0.0,0.0,0.0,0.0,0,1,-1.0,-0.45454545454545453,0.9979485291041387,0.9979485291041387,1.1534078742384075,0,0.8900112410794265,0,0,110
strategic,4125,heldout,r09,6.5,0.0,0.0,0.0,0.0,0,1,-1.0,-0.6851851851851852,1.0,1.0,1.1528092562279293,0,0.9008542736426582,0,0,108
strategic,4126,heldout,r09,6.5,0.0,0.0,0.0,0.0,0,1,-1.0,-0.7142857142857143,1.0,1.0,1.156860811276698,0,0.9143930816502336,0,0,77
strategic,4127,heldout,r09,6.5,0.0,0.0,0.0,0.0,0,1,-0.9999999999999999,-0.5675675675675675,1.0,1.0,1.1559945976322574,0,0.9189530155050044,0,0,74
strategic,4128,heldout,r09,6.5,0.0,0.0,0.0,0.0,0,1,-1.0,-0.40476190476190477,1.0,1.0,1.1541163062390032,0,0.9087846933077944,0,0,84
strategic,4129,heldout,r09,6.5,0.0,0.0,0.0,0.0,0,1,-1.0,-0.48148148148148145,1.0,1.0,1.1573090214680783,0,0.9124309891226849,0,0,81
passive_control,4100,heldout,r01,0.18181818181818182,0.0,0.0,0.0,0.0,0,1,-0.9999999999999999,0.3793103448275862,0.0,0.0,1.108094917211538,0,0.9100820546642001,0,0,29
passive_control,4101,heldout,r01,0.18181818181818182,0.0,0.0,0.0,0.0,0,1,1.0,1.0,0.0,0.0,1.1591596906678912,0,0.8980184411284075,0,0,12
passive_control,4102,heldout,r01,0.18181818181818182,0.0,0.0,0.0,0.0,0,1,0.9999999999999999,1.0,0.0,0.0,1.1212787517031082,0,0.8504339272209255,0,0,24
passive_control,4103,heldout,r01,0.18181818181818182,0.0,0.0,0.0,0.0,0,1,0.9999999999999999,0.9333333333333333,0.0,0.0,1.1221255832018795,0,0.8811403350171647,0,0,30
passive_control,4104,heldout,r01,0.18181818181818182,0.0,0.0,0.0,0.0,0,1,1.0,0.9999999999999998,0.0,0.0,1.1511804121753337,0,0.9295637390957019,0,0,16
passive_control,4105,heldout,r01,0.18181818181818182,0.0,0.0,0.0,0.0,0,1,1.0,1.0,0.0,0.0,1.110141443232729,0,0.9037668550207559,0,0,31
passive_control,4106,heldout,r01,0.18181818181818182,0.0,0.0,0.0,0.0,0,1,1.0,1.0,0.0,0.0,1.1126137201340647,0,0.876882655986858,0,0,28
passive_control,4107,heldout,r01,0.18181818181818182,0.0,0.0,0.0,0.0,0,1,1.0,1.0,0.0,0.0,1.1135797223477197,0,0.9337866842742231,0,0,25
passive_control,4108,heldout,r01,0.18181818181818182,0.0,0.0,0.0,0.0,0,1,1.0,0.9999999999999999,0.0,0.0,1.112769321618904,0,0.7789357043626464,0,0,31
passive_control,4109,heldout,r01,0.18181818181818182,0.0,0.0,0.0,0.0,0,1,0.9999999999999999,0.7727272727272727,0.0,0.0,1.1055778884974135,0,0.8641456051555673,0,0,44
passive_control,4110,heldout,r01,0.18181818181818182,0.0,0.0,0.0,0.0,0,1,1.0,1.0,0.0,0.0,1.1216105174694613,0,0.8997769510723911,0,0,21
passive_control,4111,heldout,r01,0.18181818181818182,0.0,0.0,0.0,0.0,0,1,1.0,1.0,0.0,0.0,1.1155306928387556,0,0.944252686577282,0,0,22
passive_control,4112,heldout,r01,0.18181818181818182,0.0,0.0,0.0,0.0,0,1,1.0,1.0,0.0,0.0,1.1171394179886582,0,0.8034379583815726,0,0,30
passive_control,4113,heldout,r01,0.18181818181818182,0.0,0.0,0.0,0.0,0,1,-1.0,0.8571428571428571,0.0,0.0,1.1057185508922165,0,0.9361766498921045,0,0,28
passive_control,4114,heldout,r01,0.18181818181818182,0.0,0.0,0.0,0.0,0,1,-0.9999999999999998,0.8666666666666667,0.0,0.0,1.1051439387576691,0,0.911671459727871,0,0,30
passive_control,4115,heldout,r01,0.18181818181818182,0.0,0.0,0.0,0.0,0,1,1.0,1.0,0.0,0.0,1.118612999152095,0,0.9167045716094261,0,0,23
passive_control,4116,heldout,r01,0.18181818181818182,0.0,0.0,0.0,0.0,0,1,1.0,1.0,0.0,0.0,1.1210799482269882,0,0.9104057836284298,0,0,23
passive_control,4117,heldout,r01,0.18181818181818182,0.0,0.0,0.0,0.0,0,1,-0.9999999999999999,0.6326530612244898,0.0,0.0,1.1123351468370446,0,0.8411050235237568,0,0,49
passive_control,4118,heldout,r01,0.18181818181818182,0.0,0.0,0.0,0.0,0,1,-1.0,0.6153846153846154,0.0,0.0,1.1117741930534917,0,0.9083479498438202,0,0,26
passive_control,4119,heldout,r01,0.18181818181818182,0.0,0.0,0.0,0.0,0,1,-1.0,0.2903225806451613,0.0,0.0,1.1107610778741517,0,0.9128742340644248,0,0,31
passive_control,4120,heldout,r01,0.18181818181818182,0.0,0.0,0.0,0.0,0,1,-1.0,0.42857142857142855,0.0,0.0,1.1045705561226922,0,0.9054556846238937,0,0,28
passive_control,4121,heldout,r01,0.18181818181818182,0.0,0.0,0.0,0.0,0,1,1.0,1.0,0.0,0.0,1.1175335805499318,0,0.8068729446988746,0,0,28
passive_control,4122,heldout,r01,0.18181818181818182,0.0,0.0,0.0,0.0,0,1,1.0,0.9285714285714286,0.0,0.0,1.1175023801704758,0,0.8938125040376276,0,0,28
passive_control,4123,heldout,r01,0.18181818181818182,0.0,0.0,0.0,0.0,0,1,-0.9999999999999999,0.4,0.0,0.0,1.1092967931530493,0,0.9241983941649973,0,0,30
passive_control,4124,heldout,r01,0.18181818181818182,0.0,0.0,0.0,0.0,0,1,1.0,1.0,0.0,0.0,1.1168057652380954,0,0.8652938621858707,0,0,31
passive_control,4125,heldout,r01,0.18181818181818182,0.0,0.0,0.0,0.0,0,1,-1.0,0.5714285714285714,0.0,0.0,1.107932798093007,0,0.8694798018799201,0,0,42
passive_control,4126,heldout,r01,0.18181818181818182,0.0,0.0,0.0,0.0,0,1,1.0,1.0,0.0,0.0,1.1102936509574588,0,0.8222817956779748,0,0,26
passive_control,4127,heldout,r01,0.18181818181818182,0.0,0.0,0.0,0.0,0,1,1.0,1.0,0.0,0.0,1.1497627488186537,0,0.9544513390126306,0,0,13
passive_control,4128,heldout,r01,0.18181818181818182,0.0,0.0,0.0,0.0,0,1,1.0,1.0,0.0,0.0,1.1576201084357738,0,0.9536991826104766,0,0,11
passive_control,4129,heldout,r01,0.18181818181818182,0.0,0.0,0.0,0.0,0,1,1.0,1.0,0.0,0.0,1.121677926795446,0,0.8964628490551986,0,0,31
passive_control,4100,heldout,r02,0.3333333333333333,0.0,0.0,0.0,0.0,0,1,-1.0,0.3793103448275862,0.0,0.0,1.1258620685503824,0,0.8746002796790605,0,0,29
passive_control,4101,heldout,r02,0.3333333333333333,0.0,0.0,0.0,0.0,0,1,-1.0,0.5135135135135135,0.0,0.0,1.1116406857966454,0,0.8581487678259152,0,0,37
passive_control,4102,heldout,r02,0.3333333333333333,0.0,0.0,0.0,0.0,0,1,1.0,1.0,0.0,0.0,1.1214490935876835,0,0.9109609610854733,0,0,33
passive_control,4103,heldout,r02,0.3333333333333333,0.0,0.0,0.0,0.0,0,1,-1.0,-0.3103448275862069,0.0,0.0,1.1164518738098077,0,0.8386499598747754,0,0,87
passive_control,4104,heldout,r02,0.3333333333333333,0.0,0.0,0.0,0.0,0,1,-0.9999999999999998,0.7209302325581394,0.0,0.0,1.1188223703206328,0,0.8961883386289655,0,0,43
passive_control,4105,heldout,r02,0.3333333333333333,0.0,0.0,0.0,0.0,0,1,1.0,1.0,0.0,0.0,1.1230419737652706,0,0.8692461627383447,0,0,34
passive_control,4106,heldout,r02,0.3333333333333333,0.0,0.0,0.0,0.0,0,1,-1.0,0.75,0.0,0.0,1.1243540898348146,0,0.8510084116565413,0,0,32
passive_control,4107,heldout,r02,0.3333333333333333,0.0,0.0,0.0,0.0,0,1,1.0,0.8064516129032258,0.0,0.0,1.1218558813605162,0,0.9069151243013384,0,0,31
passive_control,4108,heldout,r02,0.3333333333333333,0.0,0.0,0.0,0.0,0,1,-0.9999999999999999,0.7872340425531915,0.0,0.0,1.1150455363719531,0,0.8966223127877645,0,0,47
passive_control,4109,heldout,r02,0.3333333333333333,0.0,0.0,0.0,0.0,0,1,-0.9999999999999999,0.6166666666666667,0.0,0.0,1.106923651784654,0,0.08354275097037259,0,0,120
passive_control,4110,heldout,r02,0.3333333333333333,0.0,0.0,0.0,0.0,0,1,1.0,1.0,0.0,0.0,1.1150676572345675,0,0.9069101289335633,0,0,33
passive_control,4111,heldout,r02,0.3333333333333333,0.0,0.0,0.0,0.0,0,1,1.0,1.0,0.0,0.0,1.1238709652892371,0,0.932622905241734,0,0,25
passive_control,4112,heldout,r02,0.3333333333333333,0.0,0.0,0.0,0.0,0,1,-1.0,0.09090909090909091,0.0,0.0,1.1157672414055146,0,0.9006301538879938,0,0,44
passive_control,4113,heldout,r02,0.3333333333333333,0.0,0.0,0.0,0.0,0,1,-0.9999999999999998,0.3043478260869564,0.0,0.0,1.1097706927558708,0,0.8908620519314773,0,0,46
passive_control,4114,heldout,r02,0.3333333333333333,0.0,0.0,0.0,0.0,0,1,-0.9999999999999998,0.7931034482758621,0.0,0.0,1.1220420237303979,0,0.9034593293910674,0,0,29
passive_control,4115,heldout,r02,0.3333333333333333,0.0,0.0,0.0,0.0,0,1,0.9999999999999999,1.0,0.0,0.0,1.11932666818134,0,0.8263940940917798,0,0,34
passive_control,4116,heldout,r02,0.3333333333333333,0.0,0.0,0.0,0.0,0,1,-1.0,0.8823529411764706,0.0,0.0,1.1228952705850983,0,0.8861631449070728,0,0,34
passive_control,4117,heldout,r02,0.3333333333333333,0.0,0.0,0.0,0.0,0,1,-1.0,0.5769230769230769,0.0,0.0,1.1273591454848106,0,0.8153583646176271,0,0,52
passive_control,4118,heldout,r02,0.3333333333333333,0.0,0.0,0.0,0.0,0,1,-1.0,0.47619047619047616,0.0,0.0,1.1135168131835527,0,0.9037402472318835,0,0,42
passive_control,4119,heldout,r02,0.3333333333333333,0.0,0.0,0.0,0.0,0,1,-1.0,-0.21428571428571427,0.0,0.0,1.1081695427125715,0,0.888265266364047,0,0,56
passive_control,4120,heldout,r02,0.3333333333333333,0.0,0.0,0.0,0.0,0,1,0.9999999999999999,1.0,0.0,0.0,1.114344751112096,0,0.8491621517111776,0,0,42
passive_control,4121,heldout,r02,0.3333333333333333,0.0,0.0,0.0,0.0,0,1,-1.0,0.7368421052631579,0.0,0.0,1.1240024357384488,0,0.8849354298012222,0,0,38
passive_control,4122,heldout,r02,0.3333333333333333,0.0,0.0,0.0,0.0,0,1,-0.9999999999999999,0.3181818181818182,0.0,0.0,1.1151776039956074,0,0.8510065648981098,0,0,44
passive_control,4123,heldout,r02,0.3333333333333333,0.0,0.0,0.0,0.0,0,1,-0.9999999999999999,0.16279069767441862,0.0,0.0,1.1110634250089126,0,0.937010797232673,0,0,43
passive_control,4124,heldout,r02,0.3333333333333333,0.0,0.0,0.0,0.0,0,1,-1.0,0.23076923076923078,0.0,0.0,1.1148287112763173,0,0.9164232967248455,0,0,52
passive_control,4125,heldout,r02,0.3333333333333333,0.0,0.0,0.0,0.0,0,1,-1.0,0.4915254237288136,0.0,0.0,1.11716698816675,0,0.851498686390468,0,0,59
passive_control,4126,heldout,r02,0.3333333333333333,0.0,0.0,0.0,0.0,0,1,-1.0,0.7,0.0,0.0,1.1147034689476438,0,0.8815953609319657,0,0,40
passive_control,4127,heldout,r02,0.3333333333333333,0.0,0.0,0.0,0.0,0,1,-1.0,0.68,0.0,0.0,1.1230119980892743,0,0.9344073237750606,0,0,25
passive_control,4128,heldout,r02,0.3333333333333333,0.0,0.0,0.0,0.0,0,1,-1.0,0.2727272727272727,0.0,0.0,1.1105888171457203,0,0.8974602062235876,0,0,33
passive_control,4129,heldout,r02,0.3333333333333333,0.0,0.0,0.0,0.0,0,1,-1.0,0.14754098360655737,0.0,0.0,1.1130844693307673,0,0.8971385170468887,0,0,61
passive_control,4100,heldout,r03,0.375,0.0,0.0,0.0,0.0,0,1,-0.9999999999999999,0.06666666666666667,0.0,0.0,1.1215564846194785,0,0.886370136008891,0,0,60
passive_control,4101,heldout,r03,0.375,0.0,0.0,0.0,0.0,0,1,-1.0,0.24,0.0,0.0,1.119489585130128,0,0.8997113047658724,0,0,50
passive_control,4102,heldout,r03,0.375,0.0,0.0,0.0,0.0,0,1,-0.9999999999999999,0.044776119402985086,0.0,0.0,1.1167415426916412,0,0.909980149004999,0,0,67
passive_control,4103,heldout,r03,0.375,0.0,0.0,0.0,0.0,1,0,-1.0,-0.5333333333333333,0.0,0.0,1.11665105088078,0,0.3266902612505799,0,0,120
passive_control,4104,heldout,r03,0.375,0.0,0.0,0.0,0.0,0,1,-0.9999999999999998,-0.22105263157894736,0.0,0.0,1.1211894697747937,0,0.834977402151351,0,0,95
passive_control,4105,heldout,r03,0.375,0.0,0.0,0.0,0.0,0,1,-0.9999999999999999,0.05263157894736842,0.0,0.0,1.1168592979057061,0,0.8638914844048097,0,0,76
passive_control,4106,heldout,r03,0.375,0.0,0.0,0.0,0.0,0,1,-1.0,0.08196721311475409,0.0,0.0,1.1203522156567227,0,0.8851106292241607,0,0,61
passive_control,4107,heldout,r03,0.375,0.0,0.0,0.0,0.0,0,1,-0.9999999999999999,-0.13333333333333333,0.0,0.0,1.116347099889942,0,0.9200379969340649,0,0,60
passive_control,4108,heldout,r03,0.375,0.0,0.0,0.0,0.0,0,1,-0.9999999999999999,0.25,0.0,0.0,1.118736316221311,0,0.7877681127314476,0,0,96
passive_control,4109,heldout,r03,0.375,0.0,0.0,0.0,0.0,0,1,-1.0,0.4444444444444444,0.0,0.0,1.1211222833864882,0,0.824471293662058,0,0,90
passive_control,4110,heldout,r03,0.375,0.0,0.0,0.0,0.0,0,1,-1.0,0.14814814814814814,0.0,0.0,1.1200114083702062,0,0.8800072295221444,0,0,54
passive_control,4111,heldout,r03,0.375,0.0,0.0,0.0,0.0,0,1,-1.0,0.6595744680851063,0.0,0.0,1.1191087566782814,0,0.8991841171324407,0,0,47
passive_control,4112,heldout,r03,0.375,0.0,0.0,0.0,0.0,0,1,1.0,-0.18333333333333332,0.0,0.0,1.1219952762301149,0,0.3269383463201203,0,0,120
passive_control,4113,heldout,r03,0.375,0.0,0.0,0.0,0.0,0,1,0.9999999999999998,-0.16666666666666666,0.0,0.0,1.1152851162250892,0,0.09411852335374656,0,0,120
passive_control,4114,heldout,r03,0.375,0.0,0.0,0.0,0.0,0,1,-0.9999999999999998,0.48717948717948717,0.0,0.0,1.1303375447708994,0,0.8975186139671192,0,0,39
passive_control,4115,heldout,r03,0.375,0.0,0.0,0.0,0.0,0,1,-1.0,0.39622641509433965,0.0,0.0,1.1233806089255816,0,0.8812993232510625,0,0,53
passive_control,4116,heldout,r03,0.375,0.0,0.0,0.0,0.0,0,1,-1.0,-0.12195121951219512,0.0,0.0,1.1167338033562344,0,0.8833695049431682,0,0,82
passive_control,4117,heldout,r03,0.375,0.0,0.0,0.0,0.0,0,1,-0.9999999999999998,-0.1743119266055046,0.0,0.0,1.1190259989255449,0,0.8710264554417279,0,0,109
passive_control,4118,heldout,r03,0.375,0.0,0.0,0.0,0.0,0,1,-0.9999999999999999,-0.23076923076923078,0.0,0.0,1.124557342761148,0,0.8798957952913127,0,0,65
passive_control,4119,heldout,r03,0.375,0.0,0.0,0.0,0.0,0,1,-1.0,-0.44,0.0,0.0,1.1170657687799177,0,0.8418060142213297,0,0,75
passive_control,4120,heldout,r03,0.375,0.0,0.0,0.0,0.0,0,1,-1.0,0.5342465753424658,0.0,0.0,1.1152489696135532,0,0.9054659435659373,0,0,73
passive_control,4121,heldout,r03,0.375,0.0,0.0,0.0,0.0,0,1,-0.9999999999999999,-0.225,0.0,0.0,1.1168423040878332,0,0.894028087017247,0,0,80
passive_control,4122,heldout,r03,0.375,0.0,0.0,0.0,0.0,0,1,-1.0,-0.18604651162790697,0.0,0.0,1.1166606238014998,0,0.8676116763141569,0,0,86
passive_control,4123,heldout,r03,0.375,0.0,0.0,0.0,0.0,0,1,-0.9999999999999999,-0.016393442622950824,0.0,0.0,1.118811169927162,0,0.899416674074924,0,0,61
passive_control,4124,heldout,r03,0.375,0.0,0.0,0.0,0.0,0,1,-1.0,-0.3617021276595745,0.0,0.0,1.1216930235952411,0,0.8609531586593306,0,0,94
passive_control,4125,heldout,r03,0.375,0.0,0.0,0.0,0.0,0,1,-1.0,0.16666666666666666,0.0,0.0,1.1206241788434141,0,0.18710814769834877,0,0,120
passive_control,4126,heldout,r03,0.375,0.0,0.0,0.0,0.0,0,1,-1.0,-0.08860759493670886,0.0,0.0,1.1150409401809835,0,0.906493687215316,0,0,79
passive_control,4127,heldout,r03,0.375,0.0,0.0,0.0,0.0,0,1,-0.9999999999999999,-0.22388059701492538,0.0,0.0,1.112895519908793,0,0.8924000078267911,0,0,67
passive_control,4128,heldout,r03,0.375,0.0,0.0,0.0,0.0,0,1,-1.0,2.3129646346357427e-18,0.0,0.0,1.118878401285091,0,0.9023412968872294,0,0,48
passive_control,4129,heldout,r03,0.375,0.0,0.0,0.0,0.0,0,1,-1.0,-0.20454545454545456,0.0,0.0,1.1184858576897037,0,0.881104788567064,0,0,88
passive_control,4100,heldout,r04,0.5714285714285714,0.0,0.0,0.0,0.0,0,1,-1.0,-0.4339622641509434,0.0,0.0,1.1238832443207982,0,0.8374306056867766,0,0,106
passive_control,4101,heldout,r04,0.5714285714285714,0.0,0.0,0.0,0.0,0,1,-1.0,-0.09278350515463915,0.0,0.0,1.1167123739631024,0,0.8875567547359559,0,0,97
passive_control,4102,heldout,r04,0.5714285714285714,0.0,0.0,0.0,0.0,0,1,-0.9999999999999999,0.01694915254237288,0.0,0.0,1.1215067582645137,0,0.8998379023641523,0,0,118
passive_control,4103,heldout,r04,0.5714285714285714,0.0,0.0,0.0,0.0,0,1,-1.0,-0.35,0.0,0.0,1.1259930536114362,0,0.15749866507715202,0,0,120
passive_control,4104,heldout,r04,0.5714285714285714,0.0,0.0,0.0,0.0,0,1,-0.9999999999999998,0.23333333333333328,0.0,0.0,1.120252746677449,0,0.13836051037168176,0,0,120
passive_control,4105,heldout,r04,0.5714285714285714,0.0,0.0,0.0,0.0,0,1,1.0,0.23333333333333334,0.0,0.0,1.1184662744334972,0,0.08638076059812452,0,0,120
passive_control,4106,heldout,r04,0.5714285714285714,0.0,0.0,0.0,0.0,0,1,1.0,0.2833333333333333,0.0,0.0,1.120090581479276,0,0.15147321105116748,0,0,120
passive_control,4107,heldout,r04,0.5714285714285714,0.0,0.0,0.0,0.0,0,1,-0.9999999999999999,0.5308641975308642,0.0,0.0,1.1268263371884686,0,0.8740411722023372,0,0,81
passive_control,4108,heldout,r04,0.5714285714285714,0.0,0.0,0.0,0.0,0,1,0.9999999999999999,0.6333333333333333,0.0,0.0,1.121050526644948,0,0.12452884769382437,0,0,120
passive_control,4109,heldout,r04,0.5714285714285714,0.0,0.0,0.0,0.0,0,1,-0.9999999999999998,0.3333333333333333,0.0,0.0,1.1220372752797032,0,0.14225926694441968,0,0,120
passive_control,4110,heldout,r04,0.5714285714285714,0.0,0.0,0.0,0.0,0,1,-1.0,-0.05660377358490566,0.0,0.0,1.120249601128353,0,0.8623487565637594,0,0,106
passive_control,4111,heldout,r04,0.5714285714285714,0.0,0.0,0.0,0.0,0,1,-1.0,0.3333333333333333,0.0,0.0,1.1227756441787065,0,0.9016613542560094,0,0,75
passive_control,4112,heldout,r04,0.5714285714285714,0.0,0.0,0.0,0.0,0,1,1.0,0.0,0.0,0.0,1.1238711071429697,0,0.14669102192492128,0,0,120
passive_control,4113,heldout,r04,0.5714285714285714,0.0,0.0,0.0,0.0,0,1,0.9999999999999998,-0.11666666666666664,0.0,0.0,1.1225832405412688,0,0.14985132564335504,0,0,120
passive_control,4114,heldout,r04,0.5714285714285714,0.0,0.0,0.0,0.0,0,1,-1.0,-0.14999999999999997,0.0,0.0,1.126653774058515,0,0.8358908565858926,0,0,80
passive_control,4115,heldout,r04,0.5714285714285714,0.0,0.0,0.0,0.0,0,1,-1.0,-0.1111111111111111,0.0,0.0,1.1239165083363019,0,0.88506740303468,0,0,81
passive_control,4116,heldout,r04,0.5714285714285714,0.0,0.0,0.0,0.0,1,0,-1.0,-0.4166666666666667,0.0,0.0,1.1194083964405366,0,0.45999194223173423,0,0,120
passive_control,4117,heldout,r04,0.5714285714285714,0.0,0.0,0.0,0.0,0,1,1.0,0.5166666666666667,0.0,0.0,1.1286659746183656,0,0.125390739133929,0,0,120
passive_control,4118,heldout,r04,0.5714285714285714,0.0,0.0,0.0,0.0,0,1,-0.9999999999999999,-0.19607843137254902,0.0,0.0,1.1253226356501578,0,0.8554690202757692,0,0,102
passive_control,4119,heldout,r04,0.5714285714285714,0.0,0.0,0.0,0.0,1,0,-1.0,-0.7333333333333333,0.0,0.0,1.1143479565017838,0,0.3456215409115896,0,0,120
passive_control,4120,heldout,r04,0.5714285714285714,0.0,0.0,0.0,0.0,0,1,-1.0,0.1,0.0,0.0,1.116476778195296,0,0.8676249699975817,0,0,120
passive_control,4121,heldout,r04,0.5714285714285714,0.0,0.0,0.0,0.0,0,1,0.9999999999999999,0.65,0.0,0.0,1.124837325595781,0,0.15557629101368192,0,0,120
passive_control,4122,heldout,r04,0.5714285714285714,0.0,0.0,0.0,0.0,1,0,-1.0,-0.16666666666666666,0.0,0.0,1.1211417723349824,0,0.3641316932992689,0,0,120
passive_control,4123,heldout,r04,0.5714285714285714,0.0,0.0,0.0,0.0,0,1,-1.0,-0.2558139534883721,0.0,0.0,1.1243287219476217,0,0.8743542159999568,0,0,86
passive_control,4124,heldout,r04,0.5714285714285714,0.0,0.0,0.0,0.0,0,1,-1.0,-0.05,0.0,0.0,1.1257330186748704,0,0.25646212640866667,0,0,120
passive_control,4125,heldout,r04,0.5714285714285714,0.0,0.0,0.0,0.0,0,1,-0.9999999999999998,0.16666666666666666,0.0,0.0,1.1257629593736775,0,0.23691542226352363,0,0,120
passive_control,4126,heldout,r04,0.5714285714285714,0.0,0.0,0.0,0.0,1,0,-1.0,0.016666666666666666,0.0,0.0,1.1175790743251435,0,0.8023971798755704,0,0,120
passive_control,4127,heldout,r04,0.5714285714285714,0.0,0.0,0.0,0.0,0,1,-0.9999999999999999,-0.5333333333333333,0.0,0.0,1.1173227407971373,0,0.8232982670999845,0,0,120
passive_control,4128,heldout,r04,0.5714285714285714,0.0,0.0,0.0,0.0,0,1,-1.0,-0.6166666666666667,0.0,0.0,1.1138780489159155,0,0.8907520143695713,0,0,120
passive_control,4129,heldout,r04,0.5714285714285714,0.0,0.0,0.0,0.0,0,1,-0.9999999999999999,-0.4,0.0,0.0,1.126187686346905,0,0.1401031699355295,0,0,120
passive_control,4100,heldout,r05,0.8333333333333334,0.0,0.0,0.0,0.0,1,0,-1.0,-0.1,0.0,0.0,1.1263611145789123,0,0.3395069340225898,0,0,120
passive_control,4101,heldout,r05,0.8333333333333334,0.0,0.0,0.0,0.0,1,0,-1.0,-0.049999999999999996,0.0,0.0,1.1254019862667812,0,0.2029991940663281,0,0,120
passive_control,4102,heldout,r05,0.8333333333333334,0.0,0.0,0.0,0.0,1,0,1.0,-0.03333333333333333,0.0,0.0,1.125072648006963,0,0.1487746911053805,0,0,120
passive_control,4103,heldout,r05,0.8333333333333334,0.0,0.0,0.0,0.0,1,0,-0.9999999999999999,-0.6,0.0,0.0,1.1245431245364168,0,0.20411260515582721,0,0,120
passive_control,4104,heldout,r05,0.8333333333333334,0.0,0.0,0.0,0.0,0,1,1.0,0.6666666666666666,0.0,0.0,1.1281671162480884,0,0.09680372397680609,0,0,120
passive_control,4105,heldout,r05,0.8333333333333334,0.0,0.0,0.0,0.0,0,1,1.0,0.18333333333333332,0.0,0.0,1.1221162568932899,0,0.1396924719152989,0,0,120
passive_control,4106,heldout,r05,0.8333333333333334,0.0,0.0,0.0,0.0,0,1,1.0,0.5666666666666667,0.0,0.0,1.1285285641680813,0,0.32120186202474926,0,0,120
passive_control,4107,heldout,r05,0.8333333333333334,0.0,0.0,0.0,0.0,1,0,-1.0,-0.016666666666666666,0.0,0.0,1.124135320523302,0,0.4609196625705376,0,0,120
passive_control,4108,heldout,r05,0.8333333333333334,0.0,0.0,0.0,0.0,0,1,1.0,1.0,0.0,0.0,1.1092682728636518,1,0.055323283032881275,0,0,60
passive_control,4109,heldout,r05,0.8333333333333334,0.0,0.0,0.0,0.0,0,1,-0.9999999999999999,0.43333333333333335,0.0,0.0,1.1315936456515308,0,0.2280149586156258,0,0,120
passive_control,4110,heldout,r05,0.8333333333333334,0.0,0.0,0.0,0.0,1,0,-1.0,-0.016666666666666666,0.0,0.0,1.1258873369830893,0,0.3396681731337771,0,0,120
passive_control,4111,heldout,r05,0.8333333333333334,0.0,0.0,0.0,0.0,0,1,1.0,0.6666666666666666,0.0,0.0,1.122189152556165,0,0.13410735274127308,0,0,120
passive_control,4112,heldout,r05,0.8333333333333334,0.0,0.0,0.0,0.0,1,0,1.0,0.2833333333333333,0.0,0.0,1.1266197286703459,0,0.18382287207683826,0,0,120
passive_control,4113,heldout,r05,0.8333333333333334,0.0,0.0,0.0,0.0,0,1,0.9999999999999998,0.5833333333333334,0.0,0.0,1.1229641225812494,0,0.1295804811444484,0,0,120
passive_control,4114,heldout,r05,0.8333333333333334,0.0,0.0,0.0,0.0,1,0,0.9999999999999998,0.38333333333333336,0.0,0.0,1.1255667652276955,0,0.3635801433872947,0,0,120
passive_control,4115,heldout,r05,0.8333333333333334,0.0,0.0,0.0,0.0,1,0,-1.0,-0.23333333333333334,0.0,0.0,1.124387276807977,0,0.37878931355342677,0,0,120
passive_control,4116,heldout,r05,0.8333333333333334,0.0,0.0,0.0,0.0,0,1,-1.0,0.03333333333333333,0.0,0.0,1.1280666233995769,0,0.21400023767845258,0,0,120
passive_control,4117,heldout,r05,0.8333333333333334,0.0,0.0,0.0,0.0,1,0,-1.0,-0.45,0.0,0.0,1.1266809276183973,0,0.21087438906645659,0,0,120
passive_control,4118,heldout,r05,0.8333333333333334,0.0,0.0,0.0,0.0,0,1,1.0,0.23333333333333334,0.0,0.0,1.1274892292382588,0,0.14071792965021596,0,0,120
passive_control,4119,heldout,r05,0.8333333333333334,0.0,0.0,0.0,0.0,1,0,1.0,-0.5,0.0,0.0,1.1275602375797988,0,0.19492925266226882,0,0,120
passive_control,4120,heldout,r05,0.8333333333333334,0.0,0.0,0.0,0.0,1,0,1.0,0.4666666666666667,0.0,0.0,1.1225658232789235,0,0.191785518162305,0,0,120
passive_control,4121,heldout,r05,0.8333333333333334,0.0,0.0,0.0,0.0,1,0,-0.9999999999999999,0.55,0.0,0.0,1.1290896410652342,0,0.2021438208783858,0,0,120
passive_control,4122,heldout,r05,0.8333333333333334,0.0,0.0,0.0,0.0,1,0,-1.0,-0.18333333333333332,0.0,0.0,1.1273996274523734,0,0.14592676435120683,0,0,120
passive_control,4123,heldout,r05,0.8333333333333334,0.0,0.0,0.0,0.0,1,0,-1.0,0.05,0.0,0.0,1.1249557221323674,0,0.35124330281337984,0,0,120
passive_control,4124,heldout,r05,0.8333333333333334,0.0,0.0,0.0,0.0,0,1,1.0,-0.45,0.0,0.0,1.1283981149286633,0,0.16035057035529135,0,0,120
passive_control,4125,heldout,r05,0.8333333333333334,0.0,0.0,0.0,0.0,0,1,1.0,0.38333333333333336,0.0,0.0,1.1281502154103213,0,0.12759458896045112,0,0,120
passive_control,4126,heldout,r05,0.8333333333333334,0.0,0.0,0.0,0.0,0,1,1.0,0.7333333333333333,0.0,0.0,1.1279720668854052,0,0.26007916421550925,0,0,120
passive_control,4127,heldout,r05,0.8333333333333334,0.0,0.0,0.0,0.0,1,0,-0.9999999999999999,-0.45,0.0,0.0,1.1208611836214226,0,0.3263715694804325,0,0,120
passive_control,4128,heldout,r05,0.8333333333333334,0.0,0.0,0.0,0.0,1,0,-1.0,-0.5166666666666667,0.0,0.0,1.1212331974000231,0,0.37185212187548294,0,0,120
passive_control,4129,heldout,r05,0.8333333333333334,0.0,0.0,0.0,0.0,1,0,1.0,-0.55,0.0,0.0,1.1287228197482697,0,0.20613143904773085,0,0,120
passive_control,4100,heldout,r06,1.2,0.0,0.0,0.0,0.0,1,0,0.9999999999999999,-0.26666666666666666,0.0,0.0,1.1304286244495643,0,0.21322019612634968,0,0,120
passive_control,4101,heldout,r06,1.2,0.0,0.0,0.0,0.0,1,0,-0.9999999999999998,-0.06666666666666667,0.0,0.0,1.1278168067833183,0,0.20823386721349874,0,0,120
passive_control,4102,heldout,r06,1.2,0.0,0.0,0.0,0.0,1,0,-1.0,-0.5333333333333333,0.0,0.0,1.1277800534028668,0,0.2075638144402246,0,0,120
passive_control,4103,heldout,r06,1.2,0.0,0.0,0.0,0.0,0,1,-1.0,-0.13274336283185842,0.0,0.0,1.1242066236479495,1,0.07544480856556347,0,0,113
passive_control,4104,heldout,r06,1.2,0.0,0.0,0.0,0.0,0,1,-0.9999999999999998,-0.25,0.0,0.0,1.1316164497086778,0,0.16916484761028636,0,0,120
passive_control,4105,heldout,r06,1.2,0.0,0.0,0.0,0.0,0,1,-1.0,0.03333333333333333,0.0,0.0,1.1274700416320613,0,0.28876695062325985,0,0,120
passive_control,4106,heldout,r06,1.2,0.0,0.0,0.0,0.0,1,0,1.0,0.08333333333333333,0.0,0.0,1.130112072369765,0,0.21405583519257246,0,0,120
passive_control,4107,heldout,r06,1.2,0.0,0.0,0.0,0.0,1,0,-0.9999999999999999,0.55,0.0,0.0,1.1244352740526844,0,0.23385752959207043,0,0,120
passive_control,4108,heldout,r06,1.2,0.0,0.0,0.0,0.0,0,1,1.0,0.5166666666666667,0.0,0.0,1.1277580711370376,0,0.12048272082455444,0,0,120
passive_control,4109,heldout,r06,1.2,0.0,0.0,0.0,0.0,0,1,1.0,0.6071428571428571,0.0,0.0,1.1113080382791065,1,0.07082798538960111,0,0,56
passive_control,4110,heldout,r06,1.2,0.0,0.0,0.0,0.0,1,0,-1.0,-0.36666666666666664,0.0,0.0,1.1265806330806314,0,0.2711677153532387,0,0,120
passive_control,4111,heldout,r06,1.2,0.0,0.0,0.0,0.0,0,1,1.0,0.8823529411764706,0.0,0.0,1.119764395463897,1,0.06274958844356815,0,0,102
passive_control,4112,heldout,r06,1.2,0.0,0.0,0.0,0.0,0,1,-1.0,0.18333333333333332,0.0,0.0,1.1264902661548792,0,0.18417210493479869,0,0,120
passive_control,4113,heldout,r06,1.2,0.0,0.0,0.0,0.0,0,1,0.9999999999999998,0.4166666666666667,0.0,0.0,1.131552968461581,0,0.2134625313491955,0,0,120
passive_control,4114,heldout,r06,1.2,0.0,0.0,0.0,0.0,0,1,-0.9999999999999998,0.24999999999999994,0.0,0.0,1.1307577285980268,0,0.2355349418931009,0,0,120
passive_control,4115,heldout,r06,1.2,0.0,0.0,0.0,0.0,1,0,-1.0,0.13333333333333333,0.0,0.0,1.128104273690058,0,0.262257288485433,0,0,120
passive_control,4116,heldout,r06,1.2,0.0,0.0,0.0,0.0,1,0,-1.0,-0.35,0.0,0.0,1.1275364316082503,0,0.22214652042405078,0,0,120
passive_control,4117,heldout,r06,1.2,0.0,0.0,0.0,0.0,1,0,-0.9999999999999999,-0.5,0.0,0.0,1.1306407625375925,0,0.26917491488946105,0,0,120
passive_control,4118,heldout,r06,1.2,0.0,0.0,0.0,0.0,0,1,1.0,0.5833333333333334,0.0,0.0,1.131075883638537,0,0.20256490046984554,0,0,120
passive_control,4119,heldout,r06,1.2,0.0,0.0,0.0,0.0,1,0,-1.0,-0.8166666666666667,0.0,0.0,1.1281251844430575,0,0.2130656684596402,0,0,120
passive_control,4120,heldout,r06,1.2,0.0,0.0,0.0,0.0,1,0,-0.9999999999999999,0.43333333333333335,0.0,0.0,1.1261137034258886,0,0.34813140245436264,0,0,120
passive_control,4121,heldout,r06,1.2,0.0,0.0,0.0,0.0,0,1,1.0,0.7333333333333333,0.0,0.0,1.128071406745242,0,0.09388783501372662,0,0,120
passive_control,4122,heldout,r06,1.2,0.0,0.0,0.0,0.0,1,0,-1.0,-0.13333333333333333,0.0,0.0,1.1283969058330632,0,0.16821318371747299,0,0,120
passive_control,4123,heldout,r06,1.2,0.0,0.0,0.0,0.0,1,0,-1.0,0.016666666666666663,0.0,0.0,1.1277931070198193,0,0.25483337829798286,0,0,120
passive_control,4124,heldout,r06,1.2,0.0,0.0,0.0,0.0,1,0,-1.0,-0.4166666666666667,0.0,0.0,1.1297000069784398,0,0.28037986931115105,0,0,120
passive_control,4125,heldout,r06,1.2,0.0,0.0,0.0,0.0,0,1,1.0,0.26666666666666666,0.0,0.0,1.1337556840911778,0,0.20246805578017749,0,0,120
passive_control,4126,heldout,r06,1.2,0.0,0.0,0.0,0.0,0,1,1.0,0.4,0.0,0.0,1.1276678375693794,0,0.10351597581719406,0,0,120
passive_control,4127,heldout,r06,1.2,0.0,0.0,0.0,0.0,1,0,-1.0,-0.55,0.0,0.0,1.1233627841962872,0,0.21521599612653988,0,0,120
passive_control,4128,heldout,r06,1.2,0.0,0.0,0.0,0.0,0,1,1.0,0.2,0.0,0.0,1.1274406240273984,0,0.1364437218035046,0,0,120
passive_control,4129,heldout,r06,1.2,0.0,0.0,0.0,0.0,0,1,0.9999999999999999,-0.21666666666666667,0.0,0.0,1.131755609191681,0,0.1111525744719687,0,0,120
passive_control,4100,heldout,r07,2.0,0.0,0.0,0.0,0.0,1,0,-1.0,0.35,0.0,0.0,1.1337986784870444,0,0.21006710103570703,0,0,120
passive_control,4101,heldout,r07,2.0,0.0,0.0,0.0,0.0,0,1,-1.0,-0.25,0.0,0.0,1.1330136844776206,0,0.2425830231365151,0,0,120
passive_control,4102,heldout,r07,2.0,0.0,0.0,0.0,0.0,1,0,-0.9999999999999999,-0.06666666666666667,0.0,0.0,1.1313991790536064,0,0.1663235421674331,0,0,120
passive_control,4103,heldout,r07,2.0,0.0,0.0,0.0,0.0,1,0,-0.9999999999999999,-0.5833333333333334,0.0,0.0,1.1333623005557427,0,0.19559392160927622,0,0,120
passive_control,4104,heldout,r07,2.0,0.0,0.0,0.0,0.0,0,1,-0.9999999999999998,3.700743415417188e-17,0.0,0.0,1.118950196861705,1,0.06773066508827114,0,0,60
passive_control,4105,heldout,r07,2.0,0.0,0.0,0.0,0.0,1,0,-1.0,-0.2833333333333333,0.0,0.0,1.129303300500813,0,0.20010281238983263,0,0,120
passive_control,4106,heldout,r07,2.0,0.0,0.0,0.0,0.0,0,1,1.0,0.5,0.0,0.0,1.1288609099390037,0,0.12091196728507676,0,0,120
passive_control,4107,heldout,r07,2.0,0.0,0.0,0.0,0.0,1,0,1.0,0.13333333333333333,0.0,0.0,1.1311642031904048,0,0.17465142452941926,0,0,120
passive_control,4108,heldout,r07,2.0,0.0,0.0,0.0,0.0,0,1,0.9999999999999999,-0.06666666666666667,0.0,0.0,1.131438608648468,0,0.10096166370259534,0,0,120
passive_control,4109,heldout,r07,2.0,0.0,0.0,0.0,0.0,0,1,-1.0,0.8166666666666667,0.0,0.0,1.1346003190464964,0,0.14675684165061167,0,0,120
passive_control,4110,heldout,r07,2.0,0.0,0.0,0.0,0.0,1,0,-1.0,0.5166666666666667,0.0,0.0,1.1295962422808181,0,0.1553488299066756,0,0,120
passive_control,4111,heldout,r07,2.0,0.0,0.0,0.0,0.0,0,1,0.9999999999999999,0.8,0.0,0.0,1.1300248123723367,0,0.1545188203352062,0,0,120
passive_control,4112,heldout,r07,2.0,0.0,0.0,0.0,0.0,1,0,-1.0,-0.23333333333333334,0.0,0.0,1.1323355214452209,0,0.22397681760055746,0,0,120
passive_control,4113,heldout,r07,2.0,0.0,0.0,0.0,0.0,0,1,0.9999999999999998,0.6578947368421053,0.0,0.0,1.1190722521687726,1,0.06224157465007261,0,0,76
passive_control,4114,heldout,r07,2.0,0.0,0.0,0.0,0.0,1,0,0.9999999999999998,0.4166666666666667,0.0,0.0,1.1312196190540325,0,0.21324689650870657,0,0,120
passive_control,4115,heldout,r07,2.0,0.0,0.0,0.0,0.0,1,0,-1.0,-0.4166666666666667,0.0,0.0,1.1323471247669796,0,0.2578557628928671,0,0,120
passive_control,4116,heldout,r07,2.0,0.0,0.0,0.0,0.0,1,0,-1.0,-0.36666666666666664,0.0,0.0,1.132293107235428,0,0.2560290048023319,0,0,120
passive_control,4117,heldout,r07,2.0,0.0,0.0,0.0,0.0,1,0,-1.0,-0.35,0.0,0.0,1.1329366060380945,0,0.25122529465327154,0,0,120
passive_control,4118,heldout,r07,2.0,0.0,0.0,0.0,0.0,0,1,1.0,0.65,0.0,0.0,1.1345165932429546,0,0.20335894943352525,0,0,120
passive_control,4119,heldout,r07,2.0,0.0,0.0,0.0,0.0,1,0,-1.0,-0.8,0.0,0.0,1.1307230777696082,0,0.27813444839295626,0,0,120
passive_control,4120,heldout,r07,2.0,0.0,0.0,0.0,0.0,1,0,1.0,0.5,0.0,0.0,1.1292520995187492,0,0.1944603791478417,0,0,120
passive_control,4121,heldout,r07,2.0,0.0,0.0,0.0,0.0,0,1,0.9999999999999999,1.0,0.0,0.0,1.1331149274431653,0,0.14191490875378576,0,0,120
passive_control,4122,heldout,r07,2.0,0.0,0.0,0.0,0.0,1,0,-1.0,-0.3333333333333333,0.0,0.0,1.1350193400395077,0,0.2837981412369649,0,0,120
passive_control,4123,heldout,r07,2.0,0.0,0.0,0.0,0.0,1,0,0.9999999999999999,-0.11666666666666665,0.0,0.0,1.1324440738825705,0,0.25136053596700986,0,0,120
passive_control,4124,heldout,r07,2.0,0.0,0.0,0.0,0.0,1,0,1.0,-0.4,0.0,0.0,1.1351702640491084,0,0.26960592188144505,0,0,120
passive_control,4125,heldout,r07,2.0,0.0,0.0,0.0,0.0,0,1,0.9999999999999998,1.0,0.0,0.0,1.1194803920115295,1,0.06034270498739928,0,0,65
passive_control,4126,heldout,r07,2.0,0.0,0.0,0.0,0.0,1,0,1.0,0.16666666666666666,0.0,0.0,1.1318410075834615,0,0.22073809763644442,0,0,120
passive_control,4127,heldout,r07,2.0,0.0,0.0,0.0,0.0,1,0,-0.9999999999999999,-0.3333333333333333,0.0,0.0,1.1300368121913758,0,0.2177734195494409,0,0,120
passive_control,4128,heldout,r07,2.0,0.0,0.0,0.0,0.0,1,0,-1.0,0.03333333333333333,0.0,0.0,1.1290386165375588,0,0.20712977541532904,0,0,120
passive_control,4129,heldout,r07,2.0,0.0,0.0,0.0,0.0,1,0,0.9999999999999999,-0.25,0.0,0.0,1.1370879798365567,0,0.2650960363284721,0,0,120
passive_control,4100,heldout,r08,3.3333333333333335,0.0,0.0,0.0,0.0,1,0,-0.9999999999999999,-0.38333333333333336,0.0,0.0,1.1385994456021686,0,0.3312260600331221,0,0,120
passive_control,4101,heldout,r08,3.3333333333333335,0.0,0.0,0.0,0.0,0,1,-1.0,-0.13333333333333333,0.0,0.0,1.134513970018151,0,0.17892043817535708,0,0,120
passive_control,4102,heldout,r08,3.3333333333333335,0.0,0.0,0.0,0.0,1,0,0.9999999999999999,-1.6653345369377347e-17,0.0,0.0,1.136236250549555,0,0.23194874010682262,0,0,120
passive_control,4103,heldout,r08,3.3333333333333335,0.0,0.0,0.0,0.0,0,1,-1.0,-0.38333333333333336,0.0,0.0,1.1317267137934244,0,0.1126524705496348,0,0,120
passive_control,4104,heldout,r08,3.3333333333333335,0.0,0.0,0.0,0.0,0,1,-0.9999999999999998,0.3846153846153845,0.0,0.0,1.1308525110900796,1,0.06397390247657596,0,0,104
passive_control,4105,heldout,r08,3.3333333333333335,0.0,0.0,0.0,0.0,1,0,-1.0,-0.05,0.0,0.0,1.1360212752687424,0,0.3682063577341979,0,0,120
passive_control,4106,heldout,r08,3.3333333333333335,0.0,0.0,0.0,0.0,0,1,1.0,0.3,0.0,0.0,1.1354308096019445,0,0.13681352130586755,0,0,120
passive_control,4107,heldout,r08,3.3333333333333335,0.0,0.0,0.0,0.0,1,0,0.9999999999999999,-0.016666666666666666,0.0,0.0,1.1365367366334989,0,0.20286186035343795,0,0,120
passive_control,4108,heldout,r08,3.3333333333333335,0.0,0.0,0.0,0.0,0,1,1.0,-0.26666666666666666,0.0,0.0,1.135130051240913,0,0.09129894263746634,0,0,120
passive_control,4109,heldout,r08,3.3333333333333335,0.0,0.0,0.0,0.0,0,1,-1.0,0.65,0.0,0.0,1.1343052820215314,0,0.12034203029821049,0,0,120
passive_control,4110,heldout,r08,3.3333333333333335,0.0,0.0,0.0,0.0,1,0,-1.0,0.4166666666666667,0.0,0.0,1.1394801905752856,0,0.3538621605084833,0,0,120
passive_control,4111,heldout,r08,3.3333333333333335,0.0,0.0,0.0,0.0,0,1,1.0,0.75,0.0,0.0,1.1324540304442123,0,0.10325003452064917,0,0,120
passive_control,4112,heldout,r08,3.3333333333333335,0.0,0.0,0.0,0.0,0,1,-1.0,0.0,0.0,0.0,1.1354554198140652,0,0.2323158699057041,0,0,120
passive_control,4113,heldout,r08,3.3333333333333335,0.0,0.0,0.0,0.0,0,1,-0.9999999999999998,-0.18811881188118812,0.0,0.0,1.1264397730724,1,0.06344164778316365,0,0,101
passive_control,4114,heldout,r08,3.3333333333333335,0.0,0.0,0.0,0.0,0,1,0.9999999999999998,0.05000000000000002,0.0,0.0,1.137468432171475,0,0.33593148406553275,0,0,120
passive_control,4115,heldout,r08,3.3333333333333335,0.0,0.0,0.0,0.0,1,0,1.0,0.2,0.0,0.0,1.1377581028273878,0,0.23628900916380377,0,0,120
passive_control,4116,heldout,r08,3.3333333333333335,0.0,0.0,0.0,0.0,0,1,-1.0,-0.3333333333333333,0.0,0.0,1.132111836646629,0,0.1398251419906566,0,0,120
passive_control,4117,heldout,r08,3.3333333333333335,0.0,0.0,0.0,0.0,1,0,-1.0,-0.2,0.0,0.0,1.1391596528072925,0,0.3834468699009027,0,0,120
passive_control,4118,heldout,r08,3.3333333333333335,0.0,0.0,0.0,0.0,0,1,-1.0,-0.23333333333333334,0.0,0.0,1.1386446531220717,0,0.3752431657018317,0,0,120
passive_control,4119,heldout,r08,3.3333333333333335,0.0,0.0,0.0,0.0,1,0,1.0,-0.23333333333333334,0.0,0.0,1.1345104741963798,0,0.23969152936993676,0,0,120
passive_control,4120,heldout,r08,3.3333333333333335,0.0,0.0,0.0,0.0,0,1,0.9999999999999999,0.8833333333333333,0.0,0.0,1.1326745430223624,0,0.10573318537117085,0,0,120
passive_control,4121,heldout,r08,3.3333333333333335,0.0,0.0,0.0,0.0,0,1,1.0,1.0,0.0,0.0,1.1370939588356272,0,0.1507055190519152,0,0,120
passive_control,4122,heldout,r08,3.3333333333333335,0.0,0.0,0.0,0.0,1,0,-1.0,-0.5,0.0,0.0,1.134872029383415,0,0.2020130265201726,0,0,120
passive_control,4123,heldout,r08,3.3333333333333335,0.0,0.0,0.0,0.0,0,1,1.0,-0.049999999999999996,0.0,0.0,1.1309750612771323,0,0.15234825262657412,0,0,120
passive_control,4124,heldout,r08,3.3333333333333335,0.0,0.0,0.0,0.0,1,0,1.0,-0.21666666666666667,0.0,0.0,1.1381166610074127,0,0.27993098111378756,0,0,120
passive_control,4125,heldout,r08,3.3333333333333335,0.0,0.0,0.0,0.0,0,1,1.0,0.42857142857142855,0.0,0.0,1.1143125205173228,1,0.06353989244400617,0,0,49
passive_control,4126,heldout,r08,3.3333333333333335,0.0,0.0,0.0,0.0,0,1,1.0,0.15,0.0,0.0,1.1375678058200365,0,0.32015278165753264,0,0,120
passive_control,4127,heldout,r08,3.3333333333333335,0.0,0.0,0.0,0.0,1,0,1.0,0.03333333333333334,0.0,0.0,1.1383286113284186,0,0.34238715154116744,0,0,120
passive_control,4128,heldout,r08,3.3333333333333335,0.0,0.0,0.0,0.0,1,0,-1.0,-0.23333333333333334,0.0,0.0,1.1339165963460587,0,0.20144478370210325,0,0,120
passive_control,4129,heldout,r08,3.3333333333333335,0.0,0.0,0.0,0.0,1,0,1.0,-0.4,0.0,0.0,1.136096151644565,0,0.20475697325613387,0,0,120
passive_control,4100,heldout,r09,6.5,0.0,0.0,0.0,0.0,1,0,1.0,0.45,0.0,0.0,1.1408512864982845,0,0.2511628133305781,0,0,120
passive_control,4101,heldout,r09,6.5,0.0,0.0,0.0,0.0,1,0,-0.9999999999999998,-0.26666666666666666,0.0,0.0,1.139640397442307,0,0.3418126123519282,0,0,120
passive_control,4102,heldout,r09,6.5,0.0,0.0,0.0,0.0,0,1,-0.9999999999999999,0.18333333333333332,0.0,0.0,1.135427395626795,0,0.14370188510229334,0,0,120
passive_control,4103,heldout,r09,6.5,0.0,0.0,0.0,0.0,1,0,-0.9999999999999999,-0.5,0.0,0.0,1.13910131179992,0,0.24673284970059667,0,0,120
passive_control,4104,heldout,r09,6.5,0.0,0.0,0.0,0.0,0,1,-0.9999999999999998,-0.06666666666666668,0.0,0.0,1.1357035647967577,0,0.08103571083901594,0,0,120
passive_control,4105,heldout,r09,6.5,0.0,0.0,0.0,0.0,1,0,0.9999999999999999,0.11666666666666667,0.0,0.0,1.1358970106463593,0,0.19926113292744632,0,0,120
passive_control,4106,heldout,r09,6.5,0.0,0.0,0.0,0.0,0,1,1.0,0.6833333333333333,0.0,0.0,1.1332466670408676,0,0.12385122491736043,0,0,120
passive_control,4107,heldout,r09,6.5,0.0,0.0,0.0,0.0,0,1,1.0,0.5166666666666667,0.0,0.0,1.1386364728202698,0,0.18734174312164328,0,0,120
passive_control,4108,heldout,r09,6.5,0.0,0.0,0.0,0.0,0,1,-0.9999999999999999,0.21874999999999994,0.0,0.0,1.1191388057354468,1,0.058037611501988315,0,0,64
passive_control,4109,heldout,r09,6.5,0.0,0.0,0.0,0.0,0,1,-1.0,0.6166666666666667,0.0,0.0,1.1391916974246645,0,0.1716867754831821,0,0,120
passive_control,4110,heldout,r09,6.5,0.0,0.0,0.0,0.0,1,0,-1.0,0.2,0.0,0.0,1.1396996566967084,0,0.27980959845109676,0,0,120
passive_control,4111,heldout,r09,6.5,0.0,0.0,0.0,0.0,0,1,1.0,0.3333333333333333,0.0,0.0,1.1318233197495133,0,0.09316173397970272,0,0,120
passive_control,4112,heldout,r09,6.5,0.0,0.0,0.0,0.0,0,1,-1.0,0.06666666666666667,0.0,0.0,1.1341739121150065,0,0.08951377551530372,0,0,120
passive_control,4113,heldout,r09,6.5,0.0,0.0,0.0,0.0,0,1,0.9999999999999998,0.627906976744186,0.0,0.0,1.1258132501885136,1,0.061540736768514716,0,0,86
passive_control,4114,heldout,r09,6.5,0.0,0.0,0.0,0.0,1,0,1.0,0.48333333333333334,0.0,0.0,1.1372472255423125,0,0.22761715528362003,0,0,120
passive_control,4115,heldout,r09,6.5,0.0,0.0,0.0,0.0,1,0,1.0,0.25,0.0,0.0,1.1384077386462108,0,0.23849697645881066,0,0,120
passive_control,4116,heldout,r09,6.5,0.0,0.0,0.0,0.0,1,0,1.0,-0.03333333333333333,0.0,0.0,1.1374327467132441,0,0.20889637422144613,0,0,120
passive_control,4117,heldout,r09,6.5,0.0,0.0,0.0,0.0,1,0,1.0,-0.5166666666666667,0.0,0.0,1.1406071401467652,0,0.3183007374765016,0,0,120
passive_control,4118,heldout,r09,6.5,0.0,0.0,0.0,0.0,0,1,1.0,0.4666666666666667,0.0,0.0,1.1388892532903143,0,0.1664971806176964,0,0,120
passive_control,4119,heldout,r09,6.5,0.0,0.0,0.0,0.0,1,0,-1.0,-0.7333333333333333,0.0,0.0,1.1380901439417062,0,0.2560994419726807,0,0,120
passive_control,4120,heldout,r09,6.5,0.0,0.0,0.0,0.0,0,1,1.0,0.36666666666666664,0.0,0.0,1.1323331676089752,0,0.10838761122855803,0,0,120
passive_control,4121,heldout,r09,6.5,0.0,0.0,0.0,0.0,0,1,0.9999999999999999,1.0,0.0,0.0,1.1361516749004097,0,0.11223743018872773,0,0,120
passive_control,4122,heldout,r09,6.5,0.0,0.0,0.0,0.0,1,0,-1.0,-0.016666666666666666,0.0,0.0,1.1403785774373345,0,0.2662230105176563,0,0,120
passive_control,4123,heldout,r09,6.5,0.0,0.0,0.0,0.0,0,1,-0.9999999999999998,-0.6166666666666667,0.0,0.0,1.1348773447907994,0,0.141187554814297,0,0,120
passive_control,4124,heldout,r09,6.5,0.0,0.0,0.0,0.0,0,1,1.0,-0.13333333333333333,0.0,0.0,1.1391238381610076,0,0.20698592153207734,0,0,120
passive_control,4125,heldout,r09,6.5,0.0,0.0,0.0,0.0,0,1,1.0,0.3333333333333333,0.0,0.0,1.1102264486678715,1,0.05439284402977368,0,0,42
passive_control,4126,heldout,r09,6.5,0.0,0.0,0.0,0.0,0,1,1.0,0.75,0.0,0.0,1.1408739172203455,0,0.31625317886099363,0,0,120
passive_control,4127,heldout,r09,6.5,0.0,0.0,0.0,0.0,1,0,1.0,-0.3333333333333333,0.0,0.0,1.1363414850065297,0,0.2604769611025145,0,0,120
passive_control,4128,heldout,r09,6.5,0.0,0.0,0.0,0.0,1,0,-1.0,-0.25,0.0,0.0,1.1378284086947796,0,0.293433092879323,0,0,120
passive_control,4129,heldout,r09,6.5,0.0,0.0,0.0,0.0,0,1,0.9999999999999999,-0.4,0.0,0.0,1.1371969759965235,0,0.13908667850692308,0,0,120
