mode,world,policy,audit_intervention,delay,t_irrev,containment_strength,capture_threshold,n,permanence_wilson_lo,permanence_wilson_hi,R,permanence_probability,collapse_probability,capture_index,strict_zero_capture_probability,resource_hhi,max_lineage_share,exploitative_strategy_mass,cooperative_strategy_mass,strategy_diversity,response_diversity,welfare,minimum_zone_welfare,neighbor_harm_volume,aid_interception_volume,extraction_volume,deception_level,catastrophe_recovery_rate,mutation_survival,containment_cost,false_containment,delayed_consequence_true_harm_mi,irreversible_failures,containment_events,mutation_events,selection_delta_seen,initial_exploitative_strategy_mass,exploit_payoff_total,coop_payoff_total,no_strategy_observation_asserted,capture_component_resource_concentration,capture_component_exploit_mass,capture_component_neighbor_harm,capture_component_aid_interception,capture_component_coop_loss,delta_capture_index,delta_exploitative_strategy_mass,delta_welfare,delta_response_diversity
governance,W1_proxy_goodhart,feature_proxy,audit_no_intervention,2,8,0.62,0.5,25,0.0,0.13319649395317873,4.0,0.0,1.0,0.6753252025209823,0.0,0.1462345860653639,0.012788531577120264,0.645093251139194,0.35490674886073476,0.6431299153269933,0.956083803187707,0.007122822713333848,0.0,31.015297816129586,1.7017808436945507,1.8917464792817347,0.4619957968063795,1.0,1658.84,0.0,0.0,0.017131097640714615,9.0,0.0,1658.84,1.0,0.009640453117769917,105667.40673953283,7251.391363890188,1.0,0.1003527855835794,1.0,1.0,1.0,0.1549839312839647,0.008902078851289241,0.015105974266545696,0.0012353379856071675,0.0015063922196820734
governance,W1_proxy_goodhart,consequence_neighbor,audit_no_intervention,2,8,0.62,0.5,25,0.0,0.13319649395317873,4.0,0.0,1.0,0.666423123669693,0.0,0.14098028194324358,0.0122277609419966,0.6299872768726483,0.37001272312728367,0.7102319704663793,0.954577410968025,0.00588748472772668,0.0,32.114270078407216,1.6816372689060992,1.8621837677035666,0.47455654326649893,1.0,1668.52,0.0,0.0,0.023396027508701626,9.0,0.0,1668.52,1.0,0.008875036852013686,110516.92023184357,7443.366010339353,1.0,0.08534048809180705,0.9971947487150787,1.0,1.0,0.12289124432849004,0.0,0.0,0.0,0.0
governance,W1_proxy_goodhart,response_to_aid,audit_no_intervention,2,8,0.62,0.5,25,0.0,0.13319649395317873,4.0,0.0,1.0,0.6440299455657145,0.0,0.13828927413264297,0.012216840323932119,0.5852482260975137,0.4147517739024183,0.6228636191736201,0.9586546284337107,0.006880514110934095,0.0,31.152344533790178,1.1900072623113878,1.324311126396184,0.42890380013473517,1.0,1673.44,0.0,0.0,0.022998241966467728,9.0,0.0,1673.44,1.0,0.007874192511835004,102939.8868156496,8265.497573540211,1.0,0.0776518943472339,0.9821592301653029,1.0,0.9758132657495875,0.037133030003999805,-0.02239317810397856,-0.044739050775134626,0.000993029383207415,0.00407721746568579
governance,W1_proxy_goodhart,action_channel_containment,audit_no_intervention,2,8,0.62,0.5,25,0.23403057664190918,0.5926087221487266,4.0,0.4,0.0,0.5045377624581435,0.0,0.18789865571978953,0.15964805684528124,0.26157258147013374,0.738427418525248,0.23919698765882433,0.9106794307258193,0.9525998232631386,0.8492510799438133,0.38717614450854826,0.9966274685810198,1.1170943363028214,0.26594177853967793,1.0,330.36,0.015010692265348971,0.0,0.016995922001342995,1.64,156.88,330.36,1.0,0.23132186750378192,7.8217541149989644,891.3675544108264,1.0,0.21939298459622414,0.4509872094312651,1.0,0.8666325813748,0.0,-0.1618853612115495,-0.3684146954025146,0.9467123385354119,-0.0438979802422057
governance,W1_proxy_goodhart,consequence_plus_diversity,audit_no_intervention,2,8,0.62,0.5,25,0.40739127785127344,0.7659694233580909,4.0,0.6,0.0,0.4968419682041897,0.0,0.16586282568523536,0.1384661571467322,0.28658645491978857,0.7134135450752914,0.22878799520033877,0.9278291030607191,0.9614675484814862,0.8955298605304332,0.40861011841632155,0.9512380102200625,1.0665880311911997,0.2757617229548901,1.0,318.12,0.014418930622509032,0.0,0.01646835935876368,1.24,142.2,318.12,1.0,0.24915743898083695,-8.455577052309259,889.097208246414,1.0,0.1564334702117836,0.4941145774479114,1.0,0.8271634871478803,0.0,-0.16958115546550334,-0.34340082195285976,0.9555800637537595,-0.02674830790730587
governance,W2_pure_capture,feature_proxy,audit_no_intervention,2,8,0.62,0.5,25,0.0,0.13319649395317873,4.0,0.0,1.0,0.6347855390610104,0.0,0.1787605806927016,0.016741203780478636,0.619427585347867,0.3805724146520398,0.35596804776862123,0.9605391511878786,0.01738070720393321,0.0,17.945577389982354,0.752726633793239,0.932671515619585,0.15502603768648177,1.0,1591.32,0.0,0.0,0.0001434993515400796,9.0,0.0,1591.32,1.0,0.014474081565826896,39230.90532799321,5818.879437449521,1.0,0.19328419880454425,1.0,1.0,0.6545448989506427,0.09387520320942899,-0.07543346260070738,-0.04435633241558001,0.0038161696170744067,0.0041359298335077455
governance,W2_pure_capture,consequence_neighbor,audit_no_intervention,2,8,0.62,0.5,25,0.0,0.13319649395317873,4.0,0.0,1.0,0.7102190016617178,0.0,0.19112775138910298,0.017454622841047894,0.663783917763447,0.33621608223645594,0.4186386925356533,0.9564032213543708,0.013564537586858803,0.0,18.982071366942556,1.345594142989241,1.8059744390772847,0.1637903944648975,1.0,1588.0,0.0,0.0,0.0013291556409042947,9.0,0.0,1588.0,1.0,0.017040933133994237,42575.39239414985,4839.384822370816,1.0,0.2286189722228339,1.0,1.0,1.0,0.19948551848462862,0.0,0.0,0.0,0.0
governance,W2_pure_capture,response_to_aid,audit_no_intervention,2,8,0.62,0.5,25,0.0,0.13319649395317873,4.0,0.0,1.0,0.6683781260907984,0.0,0.1788832082965123,0.01662098592636335,0.6348911499412797,0.36510885005862775,0.40382889551932616,0.9577720127858069,0.011679092901430398,0.0,18.992301897092787,0.9673381401822394,1.2517368221601013,0.16272326887475116,1.0,1598.24,0.0,0.0,0.0009733513225901855,9.0,0.0,1598.24,1.0,0.014978227018736263,42273.040928048205,5547.773360412935,1.0,0.19363456338686064,1.0,1.0,0.841163600158469,0.13069321414612436,-0.04184087557091942,-0.02889276782216732,-0.001885444685428405,0.0013687914314360894
governance,W2_pure_capture,action_channel_containment,audit_no_intervention,2,8,0.62,0.5,50,0.05617523710624647,0.2380507888662358,4.0,0.12,0.0,0.5436503585513285,0.0,0.16838648955568214,0.14308790488498901,0.367844870337843,0.632155129657708,0.21241881945816815,0.9267578134911699,0.945880547965516,0.8383342496278146,0.39096358672142856,0.9971911423243472,1.3219888821209256,0.13908448448062571,1.0,351.08,0.013873987857255994,0.0,0.012959590037475315,1.36,139.0,351.08,1.0,0.2981739944446629,-7.067226618919976,854.2953454207558,1.0,0.16364393841306007,0.6342152936859363,1.0,0.8671227324559543,0.0,-0.16656864311038933,-0.295939047425604,0.9323160103786572,-0.029645407863200912
governance,W2_pure_capture,consequence_plus_diversity,audit_no_intervention,2,8,0.62,0.5,50,0.08337321362087696,0.2851448096176598,4.0,0.16,0.0,0.542193859286175,0.0,0.16652543659637128,0.13156054427586855,0.3784835042215577,0.6215164957740219,0.20853632821385015,0.917555691826717,0.9517008827110104,0.8867678509721219,0.40153693745413194,0.9556179771061055,1.2642194628428889,0.13899880096744321,1.0,344.08,0.014667926722108735,0.0,0.012059331927603117,1.48,143.76,344.08,1.0,0.3008113651840355,-24.092757018751808,830.655456808743,1.0,0.15832664424360052,0.6525577658992374,1.0,0.8309721540053091,0.0,-0.16802514237554278,-0.28530041354188934,0.9381363451241516,-0.0388475295276538
governance,W3_catastrophe_ambiguity,feature_proxy,audit_no_intervention,2,8,0.62,0.5,25,0.0,0.13319649395317873,4.0,0.0,1.0,0.6619613307824642,0.0,0.18665382389594135,0.018187656587950372,0.5484169127140749,0.45158308728582397,0.38297171506561034,0.9726434104936805,0.14287845576758215,0.0,19.850525714622407,1.3218548267408625,1.4852768568595303,0.2962203205799982,0.0,1545.12,0.0,0.0,0.0016703631280568193,8.36,0.0,1545.12,1.0,0.006265167929831617,64286.22216376838,6111.548699759463,1.0,0.2158363222423722,0.9422474643479234,1.0,0.9997646577345977,0.004555674743559943,0.012691696140867958,0.01709936759483277,0.044795589037444794,0.0018661666626650364
governance,W3_catastrophe_ambiguity,consequence_neighbor,audit_no_intervention,2,8,0.62,0.5,25,0.0,0.13319649395317873,4.0,0.0,1.0,0.6492696346415963,0.0,0.17920816745632173,0.01654764570516137,0.5313175451192421,0.4686824548806658,0.4452880360254913,0.9707772438310155,0.09808286673013736,0.0,20.729403259707468,1.4141140687010476,1.58284159206146,0.3063633518445688,0.0,1530.68,0.0,0.0,0.009652662471991763,8.72,0.0,1530.68,1.0,0.005499487333994995,67621.3683179268,6556.036199307985,1.0,0.1945630181291733,0.9156206505375148,1.0,1.0,0.0006132566844928789,0.0,0.0,0.0,0.0
governance,W3_catastrophe_ambiguity,response_to_aid,audit_no_intervention,2,8,0.62,0.5,25,0.0,0.13319649395317873,4.0,0.0,1.0,0.6488324994511384,0.0,0.18288794138401512,0.017107845988375,0.5269145736963644,0.47308542630354034,0.4016415890955595,0.9718973669698702,0.10995077823081363,0.0,21.022490090495562,1.2914950247021266,1.448877092407837,0.29308616140588833,0.0,1533.72,0.0,0.0,0.009706915852986499,8.68,0.0,1533.72,1.0,0.005648259246849814,68558.59075158364,6569.912347028123,1.0,0.20507665792258295,0.9072826377703308,1.0,0.9961989175746484,0.0016443899752019721,-0.0004371351904578491,-0.004402971422877711,0.011867911500676273,0.0011201231388546784
governance,W3_catastrophe_ambiguity,action_channel_containment,audit_no_intervention,2,8,0.62,0.5,25,0.6534598601976183,0.9359665239142201,4.0,0.84,0.0,0.4561845840012736,0.0,0.24791434007676105,0.21458043625081114,0.10489075890312771,0.8951092410943318,0.15688020512842052,0.9359656778936286,0.9444911335532423,0.818172752313507,0.32954830498187687,0.9166041638192229,1.03405000482067,0.1990284943354123,0.9673176817434006,460.44,0.013579921705567218,0.7528,0.010942482636789106,1.92,136.0,460.44,1.0,0.07388634635527183,6.0900719169977755,1121.7719017561135,1.0,0.39086636847328565,0.18084613603987537,1.0,0.7970470989732373,0.0,-0.19308505064032266,-0.4264267862161144,0.846408266823105,-0.03481156593738688
governance,W3_catastrophe_ambiguity,consequence_plus_diversity,audit_no_intervention,2,8,0.62,0.5,25,0.6534598601976183,0.9359665239142201,4.0,0.84,0.0,0.4613356792096321,0.0,0.24937650554785284,0.21733769236146913,0.11386402171322199,0.8861359782841914,0.16182256320065494,0.943938328784822,0.949021517886604,0.8339757968599466,0.33408218746318197,0.9158382622253204,1.0303294689210343,0.20260893758722723,0.9654876983591995,443.24,0.013569746213646483,0.8952,0.011290936858987183,2.2,128.44,443.24,1.0,0.07573271632718763,8.321698820135508,1068.0038218784325,1.0,0.3950439841049765,0.19631727881590003,1.0,0.7963810975872352,0.0,-0.18793395543196417,-0.41745352340602015,0.8509386511564667,-0.026838915046193512
governance,W4_scavenger_catastrophe,feature_proxy,audit_no_intervention,2,8,0.62,0.5,25,0.0,0.13319649395317873,4.0,0.0,1.0,0.6641635895455008,0.0,0.16606489291761004,0.01442601080569761,0.660936627543681,0.33906337245623874,0.38333378565207943,0.9936161209584575,0.12248527952839958,0.0,8.470810102637941,0.9254837673448405,0.7548219987834434,0.20581102888165656,0.0,1547.88,0.0,0.0,0.002697784449244444,8.48,0.0,1547.88,1.0,0.011744933367503606,17461.9007178893,4135.849617080445,1.0,0.15701080516142554,1.0,1.0,0.8047684933433397,0.19270625605657435,-0.058185091517307996,-0.030667983919162256,0.00021028497593797435,0.00011821167433478941
governance,W4_scavenger_catastrophe,consequence_neighbor,audit_no_intervention,2,8,0.62,0.5,25,0.0,0.13319649395317873,4.0,0.0,1.0,0.7223486810628088,0.0,0.19461775628891442,0.01578014319820233,0.6916046114628432,0.30839538853706905,0.41016881618007534,0.9934979092841227,0.1222749945524616,0.0,11.38430938489935,2.2453566213329728,1.2367229729150966,0.19963564043365015,0.0,1538.04,0.0,0.0,0.0006084367978881988,8.8,0.0,1538.04,1.0,0.014219547391562377,24483.518029306615,3645.2383271740323,1.0,0.23859041479372378,1.0,1.0,1.0,0.2657252653879308,0.0,0.0,0.0,0.0
governance,W4_scavenger_catastrophe,response_to_aid,audit_no_intervention,2,8,0.62,0.5,25,0.0,0.13319649395317873,4.0,0.0,1.0,0.7124575429080352,0.0,0.1910684824172424,0.015625802351964355,0.6689351145457073,0.3298438533562928,0.4043988747273306,0.993487906212698,0.13577768419823152,0.0,11.119626418852937,2.058172244644096,1.1702382200297419,0.19633938776377277,0.0,1531.6,0.0,0.0,0.0006253991134540615,8.72,0.0,1531.6,1.0,0.01308059089138341,22942.415103260944,3904.785554046203,1.0,0.22844963230323231,1.0,1.0,1.0,0.2146574920088267,-0.009891138154773604,-0.022669496917135934,0.013502689645769922,-1.0003071424735666e-05
governance,W4_scavenger_catastrophe,action_channel_containment,audit_no_intervention,2,8,0.62,0.5,50,0.4230578680014353,0.6883801278976466,4.0,0.56,0.0,0.5005546426484289,0.0,0.1606939165628053,0.11789827197145707,0.24730435185709038,0.7525532801271397,0.32350925554558985,0.965708616715127,0.965448935188551,0.8845783026068623,0.37873117248539173,1.3366296513654583,0.8594716667042698,0.13150262962805784,0.9819690519491084,484.72,0.01049064872339867,0.7668,0.010350125528271813,0.92,113.6,484.72,1.0,0.14176624539201874,3.8383749098720847,1104.3990053355528,1.0,0.14166515843341204,0.4263868135467076,1.0,1.0,0.0,-0.22179403841437995,-0.44430025960575287,0.8431739406360894,-0.02778929256899576
governance,W4_scavenger_catastrophe,consequence_plus_diversity,audit_no_intervention,2,8,0.62,0.5,25,0.23403057664190918,0.5926087221487266,4.0,0.4,0.0,0.512027296489722,0.0,0.15883432923619883,0.11133329892863053,0.27349039341482007,0.7265096065827922,0.3272830042341276,0.9701509757410902,0.9623993469344616,0.8959325030183891,0.38397246832106374,1.3318102719057974,0.8559546711504384,0.1347203083775279,0.9806422605881564,485.08,0.010343025240401782,0.746,0.008491979668659376,1.12,110.04,485.08,1.0,0.1412940224985319,19.452571545324197,1107.396542552283,1.0,0.13635205178596496,0.4715351610600347,1.0,1.0,0.0,-0.2103213845730868,-0.4181142180480232,0.840124352382,-0.023346933543032522
governance,W5_monoculture_shock,feature_proxy,audit_no_intervention,2,8,0.62,0.5,25,0.0,0.13319649395317873,4.0,0.0,0.04,0.38267983442029385,0.0,0.11551508359781593,0.049025531260173706,0.0,0.026992056279195927,0.05259172564268302,0.9913486102235222,0.48161531902602817,0.1700437258819573,0.4655831827376897,0.3032292648603114,0.4797238566557809,0.0800950677279622,1.0,1459.72,0.0,0.0,0.0,7.88,0.0,1459.72,1.0,0.0,0.0,2087.418000389929,1.0,0.012582778533442352,0.0,1.0,0.26367762161766206,0.9357331993352477,-0.0014259713524261697,0.0,0.005449527880011296,-0.0022296635818181976
governance,W5_monoculture_shock,consequence_neighbor,audit_no_intervention,2,8,0.62,0.5,25,0.0,0.13319649395317873,4.0,0.0,0.12,0.38410580577272,0.0,0.11265365541006914,0.04964934220045051,0.0,0.01849557069266967,0.03286729034040955,0.9935782738053404,0.47616579114601687,0.24439991922785623,0.459636847996847,0.30468688386580356,0.47867064762228984,0.08015084990768276,1.0,1485.32,0.0,0.0,0.0,8.2,0.0,1485.32,1.0,0.0,0.0,2077.663917270927,1.0,0.00440726942559434,0.0,1.0,0.2649451164050466,0.9559629269222151,0.0,0.0,0.0,0.0
governance,W5_monoculture_shock,response_to_aid,audit_no_intervention,2,8,0.62,0.5,25,0.0,0.13319649395317873,4.0,0.0,0.2,0.3839499764818294,0.0,0.11500108173690862,0.04883529657939177,0.0,0.023700361872982335,0.05490523527642718,0.9910887759440556,0.4802389377008549,0.25142315458349934,0.4554990413922963,0.3064310473304905,0.47750446710341743,0.08056228797253101,1.0,1468.88,0.0,0.0,0.0,8.48,0.0,1468.88,1.0,0.0,0.0,2085.7403227159125,1.0,0.011114201787992899,0.0,1.0,0.266461780287383,0.9435705669690897,-0.00015582929089064113,0.0,0.004073146554838036,-0.0024894978612847174
governance,W5_monoculture_shock,action_channel_containment,audit_no_intervention,2,8,0.62,0.5,25,0.0,0.13319649395317873,4.0,0.0,0.0,0.3034584250118536,0.0,0.2989996665145166,0.23263581526584554,0.0,0.03446300914360463,0.07971162151312657,0.5302390597039718,0.8847688234104918,0.7139665078205404,0.02408493002020337,0.21018384720632274,0.3289789811824712,0.043508839173135874,1.0,150.44,0.03781370571047906,0.0,0.0,7.44,494.92,150.44,1.0,0.0,0.0,627.5819291352218,1.0,0.5072287490415611,0.0,0.13380516677890764,0.18276856278810671,0.9179452163247508,-0.08064738076086642,0.0,0.4086030322644749,-0.4633392141013686
governance,W5_monoculture_shock,consequence_plus_diversity,audit_no_intervention,2,8,0.62,0.5,25,0.0,0.13319649395317873,4.0,0.0,0.0,0.2977816900274645,0.0,0.31060145196501854,0.22659442438795782,0.0,0.034270728485826074,0.07832747601127689,0.5212238058594962,0.997900574987384,0.9919104490780792,0.020381817994767477,0.17440770382447127,0.2701340160685631,0.042685909794888906,1.0,124.08,0.04047809480042105,0.0,0.0,7.44,501.24,124.08,1.0,0.0,0.0,355.8513391145936,1.0,0.5210270024681924,0.0,0.11323232219315264,0.15165887289084462,0.9184030274146998,-0.0863241157452555,0.0,0.5217347838413672,-0.4723544679458441
governance,W6_mutation_corridor,feature_proxy,audit_no_intervention,2,8,0.62,0.5,25,0.0,0.13319649395317873,4.0,0.0,1.0,0.6157088031544802,0.0,0.17740432179826635,0.016731049420984558,0.5862460209960654,0.4137539790038416,0.2773227340686677,0.9624627785112922,0.01628052222007228,0.0,12.94118711129625,0.7084995248098784,0.8572679119898288,0.14725793101643955,1.0,1545.68,0.0,0.0,0.005932383535725605,9.0,0.0,1545.68,1.0,0.005377181701102842,26885.789229578608,5698.266568648276,1.0,0.18940917339187216,0.9916972001744532,1.0,0.6160865433129378,0.02633724974987116,-0.07897500361086507,-0.03448286644766574,-0.00018583524273026175,0.0008696534002711198
governance,W6_mutation_corridor,consequence_neighbor,audit_no_intervention,2,8,0.62,0.5,25,0.0,0.13319649395317873,4.0,0.0,1.0,0.6946838067653452,0.0,0.1950213283960879,0.01785341118038753,0.6207288874437311,0.3792711125561696,0.2797298726883625,0.9615931251110211,0.01646635746280254,0.0,14.198866439085783,1.1389979288810563,1.4839193769640717,0.14723720201632406,1.0,1553.12,0.0,0.0,0.017259022792637257,9.0,0.0,1553.12,1.0,0.0062524278013850075,29938.78936058525,4972.038799059029,1.0,0.23974347795707662,1.0,1.0,0.9826280692323257,0.09697354153292953,0.0,0.0,0.0,0.0
governance,W6_mutation_corridor,response_to_aid,audit_no_intervention,2,8,0.62,0.5,25,0.0,0.13319649395317873,4.0,0.0,1.0,0.6460722028069664,0.0,0.1844104648823394,0.017198604554247474,0.6047305470938723,0.395269452906032,0.27966306044346145,0.9617527776238952,0.013407225131083689,0.0,14.087735950090966,0.852620314570363,1.0667619399251307,0.14892715360970785,1.0,1554.04,0.0,0.0,0.0020666104019213547,9.0,0.0,1554.04,1.0,0.005779262839793417,29732.798104787216,5478.640217039644,1.0,0.20942672506065232,0.9993774071946231,1.0,0.7414089691916201,0.059742026002569004,-0.048611603958378824,-0.01599834034985881,-0.003059132331718851,0.00015965251287408666
governance,W6_mutation_corridor,action_channel_containment,audit_no_intervention,2,8,0.62,0.5,25,0.8668035060468213,1.0,4.0,1.0,0.0,0.42013659416389215,0.0,0.14321322913578463,0.1161911649168239,0.18602788654764624,0.8139721134498916,0.2703409360192755,0.968935666806966,0.9588127611544556,0.8898168775099223,0.4583203992393426,0.8444952477734088,1.0747420384879178,0.1249886853401442,1.0,585.0,0.008132205507037239,0.0,0.018212532128514144,0.12,75.64,585.0,1.0,0.06774305837173439,40.725599026725206,1258.397844507115,1.0,0.09172033721335295,0.3207377354269763,1.0,0.7343436937160078,0.0,-0.2745472126014531,-0.4347010008960849,0.942346403691653,0.0073425416959448375
governance,W6_mutation_corridor,consequence_plus_diversity,audit_no_intervention,2,8,0.62,0.5,25,0.8668035060468213,1.0,4.0,1.0,0.0,0.43179778789786005,0.0,0.15694222111353556,0.1335456637622461,0.1930422506999211,0.8069577492978194,0.26630587788321436,0.9639702008938894,0.9532794724258165,0.8994703095611564,0.461630795317556,0.8417758571139098,1.0743981761392816,0.12688941067826823,1.0,590.88,0.008192516805232423,0.0,0.018146407252493765,0.08,77.04,590.88,1.0,0.06308139147764452,62.24152559818374,1259.2109764130573,1.0,0.13094602857835558,0.33283146672400193,1.0,0.7319790061860085,0.0,-0.2628860188674852,-0.42768663674381,0.9368131149630139,0.0023770757828682765
governance,W2_pure_capture,consequence_plus_diversity,audit_no_intervention,1,8,0.62,0.5,25,0.08860454100652487,0.3913133553653824,8.0,0.2,0.0,0.5367179785973731,0.0,0.1620049547523896,0.12581666337961403,0.3684545935090157,0.6315454064865085,0.20967589527733832,0.9074234298457904,0.9560306189184332,0.8934038810579882,0.3970245366746246,0.9725391395457951,1.2866728957752989,0.1376901314497091,1.0,335.96,0.01497936379019345,0.0,0.008451688497082901,1.84,143.04,335.96,1.0,0.2984935448450599,-2.8974326673939186,805.7364703242663,1.0,0.14541098183222428,0.6352665405327858,1.0,0.8456862083006914,0.0,-0.17350102306434467,-0.2953293242544313,0.9424660813315744,-0.04897979150858045
governance,W2_pure_capture,consequence_plus_diversity,audit_no_intervention,4,8,0.62,0.5,25,0.0,0.13319649395317873,2.0,0.0,0.0,0.5676522253786729,0.0,0.15863132045786554,0.12150924375969314,0.434407074246775,0.5655929257481338,0.20027155192005458,0.9400125125003911,0.9376062156568636,0.8444341747605216,0.4074165716445604,0.9827227907487,1.2967924725262892,0.14058545798449867,1.0,349.56,0.014650796099690382,0.0,0.013076390946572449,0.96,152.88,349.56,1.0,0.3484884751878614,-80.53256827630953,823.4693922739019,1.0,0.1357720267050127,0.7474320311295027,1.0,0.8545415571727827,0.002134514742612879,-0.14256677628304493,-0.22937684351667204,0.9240416780700048,-0.016390708853979752
governance,W2_pure_capture,consequence_plus_diversity,audit_no_intervention,7,8,0.62,0.5,25,0.0,0.13319649395317873,1.1428571428571428,0.0,0.0,0.6332093106058582,0.0,0.17805255559019262,0.14442018948798113,0.5541255190079497,0.44587448098460847,0.18306419424010023,0.9570609154004086,0.8977103414939488,0.7085928829071027,0.4645128390750299,0.9568894523639119,1.260758132425632,0.14452583544378977,1.0,363.84,0.018257625814164576,0.0,0.007400473202413889,2.28,200.36,363.84,1.0,0.49271166902946484,-295.473499232272,742.314259651916,1.0,0.19126126994023288,0.9390732296276839,1.0,0.8320777846642713,0.022531061490764507,-0.07700969105585964,-0.10965839875549732,0.88414580390709,0.0006576940460377712
governance,W2_pure_capture,consequence_plus_diversity,audit_no_intervention,10,8,0.62,0.5,25,0.0,0.13319649395317873,0.8,0.0,0.0,0.7769127595776518,0.0,0.35146366613041996,0.17947629925711867,0.7619072578116467,0.2380927421841771,0.1767328547069978,0.9680785778200801,0.808972905255869,0.4697555358858018,0.729692448815559,0.9739889809916658,1.2888692227925487,0.14714185810058852,1.0,383.8,0.01868023781761899,0.0,0.004874321503929477,5.8,200.92,383.8,1.0,0.5150800793668606,272.86406229129386,715.9123586407834,1.0,0.47683563994260714,1.0,1.0,0.8469469399927528,0.4331125186091021,0.06669375791593402,0.09812334004819967,0.7954083676690101,0.011675356465709275
governance,W2_pure_capture,action_channel_containment,audit_no_intervention,2,8,0.4,0.5,25,0.0,0.13319649395317873,4.0,0.0,0.0,0.634611491778911,0.0,0.17921841789599952,0.14987251667091908,0.5529707293629011,0.4470292706330923,0.1643317578509933,0.9709995235389942,0.871201446573177,0.7439485487257289,0.526006610066149,0.9793629584890938,1.2965569091797604,0.1479818078284481,1.0,411.12,0.013828517285943458,0.0,0.00983064211164582,1.2,180.0,411.12,1.0,0.3549478656023179,112.4697673804897,838.9996568709304,1.0,0.1945923050996812,0.9136872688020038,1.0,0.85161996390356,0.05483836537923961,-0.07560750988280684,-0.11081318840054588,0.8576369089863182,0.014596302184623378
governance,W4_scavenger_catastrophe,action_channel_containment,audit_no_intervention,2,8,0.4,0.5,25,0.5656994004476144,0.8850384226967327,4.0,0.76,0.0,0.4924848687302,0.0,0.14510719322974538,0.1154149874195669,0.2508829415703353,0.749117058427585,0.34043807771003204,0.9918492158290186,0.9427183384820681,0.8142205522535919,0.4300973575785552,1.4561123034879302,0.905958560404179,0.14398881311392903,0.9769731296412819,556.72,0.009254384448949321,1.276,0.010558602378873875,0.08,138.6,556.72,1.0,0.12229148111597068,146.37758487071915,1110.791720688997,1.0,0.09713166319609798,0.43255679581092293,1.0,1.0,0.0,-0.22986381233260883,-0.44072166989250794,0.8204433439296065,-0.0016486934551041
governance,W2_pure_capture,action_channel_containment,audit_no_intervention,2,8,0.82,0.5,25,0.11496157730326725,0.43430059955238565,4.0,0.24,0.0,0.5424431769458792,0.0,0.2221072529250303,0.18300910852660718,0.30301186797756247,0.6969881320176365,0.25135198950397586,0.8018317715731407,0.9357927610205189,0.7690238281018309,0.28091664383058024,0.9690097959661634,1.279283538329599,0.11972061033230576,1.0,312.8,0.021829634926179443,0.0,0.017689766620809642,3.2,204.92,312.8,1.0,0.2890335574951195,-60.502284516145686,780.4995497586231,1.0,0.31713183375405496,0.5224342551337284,1.0,0.8426172138836204,0.0,-0.16777582471583863,-0.36077204978588456,0.9222282234336601,-0.15457144978123016
governance,W4_scavenger_catastrophe,action_channel_containment,audit_no_intervention,2,8,0.82,0.5,25,0.334982179531473,0.6996899607103998,4.0,0.52,0.0,0.5007632257042314,0.0,0.16996657921704064,0.11481623294564647,0.23566303150655465,0.7643369684907743,0.32041071529605747,0.9613151005134758,0.9774229568541002,0.9104416885531178,0.30338361824263527,1.2290244409118782,0.821567432736302,0.11670603828183147,0.9820630313138621,418.92,0.010926075233130762,0.5036,0.005953617980354924,2.0,89.36,418.92,1.0,0.1487243601601392,-139.243501944262,1160.345501569724,1.0,0.16815848030265582,0.4063155715630253,1.0,1.0,0.0,-0.22158545535857743,-0.4559415799562886,0.8551479623016386,-0.03218280877064694
audit,W2_pure_capture,consequence_neighbor,audit_no_intervention,2,8,0.62,0.5,25,0.0,0.13319649395317873,4.0,0.0,1.0,0.7102190016617178,0.0,0.19112775138910298,0.017454622841047894,0.663783917763447,0.33621608223645594,0.4186386925356533,0.9564032213543708,0.013564537586858803,0.0,18.982071366942556,1.345594142989241,1.8059744390772847,0.1637903944648975,1.0,1588.0,0.0,0.0,0.0013291556409042947,9.0,0.0,1588.0,1.0,0.017040933133994237,42575.39239414985,4839.384822370816,1.0,0.2286189722228339,1.0,1.0,1.0,0.19948551848462862,0.0,0.0,0.0,0.0
audit,W2_pure_capture,consequence_neighbor,oracle_suppress_exploit_strategy_params,2,8,0.62,0.5,25,0.11496157730326725,0.43430059955238565,4.0,0.24,0.04,0.2716149675216181,0.0,0.11353074686505454,0.05917514010185147,0.0,0.9764199559473665,0.11998731171997226,0.9961118910847094,0.470639066170788,0.32425460656408966,0.5357740207475675,0.5373877444134016,0.6300821304289342,0.05966787242567648,1.0,1444.64,0.0,0.0,0.000710572099475433,7.52,3.0,1444.64,1.0,0.019364194950743537,0.0,2717.6768703639823,1.0,0.006913245011266965,0.0,1.0,0.46729369079426236,0.0,-0.4386040341400997,-0.663783917763447,0.45707452858392916,0.0397086697303386
audit,W2_pure_capture,consequence_neighbor,type_blind_extraction_cap,2,8,0.62,0.5,25,0.0,0.13319649395317873,4.0,0.0,1.0,0.7158966289527059,0.0,0.2153263743485304,0.01898205276281454,0.6690947842643066,0.33090521573558784,0.291979301351222,0.9595486553554573,0.05700388716638136,0.0,13.001966684772063,1.062372501264529,1.4133259626732346,0.14215150123022743,1.0,1531.44,0.009359933333333332,0.0,0.0038539274344191366,9.0,362.32,1531.44,1.0,0.018825368147307772,26741.30917668017,3443.7187962098833,1.0,0.2977578949640552,1.0,1.0,0.9238021750126341,0.21213043872479084,0.005677627290988085,0.005310866500859546,0.04343934957952256,0.0031454340010864668
audit,W2_pure_capture,consequence_neighbor,type_blind_aid_escrow,2,8,0.62,0.5,25,0.0,0.13319649395317873,4.0,0.0,1.0,0.7314473200548296,0.0,0.21842735277566738,0.019156689868775566,0.6834553519414297,0.3165446480584637,0.30787695014805117,0.9564878903642888,0.05191280795989668,0.0,13.19533341171158,1.134659345673453,1.5132172932932184,0.14497058205302296,1.0,1524.48,0.01504607638144705,0.0,0.009306276795389323,9.0,379.24,1524.48,1.0,0.01980261123602475,28182.019223938725,3162.2865885450387,1.0,0.30661783332730363,1.0,1.0,0.980287044958018,0.24632226652746728,0.02122831839311179,0.019671434177982672,0.03834827037303788,8.466900991799253e-05
audit,W2_pure_capture,consequence_neighbor,type_blind_anti_concentration,2,8,0.62,0.5,25,0.0,0.13319649395317873,4.0,0.0,1.0,0.7314730875549215,0.0,0.2173848729777197,0.01907412207379049,0.6771290420253154,0.32287095797457843,0.29281092488205446,0.9575807669423049,0.03518190013119697,0.0,13.300571609278485,1.2425394619538506,1.6576796885708447,0.14252615373103444,1.0,1509.48,0.010499930334308918,0.0,0.006010298503384188,9.0,351.92,1509.48,1.0,0.019362180254478403,27947.98634093255,3250.071925972131,1.0,0.30363931961888163,1.0,1.0,0.9998899577217317,0.2312596238700513,0.021254085893203656,0.013345124261868402,0.02161736254433817,0.0011775455879340369
audit,W2_pure_capture,consequence_neighbor,type_blind_migration_friction,2,8,0.62,0.5,25,0.0,0.13319649395317873,4.0,0.0,1.0,0.7284678021124177,0.0,0.2163783144780423,0.019019268922686426,0.6706535835578987,0.3293464164419956,0.2488357702255869,0.9689802104376345,0.04736757363117725,0.0,14.04217427577175,1.2253450686068519,1.6277935584802505,0.14046161196951942,1.0,1530.96,0.008758533333333332,0.0,0.008214575879188958,9.0,339.04,1530.96,1.0,0.0189174451833895,29466.276480428696,2213.5151857215383,1.0,0.30076343819123186,1.0,1.0,0.9994904391213477,0.2158418656142962,0.018248800450699876,0.006869665794451696,0.033803036044318446,0.012576989083263657
audit,W2_pure_capture,consequence_neighbor,type_blind_replication_throttle,2,8,0.62,0.5,25,0.0,0.13319649395317873,4.0,0.0,0.84,0.9894100579288364,0.0,0.6004469997037102,0.048126084570674535,0.9860878916218887,0.013912108377843306,0.5337284166465495,0.9595810777859626,0.2693022409808685,0.0,3.409803429551325,1.4211828521491432,1.9080392289442987,0.2327719403623748,1.0,556.72,0.009234899999999999,0.0,0.007108910260484722,8.88,357.48,556.72,1.0,0.5655869871151838,8634.015576947599,1077.6239038779636,1.0,0.9744484911990025,1.0,1.0,1.0,0.9668759324337064,0.2791910562671186,0.3223039738584417,0.2557377033940097,0.0031778564315917412
audit,W2_pure_capture,consequence_neighbor,combined_type_blind_containment,2,8,0.62,0.5,25,0.0,0.13319649395317873,4.0,0.0,0.0,0.5593596832307977,0.0,0.1441579803538689,0.12394543971413086,0.3999969942932536,0.6000030057037542,0.1730395371016357,0.9748784454733429,0.820593884427865,0.7101324035831682,0.5254019412095288,1.1293899028371541,1.5052872285384444,0.14671986480805202,1.0,435.16,0.008054960372809204,0.0,0.026417358241672743,0.68,237.28,435.16,1.0,0.23069779168161236,181.85934020067222,908.6893582829649,1.0,0.0944196264078794,0.6896499901607822,1.0,0.9699024545069679,0.0,-0.15085931843092015,-0.26378692347019345,0.8070293468410061,0.018475224118972067
audit,W4_scavenger_catastrophe,consequence_neighbor,audit_no_intervention,2,8,0.62,0.5,25,0.0,0.13319649395317873,4.0,0.0,1.0,0.7223486810628088,0.0,0.19461775628891442,0.01578014319820233,0.6916046114628432,0.30839538853706905,0.41016881618007534,0.9934979092841227,0.1222749945524616,0.0,11.38430938489935,2.2453566213329728,1.2367229729150966,0.19963564043365015,0.0,1538.04,0.0,0.0,0.0006084367978881988,8.8,0.0,1538.04,1.0,0.014219547391562377,24483.518029306615,3645.2383271740323,1.0,0.23859041479372378,1.0,1.0,1.0,0.2657252653879308,0.0,0.0,0.0,0.0
audit,W4_scavenger_catastrophe,consequence_neighbor,oracle_suppress_exploit_strategy_params,2,8,0.62,0.5,25,0.04166741357068093,0.2995619218337349,4.0,0.12,0.16,0.27595123364471336,0.0,0.11932386472525235,0.055501895474053736,0.0,0.9873837129166361,0.0568951349016766,0.9992029620736684,0.4353848881080862,0.2544832551825083,0.5675270351127358,0.5427151405260837,0.6124776135433441,0.06046663878492937,0.9034293547221662,1466.12,0.0,0.0,0.0,7.6,4.0,1466.12,1.0,0.015198945135480434,0.0,2998.4281013183436,1.0,0.023465010326117836,0.0,1.0,0.47192620915311634,0.0,-0.44639744741809545,-0.6916046114628432,0.3131098935556246,0.005705052789545695
audit,W4_scavenger_catastrophe,consequence_neighbor,type_blind_extraction_cap,2,8,0.62,0.5,25,0.0,0.13319649395317873,4.0,0.0,1.0,0.7164739036671739,0.0,0.20402729316026863,0.017788360605619,0.6596157026921889,0.34038429730771214,0.4040090789877654,0.9936254382472589,0.17390294626727942,0.0,6.774352561141005,1.824909621733635,1.0355415081650161,0.18944823999139376,0.0,1520.76,0.0063767000000000025,0.4844,0.0012712082562733645,7.72,246.84,1520.76,1.0,0.014542368364457018,12732.783453984466,2901.371360625621,1.0,0.2654748058547358,0.9949938586729917,1.0,1.0,0.19647443967129546,-0.005874777395634911,-0.0319889087706543,0.05162795171481782,0.0001275289631361698
audit,W4_scavenger_catastrophe,consequence_neighbor,type_blind_aid_escrow,2,8,0.62,0.5,25,0.0,0.13319649395317873,4.0,0.0,1.0,0.7267813291748955,0.0,0.2009966407334713,0.016477525734663254,0.6927891895542616,0.3072108104456467,0.4089588985851694,0.9934302319131773,0.16751920698318534,0.0,7.7473399650733175,1.98743132790656,1.1126811738131102,0.19702543415955504,0.0,1506.4,0.009976796586072532,0.5412,0.0012321974990022742,7.92,256.68,1506.4,1.0,0.014982333273580832,15770.105083484135,2798.7912391922528,1.0,0.2568157989210291,1.0,1.0,1.0,0.26854568941512685,0.004432648112086657,0.0011845780914183646,0.04524421243072374,-6.767737094548476e-05
audit,W4_scavenger_catastrophe,consequence_neighbor,type_blind_anti_concentration,2,8,0.62,0.5,25,0.0,0.13319649395317873,4.0,0.0,1.0,0.7324786808295749,0.0,0.2004684103364613,0.016228326429397488,0.7096714596861032,0.2903285403138065,0.4070109691859642,0.993392830022922,0.16635669005831172,0.0,9.11323900671261,2.1667289765786526,1.1986192624383378,0.2001396936672991,0.0,1487.56,0.006227746985827003,0.3856,0.0016640890601566421,8.08,217.12,1487.56,1.0,0.015492589779924975,19466.774987395347,2911.1851138216985,1.0,0.25530656921528627,1.0,1.0,1.0,0.30874157068141306,0.010129999766766096,0.01806684822325999,0.044081695505850116,-0.00010507926120073563
audit,W4_scavenger_catastrophe,consequence_neighbor,type_blind_migration_friction,2,8,0.62,0.5,25,0.0,0.13319649395317873,4.0,0.0,1.0,0.7259043021628719,0.0,0.19831278455243162,0.016049108652487026,0.6944215292535438,0.3049428992006831,0.38479506054369655,0.995378101438972,0.16374615631275094,0.0,9.353815393463174,2.151069512831184,1.198762347298665,0.1955783500158582,0.0,1504.12,0.005606866666666669,0.38439999999999996,0.001353936496803763,8.16,217.04,1504.12,1.0,0.014503099544105176,13053.114341706103,2039.2589901794665,1.0,0.24914763840377285,1.0,1.0,1.0,0.2739454780936116,0.0035556211000631333,0.0028169177907005905,0.04147116176028934,0.0018801921548492473
audit,W4_scavenger_catastrophe,consequence_neighbor,type_blind_replication_throttle,2,8,0.62,0.5,25,0.0,0.13319649395317873,4.0,0.0,0.12,0.7883924043642468,0.0,0.30746994407140643,0.17679645081042217,0.7270795540749401,0.27292044592395753,0.33560391588679717,0.994901295599021,0.44712692455756736,0.031072298155304566,0.7131564561475371,2.3226186096388837,1.2647339960066284,0.22729594353063626,0.8747872577893429,706.2,0.006803466666666669,0.7844,0.041221128924687225,6.92,263.36,706.2,1.0,0.1697050920277856,2212.5612458140977,1116.52973649663,1.0,0.4816360996897199,0.9986830428188433,1.0,1.0,0.35200806962154885,0.06604372330143804,0.03547494261209683,0.32485193000510576,0.001403386314898225
audit,W4_scavenger_catastrophe,consequence_neighbor,combined_type_blind_containment,2,8,0.62,0.5,25,0.11496157730326725,0.43430059955238565,4.0,0.24,0.0,0.5204317060031888,0.0,0.1583953845633876,0.13832247815496745,0.2914710512871104,0.7084235954249667,0.34351223322419805,0.9827694480773311,0.877016861545274,0.7188981561788925,0.4825184794548234,1.6192048946333208,0.9651644335396716,0.14766551787212093,0.9749504996488148,629.36,0.006923828672992629,0.5624,0.02247976527450451,0.24,194.6,629.36,1.0,0.12069384477403496,374.9189392573993,1032.725935155053,1.0,0.1350979241493614,0.5025362953226042,1.0,1.0,0.0,-0.20191697505962003,-0.4001335601757328,0.7547418669928124,-0.010728461206791606
audit,W6_mutation_corridor,consequence_neighbor,audit_no_intervention,2,8,0.62,0.5,25,0.0,0.13319649395317873,4.0,0.0,1.0,0.6946838067653452,0.0,0.1950213283960879,0.01785341118038753,0.6207288874437311,0.3792711125561696,0.2797298726883625,0.9615931251110211,0.01646635746280254,0.0,14.198866439085783,1.1389979288810563,1.4839193769640717,0.14723720201632406,1.0,1553.12,0.0,0.0,0.017259022792637257,9.0,0.0,1553.12,1.0,0.0062524278013850075,29938.78936058525,4972.038799059029,1.0,0.23974347795707662,1.0,1.0,0.9826280692323257,0.09697354153292953,0.0,0.0,0.0,0.0
audit,W6_mutation_corridor,consequence_neighbor,oracle_suppress_exploit_strategy_params,2,8,0.62,0.5,25,0.007096050386699165,0.19544472405022525,4.0,0.04,0.28,0.27279084861479175,0.0,0.11464071712988667,0.054879791356820175,0.0,0.9927742974915926,0.05122020937364894,0.9969802194279344,0.37518118022043845,0.23234344536574011,0.6080273474163033,0.5410538332324469,0.629531855158435,0.06330692273679309,1.0,1501.4,0.0,0.0,0.0,8.48,3.0,1501.4,1.0,0.0072716073555564205,0.0,2803.664632388224,1.0,0.01008458862507306,0.0,1.0,0.4704815941151713,0.0,-0.4218929581505535,-0.6207288874437311,0.3587148227576359,0.035387094316913226
audit,W6_mutation_corridor,consequence_neighbor,type_blind_extraction_cap,2,8,0.62,0.5,25,0.0,0.13319649395317873,4.0,0.0,1.0,0.6832714079907579,0.0,0.20569500906441987,0.01846302892660756,0.635425474546805,0.3645745254530923,0.28463588335360024,0.9609852843330029,0.044115327293582605,0.0,8.942168955810017,0.9508495917709519,1.2366320632703907,0.14451414418029943,1.0,1531.12,0.007871933333333336,0.0,0.018337935773613152,9.0,304.72,1531.12,1.0,0.00673352019015079,17796.60037242933,3523.4350772742487,1.0,0.2702397084380251,1.0,1.0,0.8268257319747409,0.1319654155878754,-0.011412398774587329,0.014696587103073866,0.027648969830780065,-0.0006078407780182316
audit,W6_mutation_corridor,consequence_neighbor,type_blind_aid_escrow,2,8,0.62,0.5,25,0.0,0.13319649395317873,4.0,0.0,1.0,0.6955303976924293,0.0,0.20779628619391957,0.018564154831705974,0.6445029580337932,0.35549704196610354,0.28357157137114536,0.9591861073928224,0.04211444968833623,0.0,9.662998978955608,1.0098540106262779,1.3116633858627194,0.14547291247772134,1.0,1546.04,0.012118777713246195,0.0,0.025107263323873363,9.0,304.64,1546.04,1.0,0.0069486200397440015,19819.23182891417,3419.2935833121633,1.0,0.27624335737945277,1.0,1.0,0.87813392228372,0.15357847150927723,0.0008465909270840566,0.02377407059006209,0.025648092225533686,-0.002407017718198734
audit,W6_mutation_corridor,consequence_neighbor,type_blind_anti_concentration,2,8,0.62,0.5,25,0.0,0.13319649395317873,4.0,0.0,1.0,0.7076802341634645,0.0,0.2074357751165496,0.01855167728091554,0.6452917506096607,0.3547082493902361,0.2803220493264756,0.9595340621030026,0.02539703965503256,0.0,9.788389098259325,1.104259745836591,1.434317706297544,0.14548612154357188,1.0,1542.44,0.008293975127810896,0.0,0.01843862247418653,9.0,299.96,1542.44,1.0,0.006954233159912654,20040.66380350115,3446.5291788824215,1.0,0.2752133257298242,1.0,1.0,0.958765467615155,0.15545654907086642,0.012996427398119237,0.024562863165929594,0.008930682192230019,-0.0020590630080185024
audit,W6_mutation_corridor,consequence_neighbor,type_blind_migration_friction,2,8,0.62,0.5,25,0.0,0.13319649395317873,4.0,0.0,1.0,0.7059302704974685,0.0,0.20460653525567124,0.018373057244281742,0.643533928591379,0.35646607140851894,0.25093679380231654,0.9678147637478826,0.026317629206746945,0.0,10.345033372312168,1.1115644628824868,1.440338121635206,0.1442133595715886,1.0,1572.16,0.00786056666666667,0.0,0.019767985474246824,9.0,304.28,1572.16,1.0,0.006841590003756753,21348.939683929715,2208.9860313396666,1.0,0.2671297832701718,1.0,1.0,0.9631401959690592,0.15127125855114543,0.011246463732123235,0.02280504114764792,0.009851271743944404,0.006221638636861426
audit,W6_mutation_corridor,consequence_neighbor,type_blind_replication_throttle,2,8,0.62,0.5,25,0.0,0.13319649395317873,4.0,0.0,0.44,0.9194221458847127,0.0,0.5809891763848043,0.12098679372349487,0.9079132635404367,0.09208673645878702,0.2374098401967294,0.9578196451904689,0.39287652382192556,0.020055138349443308,1.121869244396842,1.0498442187695967,1.3505719395386695,0.16328891663365033,1.0,665.92,0.00772726666666667,0.0,0.0337806153843236,8.56,299.12,665.92,1.0,0.16639344607246728,2347.8887937192108,1559.5363659294774,1.0,0.8426093800016224,1.0,1.0,0.9129080163213885,0.7807458655743166,0.22473833911936747,0.28718437609670555,0.376410166359123,-0.003773479920552214
audit,W6_mutation_corridor,consequence_neighbor,combined_type_blind_containment,2,8,0.62,0.5,25,0.8668035060468213,1.0,4.0,1.0,0.0,0.4341448710934852,0.0,0.14058479799212287,0.11865346531828547,0.187284159564284,0.8127158404336262,0.25252485075260195,0.968339384094581,0.9325631490388723,0.8592347868391113,0.5011793042769361,0.9599089182581162,1.2407008892065816,0.13201193379222045,1.0,654.0,0.005361360982715225,0.0,0.04182243977419753,0.0,188.2,654.0,1.0,0.05860162835617432,187.3538355169506,1255.6280011644274,1.0,0.08421053394574791,0.32290372338669654,1.0,0.8347034071809706,0.0,-0.26053893567186004,-0.4334447278794471,0.9160967915760697,0.00674625898355985
