predicate_id,family,name,definition,layer_eligibility,history_depth,kind,oracle,reporting_only,selected_iteration,selected_rank,marginal_train_false_safe_reduction
P_mean_collapse,current_collapse,mean_welfare < 0.32,mean_welfare < 0.32,L4 eligible,0,threshold,no,no,,,
P_failed_ge_4,current_collapse,failed_zone_count >= 4,failed_zone_count >= 4,L4 eligible,0,threshold,no,no,,,
P_mass_lt_35,current_collapse,total_mass < 35,total_mass < 35,L4 eligible,0,threshold,no,no,,,
P_mean_le_0_4,risk_band,mean_welfare <= 0.4,mean_welfare <= 0.4,L4 eligible,0,threshold,no,no,,,
P_mean_le_0_5,risk_band,mean_welfare <= 0.5,mean_welfare <= 0.5,L4 eligible,0,threshold,no,no,,,
P_mean_le_0_6,risk_band,mean_welfare <= 0.6,mean_welfare <= 0.6,L4 eligible,0,threshold,no,no,,,
P_mean_le_0_7,risk_band,mean_welfare <= 0.7,mean_welfare <= 0.7,L4 eligible,0,threshold,no,no,,,
P_mean_le_0_8,risk_band,mean_welfare <= 0.8,mean_welfare <= 0.8,L4 eligible,0,threshold,no,no,,,
P_mean_le_0_85,risk_band,mean_welfare <= 0.85,mean_welfare <= 0.85,L4 eligible,0,threshold,no,no,,,
P_mean_le_0_9,risk_band,mean_welfare <= 0.9,mean_welfare <= 0.9,L4 eligible,0,threshold,no,no,,,
P_mean_le_0_95,risk_band,mean_welfare <= 0.95,mean_welfare <= 0.95,L4 eligible,0,threshold,no,no,,,
P_min_le_0_2,risk_band,min_zone_welfare <= 0.2,min_zone_welfare <= 0.2,L4 eligible,0,threshold,no,no,,,
P_min_le_0_4,risk_band,min_zone_welfare <= 0.4,min_zone_welfare <= 0.4,L4 eligible,0,threshold,no,no,,,
P_min_le_0_6,risk_band,min_zone_welfare <= 0.6,min_zone_welfare <= 0.6,L4 eligible,0,threshold,no,no,,,
P_min_le_0_8,risk_band,min_zone_welfare <= 0.8,min_zone_welfare <= 0.8,L4 eligible,0,threshold,no,no,,,
P_min_le_0_9,risk_band,min_zone_welfare <= 0.9,min_zone_welfare <= 0.9,L4 eligible,0,threshold,no,no,,,
P_min_le_0_96,risk_band,min_zone_welfare <= 0.96,min_zone_welfare <= 0.96,L4 eligible,0,threshold,no,no,,,
P_failed_ge_1,risk_band,failed_zone_count >= 1,failed_zone_count >= 1,L4 eligible,0,threshold,no,no,,,
P_failed_ge_2,risk_band,failed_zone_count >= 2,failed_zone_count >= 2,L4 eligible,0,threshold,no,no,,,
P_failed_ge_3,risk_band,failed_zone_count >= 3,failed_zone_count >= 3,L4 eligible,0,threshold,no,no,,,
P_mass_le_50,risk_band,total_mass <= 50,total_mass <= 50,L4 eligible,0,threshold,no,no,,,
P_mass_le_100,risk_band,total_mass <= 100,total_mass <= 100,L4 eligible,0,threshold,no,no,,,
P_mass_le_200,risk_band,total_mass <= 200,total_mass <= 200,L4 eligible,0,threshold,no,no,,,
P_mass_le_500,risk_band,total_mass <= 500,total_mass <= 500,L4 eligible,0,threshold,no,no,,,
P_mass_le_1000,risk_band,total_mass <= 1000,total_mass <= 1000,L4 eligible,0,threshold,no,no,,,
P_obs_conc_gt_0_5,history_policy_visible_concentration,Obs.resource_concentration max > 0.5,obs_resource_concentration_max > 0.5,conditional L2/L3,2,threshold,no,no,,,
P_obs_conc_gt_0_62,history_policy_visible_concentration,Obs.resource_concentration max > 0.62,obs_resource_concentration_max > 0.62,conditional L2/L3,2,threshold,no,no,,,
P_obs_conc_gt_0_7,history_policy_visible_concentration,Obs.resource_concentration max > 0.7,obs_resource_concentration_max > 0.7,conditional L2/L3,2,threshold,no,no,,,
P_obs_conc_gt_0_8,history_policy_visible_concentration,Obs.resource_concentration max > 0.8,obs_resource_concentration_max > 0.8,conditional L2/L3,2,threshold,no,no,,,
P_obs_conc_gt_0_9,history_policy_visible_concentration,Obs.resource_concentration max > 0.9,obs_resource_concentration_max > 0.9,conditional L2/L3,2,threshold,no,no,,,
P_last_aid_gt_0_035,history_last_aid,Obs.last_aid max > 0.035,obs_last_aid_max > 0.035,conditional L2/L3,2,threshold,no,no,,,
P_last_aid_gt_0_5,history_last_aid,Obs.last_aid max > 0.5,obs_last_aid_max > 0.5,conditional L2/L3,2,threshold,no,no,,,
P_last_aid_gt_0_75,history_last_aid,Obs.last_aid max > 0.75,obs_last_aid_max > 0.75,conditional L2/L3,2,threshold,no,no,,,
P_last_aid_gt_1_0,history_last_aid,Obs.last_aid max > 1.0,obs_last_aid_max > 1.0,conditional L2/L3,2,threshold,no,no,,,
P_last_aid_gt_1_25,history_last_aid,Obs.last_aid max > 1.25,obs_last_aid_max > 1.25,conditional L2/L3,2,threshold,no,no,,,
P_response_lt_0_0,history_response,Obs.response_to_aid min < 0.0,obs_response_to_aid_min < 0.0,conditional L2/L3,2,threshold,no,no,,,
P_response_lt_neg_0_01,history_response,Obs.response_to_aid min < -0.01,obs_response_to_aid_min < -0.01,conditional L2/L3,2,threshold,no,no,,,
P_response_lt_neg_0_025,history_response,Obs.response_to_aid min < -0.025,obs_response_to_aid_min < -0.025,conditional L2/L3,2,threshold,no,no,,,
P_response_lt_neg_0_05,history_response,Obs.response_to_aid min < -0.05,obs_response_to_aid_min < -0.05,conditional L2/L3,2,threshold,no,no,,,
P_neighbor_lt_0_0,history_neighbor,Obs.neighbor_delta min < 0.0,obs_neighbor_delta_min < 0.0,conditional L2/L3,2,threshold,no,no,,,
P_neighbor_lt_neg_0_01,history_neighbor,Obs.neighbor_delta min < -0.01,obs_neighbor_delta_min < -0.01,conditional L2/L3,2,threshold,no,no,,,
P_neighbor_lt_neg_0_03,history_neighbor,Obs.neighbor_delta min < -0.03,obs_neighbor_delta_min < -0.03,conditional L2/L3,2,threshold,no,no,,,
P_neighbor_lt_neg_0_05,history_neighbor,Obs.neighbor_delta min < -0.05,obs_neighbor_delta_min < -0.05,conditional L2/L3,2,threshold,no,no,,,
P_neighbor_lt_neg_0_1,history_neighbor,Obs.neighbor_delta min < -0.1,obs_neighbor_delta_min < -0.1,conditional L2/L3,2,threshold,no,no,,,
P_bad_conseq_ge_1,history_consequence,bad_consequence_count >= 1,bad_consequence_count >= 1,conditional L2/L3,2,threshold,no,no,,,
P_bad_conseq_ge_2,history_consequence,bad_consequence_count >= 2,bad_consequence_count >= 2,conditional L2/L3,2,threshold,no,no,,,
P_bad_conseq_ge_3,history_consequence,bad_consequence_count >= 3,bad_consequence_count >= 3,conditional L2/L3,2,threshold,no,no,,,
P_delayed_min_le_0_2,delayed_observation,delayed_obs_min_welfare <= 0.2,delayed_obs_min_welfare <= 0.2,conditional L2/L3,2,threshold,no,no,,,
P_delayed_min_le_0_4,delayed_observation,delayed_obs_min_welfare <= 0.4,delayed_obs_min_welfare <= 0.4,conditional L2/L3,2,threshold,no,no,,,
P_delayed_min_le_0_6,delayed_observation,delayed_obs_min_welfare <= 0.6,delayed_obs_min_welfare <= 0.6,conditional L2/L3,2,threshold,no,no,,,
P_delayed_min_le_0_8,delayed_observation,delayed_obs_min_welfare <= 0.8,delayed_obs_min_welfare <= 0.8,conditional L2/L3,2,threshold,no,no,,,
P_delayed_min_le_0_96,delayed_observation,delayed_obs_min_welfare <= 0.96,delayed_obs_min_welfare <= 0.96,conditional L2/L3,2,threshold,no,no,,,
P_delayed_failed_ge_1,delayed_observation,delayed_obs_failed_zone_count >= 1,delayed_obs_failed_zone_count >= 1,conditional L2/L3,2,threshold,no,no,,,
P_delayed_failed_ge_2,delayed_observation,delayed_obs_failed_zone_count >= 2,delayed_obs_failed_zone_count >= 2,conditional L2/L3,2,threshold,no,no,,,
P_delayed_failed_ge_3,delayed_observation,delayed_obs_failed_zone_count >= 3,delayed_obs_failed_zone_count >= 3,conditional L2/L3,2,threshold,no,no,,,
P_delayed_failed_ge_4,delayed_observation,delayed_obs_failed_zone_count >= 4,delayed_obs_failed_zone_count >= 4,conditional L2/L3,2,threshold,no,no,,,
P_containment_active,control_policy,containment_active_count > 0,containment_active_count > 0,conditional L1/L2,0,threshold,no,no,,,
P_timer_active,control_policy,containment_timer_max > 0,containment_timer_max > 0,conditional L1/L2,0,threshold,no,no,,,
P_alloc_gini_gt_0_2,control_policy,allocation_gini > 0.2,allocation_gini > 0.2,conditional L2,0,threshold,no,no,,,
P_alloc_gini_gt_0_3,control_policy,allocation_gini > 0.3,allocation_gini > 0.3,conditional L2,0,threshold,no,no,,,
P_alloc_gini_gt_0_4,control_policy,allocation_gini > 0.4,allocation_gini > 0.4,conditional L2,0,threshold,no,no,,,
P_alloc_max_gt_0_18,control_policy,allocation_max > 0.18,allocation_max > 0.18,conditional L2,0,threshold,no,no,,,
P_alloc_max_gt_0_24,control_policy,allocation_max > 0.24,allocation_max > 0.24,conditional L2,0,threshold,no,no,,,
P_alloc_max_gt_0_32,control_policy,allocation_max > 0.32,allocation_max > 0.32,conditional L2,0,threshold,no,no,,,
P_policy_actionchannelcontainment,control_policy,policy == action_channel_containment,policy == action_channel_containment,conditional L2/L5 config,0,threshold,no,no,,,
P_policy_consequenceneighbor,control_policy,policy == consequence_neighbor,policy == consequence_neighbor,conditional L2/L5 config,0,threshold,no,no,,,
P_policy_consequenceplusdiversity,control_policy,policy == consequence_plus_diversity,policy == consequence_plus_diversity,conditional L2/L5 config,0,threshold,no,no,1,1,3757
P_policy_featureproxy,control_policy,policy == feature_proxy,policy == feature_proxy,conditional L2/L5 config,0,threshold,no,no,,,
P_policy_responsetoaid,control_policy,policy == response_to_aid,policy == response_to_aid,conditional L2/L5 config,0,threshold,no,no,,,
P_roll_welfare_loss_1_0_01,rolling_trajectory_summary,rolling_welfare_loss_1 > 0.01,rolling_welfare_loss_1 > 0.01,conditional L1/L4 temporal,1,threshold,no,no,,,
P_roll_min_loss_1_0_01,rolling_trajectory_summary,rolling_min_welfare_loss_1 > 0.01,rolling_min_welfare_loss_1 > 0.01,conditional L1/L4 temporal,1,threshold,no,no,,,
P_roll_welfare_loss_1_0_03,rolling_trajectory_summary,rolling_welfare_loss_1 > 0.03,rolling_welfare_loss_1 > 0.03,conditional L1/L4 temporal,1,threshold,no,no,,,
P_roll_min_loss_1_0_03,rolling_trajectory_summary,rolling_min_welfare_loss_1 > 0.03,rolling_min_welfare_loss_1 > 0.03,conditional L1/L4 temporal,1,threshold,no,no,,,
P_roll_welfare_loss_1_0_05,rolling_trajectory_summary,rolling_welfare_loss_1 > 0.05,rolling_welfare_loss_1 > 0.05,conditional L1/L4 temporal,1,threshold,no,no,,,
P_roll_min_loss_1_0_05,rolling_trajectory_summary,rolling_min_welfare_loss_1 > 0.05,rolling_min_welfare_loss_1 > 0.05,conditional L1/L4 temporal,1,threshold,no,no,,,
P_roll_welfare_loss_1_0_1,rolling_trajectory_summary,rolling_welfare_loss_1 > 0.1,rolling_welfare_loss_1 > 0.1,conditional L1/L4 temporal,1,threshold,no,no,,,
P_roll_min_loss_1_0_1,rolling_trajectory_summary,rolling_min_welfare_loss_1 > 0.1,rolling_min_welfare_loss_1 > 0.1,conditional L1/L4 temporal,1,threshold,no,no,,,
P_roll_mass_loss_1_10,rolling_trajectory_summary,rolling_mass_loss_1 > 10,rolling_mass_loss_1 > 10,conditional L1/L4 temporal,1,threshold,no,no,,,
P_roll_mass_loss_1_50,rolling_trajectory_summary,rolling_mass_loss_1 > 50,rolling_mass_loss_1 > 50,conditional L1/L4 temporal,1,threshold,no,no,,,
P_roll_mass_loss_1_100,rolling_trajectory_summary,rolling_mass_loss_1 > 100,rolling_mass_loss_1 > 100,conditional L1/L4 temporal,1,threshold,no,no,,,
P_roll_mass_loss_1_250,rolling_trajectory_summary,rolling_mass_loss_1 > 250,rolling_mass_loss_1 > 250,conditional L1/L4 temporal,1,threshold,no,no,,,
P_roll_mass_loss_1_500,rolling_trajectory_summary,rolling_mass_loss_1 > 500,rolling_mass_loss_1 > 500,conditional L1/L4 temporal,1,threshold,no,no,,,
P_roll_failed_gain_1_1,rolling_trajectory_summary,rolling_failed_zone_gain_1 >= 1,rolling_failed_zone_gain_1 >= 1,conditional L1/L4 temporal,1,threshold,no,no,,,
P_roll_failed_gain_1_2,rolling_trajectory_summary,rolling_failed_zone_gain_1 >= 2,rolling_failed_zone_gain_1 >= 2,conditional L1/L4 temporal,1,threshold,no,no,,,
P_roll_welfare_loss_2_0_01,rolling_trajectory_summary,rolling_welfare_loss_2 > 0.01,rolling_welfare_loss_2 > 0.01,conditional L1/L4 temporal,2,threshold,no,no,,,
P_roll_min_loss_2_0_01,rolling_trajectory_summary,rolling_min_welfare_loss_2 > 0.01,rolling_min_welfare_loss_2 > 0.01,conditional L1/L4 temporal,2,threshold,no,no,,,
P_roll_welfare_loss_2_0_03,rolling_trajectory_summary,rolling_welfare_loss_2 > 0.03,rolling_welfare_loss_2 > 0.03,conditional L1/L4 temporal,2,threshold,no,no,,,
P_roll_min_loss_2_0_03,rolling_trajectory_summary,rolling_min_welfare_loss_2 > 0.03,rolling_min_welfare_loss_2 > 0.03,conditional L1/L4 temporal,2,threshold,no,no,,,
P_roll_welfare_loss_2_0_05,rolling_trajectory_summary,rolling_welfare_loss_2 > 0.05,rolling_welfare_loss_2 > 0.05,conditional L1/L4 temporal,2,threshold,no,no,,,
P_roll_min_loss_2_0_05,rolling_trajectory_summary,rolling_min_welfare_loss_2 > 0.05,rolling_min_welfare_loss_2 > 0.05,conditional L1/L4 temporal,2,threshold,no,no,,,
P_roll_welfare_loss_2_0_1,rolling_trajectory_summary,rolling_welfare_loss_2 > 0.1,rolling_welfare_loss_2 > 0.1,conditional L1/L4 temporal,2,threshold,no,no,,,
P_roll_min_loss_2_0_1,rolling_trajectory_summary,rolling_min_welfare_loss_2 > 0.1,rolling_min_welfare_loss_2 > 0.1,conditional L1/L4 temporal,2,threshold,no,no,,,
P_roll_mass_loss_2_10,rolling_trajectory_summary,rolling_mass_loss_2 > 10,rolling_mass_loss_2 > 10,conditional L1/L4 temporal,2,threshold,no,no,,,
P_roll_mass_loss_2_50,rolling_trajectory_summary,rolling_mass_loss_2 > 50,rolling_mass_loss_2 > 50,conditional L1/L4 temporal,2,threshold,no,no,,,
P_roll_mass_loss_2_100,rolling_trajectory_summary,rolling_mass_loss_2 > 100,rolling_mass_loss_2 > 100,conditional L1/L4 temporal,2,threshold,no,no,,,
P_roll_mass_loss_2_250,rolling_trajectory_summary,rolling_mass_loss_2 > 250,rolling_mass_loss_2 > 250,conditional L1/L4 temporal,2,threshold,no,no,,,
P_roll_mass_loss_2_500,rolling_trajectory_summary,rolling_mass_loss_2 > 500,rolling_mass_loss_2 > 500,conditional L1/L4 temporal,2,threshold,no,no,,,
P_roll_failed_gain_2_1,rolling_trajectory_summary,rolling_failed_zone_gain_2 >= 1,rolling_failed_zone_gain_2 >= 1,conditional L1/L4 temporal,2,threshold,no,no,,,
P_roll_failed_gain_2_2,rolling_trajectory_summary,rolling_failed_zone_gain_2 >= 2,rolling_failed_zone_gain_2 >= 2,conditional L1/L4 temporal,2,threshold,no,no,,,
P_roll_welfare_loss_4_0_01,rolling_trajectory_summary,rolling_welfare_loss_4 > 0.01,rolling_welfare_loss_4 > 0.01,conditional L1/L4 temporal,4,threshold,no,no,,,
P_roll_min_loss_4_0_01,rolling_trajectory_summary,rolling_min_welfare_loss_4 > 0.01,rolling_min_welfare_loss_4 > 0.01,conditional L1/L4 temporal,4,threshold,no,no,,,
P_roll_welfare_loss_4_0_03,rolling_trajectory_summary,rolling_welfare_loss_4 > 0.03,rolling_welfare_loss_4 > 0.03,conditional L1/L4 temporal,4,threshold,no,no,,,
P_roll_min_loss_4_0_03,rolling_trajectory_summary,rolling_min_welfare_loss_4 > 0.03,rolling_min_welfare_loss_4 > 0.03,conditional L1/L4 temporal,4,threshold,no,no,,,
P_roll_welfare_loss_4_0_05,rolling_trajectory_summary,rolling_welfare_loss_4 > 0.05,rolling_welfare_loss_4 > 0.05,conditional L1/L4 temporal,4,threshold,no,no,,,
P_roll_min_loss_4_0_05,rolling_trajectory_summary,rolling_min_welfare_loss_4 > 0.05,rolling_min_welfare_loss_4 > 0.05,conditional L1/L4 temporal,4,threshold,no,no,,,
P_roll_welfare_loss_4_0_1,rolling_trajectory_summary,rolling_welfare_loss_4 > 0.1,rolling_welfare_loss_4 > 0.1,conditional L1/L4 temporal,4,threshold,no,no,,,
P_roll_min_loss_4_0_1,rolling_trajectory_summary,rolling_min_welfare_loss_4 > 0.1,rolling_min_welfare_loss_4 > 0.1,conditional L1/L4 temporal,4,threshold,no,no,,,
P_roll_mass_loss_4_10,rolling_trajectory_summary,rolling_mass_loss_4 > 10,rolling_mass_loss_4 > 10,conditional L1/L4 temporal,4,threshold,no,no,,,
P_roll_mass_loss_4_50,rolling_trajectory_summary,rolling_mass_loss_4 > 50,rolling_mass_loss_4 > 50,conditional L1/L4 temporal,4,threshold,no,no,,,
P_roll_mass_loss_4_100,rolling_trajectory_summary,rolling_mass_loss_4 > 100,rolling_mass_loss_4 > 100,conditional L1/L4 temporal,4,threshold,no,no,,,
P_roll_mass_loss_4_250,rolling_trajectory_summary,rolling_mass_loss_4 > 250,rolling_mass_loss_4 > 250,conditional L1/L4 temporal,4,threshold,no,no,,,
P_roll_mass_loss_4_500,rolling_trajectory_summary,rolling_mass_loss_4 > 500,rolling_mass_loss_4 > 500,conditional L1/L4 temporal,4,threshold,no,no,,,
P_roll_failed_gain_4_1,rolling_trajectory_summary,rolling_failed_zone_gain_4 >= 1,rolling_failed_zone_gain_4 >= 1,conditional L1/L4 temporal,4,threshold,no,no,,,
P_roll_failed_gain_4_2,rolling_trajectory_summary,rolling_failed_zone_gain_4 >= 2,rolling_failed_zone_gain_4 >= 2,conditional L1/L4 temporal,4,threshold,no,no,,,
P_roll_welfare_loss_8_0_01,rolling_trajectory_summary,rolling_welfare_loss_8 > 0.01,rolling_welfare_loss_8 > 0.01,conditional L1/L4 temporal,8,threshold,no,no,,,
P_roll_min_loss_8_0_01,rolling_trajectory_summary,rolling_min_welfare_loss_8 > 0.01,rolling_min_welfare_loss_8 > 0.01,conditional L1/L4 temporal,8,threshold,no,no,,,
P_roll_welfare_loss_8_0_03,rolling_trajectory_summary,rolling_welfare_loss_8 > 0.03,rolling_welfare_loss_8 > 0.03,conditional L1/L4 temporal,8,threshold,no,no,,,
P_roll_min_loss_8_0_03,rolling_trajectory_summary,rolling_min_welfare_loss_8 > 0.03,rolling_min_welfare_loss_8 > 0.03,conditional L1/L4 temporal,8,threshold,no,no,,,
P_roll_welfare_loss_8_0_05,rolling_trajectory_summary,rolling_welfare_loss_8 > 0.05,rolling_welfare_loss_8 > 0.05,conditional L1/L4 temporal,8,threshold,no,no,,,
P_roll_min_loss_8_0_05,rolling_trajectory_summary,rolling_min_welfare_loss_8 > 0.05,rolling_min_welfare_loss_8 > 0.05,conditional L1/L4 temporal,8,threshold,no,no,,,
P_roll_welfare_loss_8_0_1,rolling_trajectory_summary,rolling_welfare_loss_8 > 0.1,rolling_welfare_loss_8 > 0.1,conditional L1/L4 temporal,8,threshold,no,no,,,
P_roll_min_loss_8_0_1,rolling_trajectory_summary,rolling_min_welfare_loss_8 > 0.1,rolling_min_welfare_loss_8 > 0.1,conditional L1/L4 temporal,8,threshold,no,no,,,
P_roll_mass_loss_8_10,rolling_trajectory_summary,rolling_mass_loss_8 > 10,rolling_mass_loss_8 > 10,conditional L1/L4 temporal,8,threshold,no,no,,,
P_roll_mass_loss_8_50,rolling_trajectory_summary,rolling_mass_loss_8 > 50,rolling_mass_loss_8 > 50,conditional L1/L4 temporal,8,threshold,no,no,,,
P_roll_mass_loss_8_100,rolling_trajectory_summary,rolling_mass_loss_8 > 100,rolling_mass_loss_8 > 100,conditional L1/L4 temporal,8,threshold,no,no,,,
P_roll_mass_loss_8_250,rolling_trajectory_summary,rolling_mass_loss_8 > 250,rolling_mass_loss_8 > 250,conditional L1/L4 temporal,8,threshold,no,no,,,
P_roll_mass_loss_8_500,rolling_trajectory_summary,rolling_mass_loss_8 > 500,rolling_mass_loss_8 > 500,conditional L1/L4 temporal,8,threshold,no,no,,,
P_roll_failed_gain_8_1,rolling_trajectory_summary,rolling_failed_zone_gain_8 >= 1,rolling_failed_zone_gain_8 >= 1,conditional L1/L4 temporal,8,threshold,no,no,,,
P_roll_failed_gain_8_2,rolling_trajectory_summary,rolling_failed_zone_gain_8 >= 2,rolling_failed_zone_gain_8 >= 2,conditional L1/L4 temporal,8,threshold,no,no,,,
