class_id,M1_original_score,M2_intervention_score,M3_reuse_score,M4_compression_score,M5_perturbation_centrality_score,M6_frequency_control_score,M7_random_matched_score
f7e756cbf1967d2a,0.04172520116618077,0.35,0.005699708454810496,0.2831336405529954,0.07973586005830904,0.03392272727272727,0.06514871900564108
9ed41b9547f24364,0.4027194052478134,0.5999999999999999,0.2081486880466472,25.353054662379417,0.23191137026239064,1.0,0.12222088847194133
a1be76363b02b0af,0.41631210495626825,0.6499999999999999,0.1929737609329446,8.0,0.38562740524781336,0.48568181818181816,0.2868793550027103
dcdbe327e041bb86,0.7769832,0.5,0.859,37.10843373493976,0.6873199999999999,0.864375,0.12437418628315501
98cac4d07377f26e,0.04245860058309038,0.35,0.01034985422740525,0.1002135231316726,0.08196793002915452,0.016961363636363636,0.055173476121821954
5024c05ade470bf7,0.45351370262390667,0.6499999999999999,0.24657434402332362,4.224000000000001,0.4863556851311953,0.38150000000000006,0.30158781467423473
c668c6a9304c0162,0.801817392419825,0.5,0.7944518950437317,14.078212290502794,0.6563369096209911,0.7763068181818182,0.10823293211994839
3e854ea0b08e797e,0.2024435925152399,0.3627272727272729,0.031272780280943546,21.41198156682028,0.10244729817121657,0.446475,0.08051862452876613
b178166e2f2858a1,0.24463769096209914,0.65,0.059577259475218663,62.39999999999999,0.17159708454810496,0.6547727272727273,0.20943516157615644
80dea615468e5a33,0.21607453022931988,0.36940298507462693,0.0399734128192855,26.874101382488476,0.11209768591445107,0.4828113636363637,0.2151802500236733
d66aa465c586a02f,0.17560140174927114,0.55,0.10304956268221574,0.052439478584729984,0.29046379008746354,0.016961363636363636,0.04706385252401228
bcd24a707d6de258,0.3953880489795919,0.6,0.1913877551020408,1.479633027522936,0.3438661224489796,0.30771818181818184,0.05298532078952966
0ce7282c47f47f60,0.24374800233236155,0.75,0.148399416909621,0.052734082397003744,0.43123172011661814,0.016961363636363636,0.22875777070912678
7bb101d6d8a87056,0.8013872536443148,0.65,0.6721865889212827,11.26222222222222,0.7656495626822157,0.6988068181818181,0.08105862539996611
182e0887eb8193ff,0.19104940174927115,0.55,0.11304956268221575,0.04234586466165414,0.29526379008746356,0.016961363636363636,0.09100194228807398
c2cfc7bc97bab7f9,0.2591960023323615,0.75,0.158399416909621,0.04253776435045317,0.43603172011661806,0.016961363636363636,0.18948794141948944
8654c88a259b0707,0.050182600583090375,0.35,0.015349854227405247,0.0816231884057971,0.08436793002915452,0.016961363636363636,0.051036986684988114
fb00a88e3ffacbee,0.2730688023323615,0.65,0.169399416909621,0.03057546145494028,0.4043117201166181,0.016961363636363636,0.09188082839099876
cf798fca1fec8adb,0.3625280209912537,0.6,0.20559475218658893,0.3333762057877813,0.4106854810495627,0.13745227272727273,0.2383204863996775
044cd0850b863da0,0.2902826029154518,0.75,0.1787492711370262,0.030675381263616557,0.4457996501457726,0.016961363636363636,0.3590492133380889
94491f375cc78cdc,0.06563060058309038,0.35,0.02534985422740525,0.059534883720930236,0.08916793002915452,0.016961363636363636,0.05792201600902294
b1e055ca03f74921,0.23261400116618078,0.44999999999999996,0.1366997084548105,0.019651081646894625,0.22461586005830902,0.016961363636363636,0.2637755066531991
9648d053034f356e,0.44442012361516037,0.5999999999999999,0.21016909620991253,6.61392757660167,0.292881166180758,0.5667045454545454,0.05966304785795393
c858c0cd630ccf57,0.3516934017492711,0.75,0.21804956268221576,0.019692307692307693,0.4646637900874636,0.016961363636363636,0.0499148062954933
651bff5d8130258d,0.06563060058309038,0.35,0.02534985422740525,0.059534883720930236,0.08916793002915452,0.016961363636363636,0.263494649162881
f12aa33ce46ee117,0.16309800116618078,0.44999999999999996,0.0916997084548105,0.0328588098016336,0.20301586005830902,0.016961363636363636,0.21567665169195654
ceb80e48f4cdf6ca,0.2821774017492712,0.75,0.17304956268221575,0.03297423887587822,0.44306379008746355,0.016961363636363636,0.042855473022079704
2042a8b8a3446dbf,0.15537400116618078,0.44999999999999996,0.0866997084548105,0.035510718789407314,0.200615860058309,0.016961363636363636,0.08559771678138099
7322212f44f559a5,0.27445340174927113,0.75,0.16804956268221574,0.03564556962025316,0.4406637900874636,0.016961363636363636,0.2225613764371453
49b2d3e392d21551,0.13992600116618079,0.44999999999999996,0.0766997084548105,0.04234586466165414,0.19581586005830903,0.016961363636363636,0.21057240796581211
79ad628d4c9611e4,0.2590054017492711,0.75,0.15804956268221576,0.04253776435045317,0.43586379008746357,0.016961363636363636,0.05148628621778354
31a85279e5019649,0.06563060058309038,0.35,0.02534985422740525,0.059534883720930236,0.08916793002915452,0.016961363636363636,0.22191508975112828
9e0a98b152fc5852,0.1893495871911294,0.36147540983606563,0.03292123500454046,22.30857142857143,0.10221202886775321,0.42664318181818184,0.2897694862959055
8724d9a1c6968e3d,0.11675400116618076,0.44999999999999996,0.061699708454810494,0.059534883720930236,0.18861586005830902,0.016961363636363636,0.27278579016959226
5c4225e5acfb954e,0.23583340174927114,0.75,0.14304956268221575,0.05991489361702128,0.4286637900874636,0.016961363636363636,0.14323088817005494
fd396cc74b32f2ce,0.21127680233236154,0.65,0.12939941690962098,0.06885085574572126,0.3851117201166181,0.016961363636363636,0.056968010791661805
b08a388580e009d4,0.2284906029154519,0.75,0.13874927113702623,0.06935960591133004,0.4265996501457726,0.016961363636363636,0.2248929012728197
d8e8f0cd6c418f55,0.06563060058309038,0.35,0.02534985422740525,0.059534883720930236,0.08916793002915452,0.016961363636363636,0.12150228563668078
a3cd3de5525f1466,0.057906600583090384,0.35,0.02034985422740525,0.06885085574572126,0.08676793002915452,0.016961363636363636,0.03922441907256174
2116c1ff0d36623f,0.09358200116618076,0.44999999999999996,0.046699708454810494,0.1002135231316726,0.181415860058309,0.016961363636363636,0.22823052316693387
cf8900d225d3878c,0.21266140174927117,0.75,0.12804956268221573,0.10129496402877698,0.4214637900874636,0.016961363636363636,0.054046057272460576
14d718f1e9e767ed,0.24916821224489796,0.75,0.1293469387755102,1.423551401869159,0.4220865306122449,0.11872954545454546,0.04116970386229034
ec958c2cb1c5e521,0.28215886880466473,0.6499999999999999,0.10128279883381923,13.30181818181818,0.2666157434402332,0.42312045454545455,0.26737498658010084
ad31596f6c3d2c62,0.04245860058309038,0.35,0.01034985422740525,0.1002135231316726,0.08196793002915452,0.016961363636363636,0.11401187170495235
6ac6f05424f551ca,0.12447800116618074,0.44999999999999996,0.06669970845481049,0.052439478584729984,0.191015860058309,0.016961363636363636,0.15988896280889428
59ea011794238262,0.24355740174927115,0.75,0.14804956268221575,0.052734082397003744,0.43106379008746354,0.016961363636363636,0.3903439029034307
fc63e4776a7126f3,0.09358200116618076,0.44999999999999996,0.046699708454810494,0.1002135231316726,0.181415860058309,0.016961363636363636,0.05223427503636225
1719de838ca442fa,0.21266140174927117,0.75,0.12804956268221573,0.10129496402877698,0.4214637900874636,0.016961363636363636,0.24451185801895797
6d8756490b7c4291,0.057906600583090384,0.35,0.02034985422740525,0.06885085574572126,0.08676793002915452,0.016961363636363636,0.2706276778605228
bb2bc60510a704f7,0.09104060641399418,0.35000000000000003,0.008848396501457727,2.4656221198156683,0.08124723032069972,0.156175,0.4160372475809923
0a814dfc5e5070be,0.048906402332361515,0.35,0.006399416909620992,0.6134562211981567,0.08007172011661808,0.05264545454545455,0.21031085813789804
d98dbc439254db23,0.034734600583090386,0.35,0.0053498542274052485,0.12976958525345622,0.07956793002915452,0.016961363636363636,0.07058703572188771
cf259a7246ce94f2,0.1520772034985423,0.55,0.08409912536443148,0.21864768683274022,0.28136758017492713,0.03392272727272727,0.2402193658948104
e553fd52713d73c6,0.22041440466472303,0.75,0.12979883381924198,0.22100719424460433,0.4223034402332362,0.03392272727272727,0.2149672632282573
469f115aafd16a2a,0.06563060058309038,0.35,0.02534985422740525,0.059534883720930236,0.08916793002915452,0.016961363636363636,0.23940575942313227
88bb73d2adb12cd8,0.08880260058309039,0.35,0.04034985422740526,0.04234586466165414,0.09636793002915453,0.016961363636363636,0.1447674363488815
50f9916810b9f186,0.050182600583090375,0.35,0.015349854227405247,0.0816231884057971,0.08436793002915452,0.016961363636363636,0.06573056487947776
865d294d873e5b7f,0.18332540174927114,0.55,0.10804956268221574,0.04685524126455907,0.29286379008746355,0.016961363636363636,0.13258016677458068
ee676f6e7cfd3b00,0.25147200233236155,0.75,0.15339941690962097,0.04709030100334448,0.4336317201166181,0.016961363636363636,0.2242890823794624
0ffce0ea9bc9f8f1,0.050182600583090375,0.35,0.015349854227405247,0.0816231884057971,0.08436793002915452,0.016961363636363636,0.04093781216766441
db89977cfe1e8054,0.04172520116618077,0.35,0.005699708454810496,0.2831336405529954,0.07973586005830904,0.03392272727272727,0.2984536967289168
1eca790980aa9c48,0.09358200116618076,0.44999999999999996,0.046699708454810494,0.1002135231316726,0.181415860058309,0.016961363636363636,0.20878136153720098
36f8b538e0d95a45,0.21266140174927117,0.75,0.12804956268221573,0.10129496402877698,0.4214637900874636,0.016961363636363636,0.15168889794107218
f45461d75c3f8e54,0.24916821224489796,0.75,0.1293469387755102,1.423551401869159,0.4220865306122449,0.11872954545454546,0.12429879286266338
7b53a3058da38c2e,0.08107860058309038,0.35,0.03534985422740525,0.04685524126455907,0.09396793002915452,0.016961363636363636,0.05340161400931355
13c791d8b21c1a41,0.3782602029154519,0.75,0.24074927113702624,0.020569758948137326,0.5205596501457725,0.016961363636363636,0.10034360740151155
8d09fde4d07db401,0.3851862087463558,0.6,0.24424781341107873,0.07276967930029155,0.48923895043731785,0.05088409090909091,0.03535664589007029
7e3cd37724f878b7,0.3445412034985422,0.75,0.2140991253644315,0.02061493411420205,0.46276758017492714,0.016961363636363636,0.046394503726303965
a63b4484e7d71923,0.08880260058309039,0.35,0.04034985422740526,0.04234586466165414,0.09636793002915453,0.016961363636363636,0.05425404004400933
8a8a4d0419f45b15,0.06563060058309038,0.35,0.02534985422740525,0.059534883720930236,0.08916793002915452,0.016961363636363636,0.09323964453119388
2b7a0311758ba8a4,0.04172520116618077,0.35,0.005699708454810496,0.2831336405529954,0.07973586005830904,0.03392272727272727,0.29147101340075066
361cdbcd9b224c79,0.2797990227405248,0.75,0.13564431486880468,3.265794392523365,0.42510927113702635,0.19009772727272728,0.31660452136379935
e322e7426f1c8b05,0.13220200116618075,0.44999999999999996,0.0716997084548105,0.04685524126455907,0.19341586005830902,0.016961363636363636,0.2580292847311537
8ef0e9857ebeeea8,0.25128140174927116,0.75,0.15304956268221573,0.04709030100334448,0.4334637900874636,0.016961363636363636,0.2104621814202874
45cb21db5e97bafd,0.050182600583090375,0.35,0.015349854227405247,0.0816231884057971,0.08436793002915452,0.016961363636363636,0.13010474682334655
609152de1449f774,0.04172520116618077,0.35,0.005699708454810496,0.2831336405529954,0.07973586005830904,0.03392272727272727,0.18213792769478074
dd938382ee028c33,0.04245860058309038,0.35,0.01034985422740525,0.1002135231316726,0.08196793002915452,0.016961363636363636,0.11259239789891651
6769960516515df2,0.056439801749271136,0.3499999999999999,0.011049562682215745,0.35530249110320283,0.08230379008746354,0.05088409090909091,0.25061841216914854
4ef6e46b65977a1d,0.11197460058309039,0.35,0.05534985422740526,0.0328588098016336,0.10356793002915451,0.016961363636363636,0.2517262332225253
191d1f35b96de166,0.19104940174927115,0.55,0.11304956268221575,0.04234586466165414,0.29526379008746356,0.016961363636363636,0.11109962968443288
514f18d8a0fdf59d,0.2591960023323615,0.75,0.158399416909621,0.04253776435045317,0.43603172011661806,0.016961363636363636,0.0669082755600891
db6d5823cccc9ddc,0.050182600583090375,0.35,0.015349854227405247,0.0816231884057971,0.08436793002915452,0.016961363636363636,0.11964424609310487
a4cf2b565b66b46f,0.11675400116618076,0.44999999999999996,0.061699708454810494,0.059534883720930236,0.18861586005830902,0.016961363636363636,0.2838622171801454
2c8fadfbe0c1bd1b,0.23583340174927114,0.75,0.14304956268221575,0.05991489361702128,0.4286637900874636,0.016961363636363636,0.011845730489629842
1dd4eec0292622af,0.10903000116618075,0.44999999999999996,0.056699708454810496,0.06885085574572126,0.18621586005830904,0.016961363636363636,0.06422506198944446
0f285cc33b5e415a,0.22810940174927116,0.75,0.13804956268221574,0.06935960591133004,0.4262637900874636,0.016961363636363636,0.031745527748664286
01976e3cb4536b8f,0.24217280233236152,0.65,0.149399416909621,0.04234586466165414,0.3947117201166181,0.016961363636363636,0.03556532232602419
c4777c1f61e2de50,0.2593866029154519,0.75,0.15874927113702625,0.04253776435045317,0.43619965014577267,0.016961363636363636,0.8076338954914837
01b5a9d61ec33174,0.10903000116618075,0.44999999999999996,0.056699708454810496,0.06885085574572126,0.18621586005830904,0.016961363636363636,0.07474368506782125
47e37912a8758990,0.22810940174927116,0.75,0.13804956268221574,0.06935960591133004,0.4262637900874636,0.016961363636363636,0.04155702999716945
e751d6b5404eb099,0.07335460058309037,0.35,0.030349854227405246,0.052439478584729984,0.09156793002915452,0.016961363636363636,0.2905872132248457
66a495d0dba1c760,0.06563060058309038,0.35,0.02534985422740525,0.059534883720930236,0.08916793002915452,0.016961363636363636,0.034341340994885824
90234e8cef9a0d31,0.13220200116618075,0.44999999999999996,0.0716997084548105,0.04685524126455907,0.19341586005830902,0.016961363636363636,0.27300171576481963
25755188a0ae6d4e,0.25128140174927116,0.75,0.15304956268221573,0.04709030100334448,0.4334637900874636,0.016961363636363636,0.09991287483513552
9ac6792bd53e0522,0.15537400116618078,0.44999999999999996,0.0866997084548105,0.035510718789407314,0.200615860058309,0.016961363636363636,0.03207842016096289
f5d0a2ea94b2d687,0.27445340174927113,0.75,0.16804956268221574,0.03564556962025316,0.4406637900874636,0.016961363636363636,0.239605529593562
3555c8d834616284,0.057906600583090384,0.35,0.02034985422740525,0.06885085574572126,0.08676793002915452,0.016961363636363636,0.23475761089925748
c364312fcddbfa4e,0.12447800116618074,0.44999999999999996,0.06669970845481049,0.052439478584729984,0.191015860058309,0.016961363636363636,0.15128789940139162
192c21bfbb02f3c3,0.24355740174927115,0.75,0.14804956268221575,0.052734082397003744,0.43106379008746354,0.016961363636363636,0.07446694432702299
23093a724cd711bb,0.18332540174927114,0.55,0.10804956268221574,0.04685524126455907,0.29286379008746355,0.016961363636363636,0.06051363275273923
78245d03f3896c0e,0.25147200233236155,0.75,0.15339941690962097,0.04709030100334448,0.4336317201166181,0.016961363636363636,0.08695039673301373
ff912a5f3f791a32,0.04245860058309038,0.35,0.01034985422740525,0.1002135231316726,0.08196793002915452,0.016961363636363636,0.2598941495934823
b3c8ebfc5940c833,0.10425060058309038,0.35,0.050349854227405254,0.035510718789407314,0.10116793002915452,0.016961363636363636,0.23176594626288596
834686021a82b0a0,0.16309800116618078,0.44999999999999996,0.0916997084548105,0.0328588098016336,0.20301586005830902,0.016961363636363636,0.0451776372845578
4c2ab0833d8f97cb,0.2821774017492712,0.75,0.17304956268221575,0.03297423887587822,0.44306379008746355,0.016961363636363636,0.24936573617038552
55edeabf942b3124,0.04245860058309038,0.35,0.01034985422740525,0.1002135231316726,0.08196793002915452,0.016961363636363636,0.13923395429276902
aba2dbd35cba982b,0.2682894017492712,0.55,0.16304956268221577,0.021578544061302683,0.3192637900874636,0.016961363636363636,0.1935141367222918
90f3af0a30ad28c0,0.3364360023323615,0.75,0.208399416909621,0.02162826420890937,0.4600317201166181,0.016961363636363636,0.19683262440481922
e060058f3d471f0f,0.10425060058309038,0.35,0.050349854227405254,0.035510718789407314,0.10116793002915452,0.016961363636363636,0.07325346166854166
9e8ff668143889bc,0.0965266005830904,0.35,0.045349854227405256,0.03862825788751715,0.09876793002915452,0.016961363636363636,0.09560811814359921
b7a479218c03ad14,0.10130600116618074,0.44999999999999996,0.05169970845481049,0.0816231884057971,0.18381586005830902,0.016961363636363636,0.2757550526516743
ae49e90a5706c249,0.22038540174927115,0.75,0.13304956268221574,0.08233918128654971,0.42386379008746355,0.016961363636363636,0.14049980552058344
b54a4f9f49654365,0.13220200116618075,0.44999999999999996,0.0716997084548105,0.04685524126455907,0.19341586005830902,0.016961363636363636,0.17415009498923828
de6d126c139ee07b,0.25128140174927116,0.75,0.15304956268221573,0.04709030100334448,0.4334637900874636,0.016961363636363636,0.07209427272735196
281e8f649d2d91e5,0.08880260058309039,0.35,0.04034985422740526,0.04234586466165414,0.09636793002915453,0.016961363636363636,0.0374432251892233
a63b924dd2311920,0.09358200116618076,0.44999999999999996,0.046699708454810494,0.1002135231316726,0.181415860058309,0.016961363636363636,0.2628591325617341
879b616404df585e,0.21266140174927117,0.75,0.12804956268221573,0.10129496402877698,0.4214637900874636,0.016961363636363636,0.223419744607416
04d74c2393386dee,0.10903000116618075,0.44999999999999996,0.056699708454810496,0.06885085574572126,0.18621586005830904,0.016961363636363636,0.2346504007284794
26ffb84b78d4a1f8,0.22810940174927116,0.75,0.13804956268221574,0.06935960591133004,0.4262637900874636,0.016961363636363636,0.05750275019881708
bd14efa32ae4399a,0.09358200116618076,0.44999999999999996,0.046699708454810494,0.1002135231316726,0.181415860058309,0.016961363636363636,0.17280845537997908
68c9705a1ce680e5,0.21266140174927117,0.75,0.12804956268221573,0.10129496402877698,0.4214637900874636,0.016961363636363636,0.08961001122589897
cd3bf4fdc9f122cd,0.04245860058309038,0.35,0.01034985422740525,0.1002135231316726,0.08196793002915452,0.016961363636363636,0.26360410661954825
de46cb0d5bbb17fa,0.2267248023323615,0.65,0.139399416909621,0.052439478584729984,0.38991172011661807,0.016961363636363636,0.19430778781990285
20c86596c48e644d,0.2439386029154519,0.75,0.14874927113702624,0.052734082397003744,0.43139965014577264,0.016961363636363636,0.19957444291591836
cfa072861aaa9d1a,0.13220200116618075,0.44999999999999996,0.0716997084548105,0.04685524126455907,0.19341586005830902,0.016961363636363636,0.12113204270379263
5e421f0f7b7b522e,0.25128140174927116,0.75,0.15304956268221573,0.04709030100334448,0.4334637900874636,0.016961363636363636,0.05763068834396904
0e3088a2c61e4a67,0.15537400116618078,0.44999999999999996,0.0866997084548105,0.035510718789407314,0.200615860058309,0.016961363636363636,0.19512889564689243
05466a5d4875a906,0.27445340174927113,0.75,0.16804956268221574,0.03564556962025316,0.4406637900874636,0.016961363636363636,0.16037780656266393
f9881c15bfcba152,0.055897002915451896,0.35,0.0067492711370262404,0.8258064516129033,0.0802396501457726,0.06960681818181819,0.040113584859813214
65301ef602dbf173,0.04245860058309038,0.35,0.01034985422740525,0.1002135231316726,0.08196793002915452,0.016961363636363636,0.2861906318194473
037272b34ed8a662,0.07335460058309037,0.35,0.030349854227405246,0.052439478584729984,0.09156793002915452,0.016961363636363636,0.12758277651795255
476309736bfd1b7f,0.04172520116618077,0.35,0.005699708454810496,0.2831336405529954,0.07973586005830904,0.03392272727272727,0.1992147364866234
ae4eaf12003c5148,0.1505946005830904,0.35,0.08034985422740526,0.023925233644859812,0.11556793002915453,0.016961363636363636,0.10162755545122248
badcc84ba4e85a69,0.15537400116618078,0.44999999999999996,0.0866997084548105,0.035510718789407314,0.200615860058309,0.016961363636363636,0.04461307542603479
9980c932e14ea473,0.27445340174927113,0.75,0.16804956268221574,0.03564556962025316,0.4406637900874636,0.016961363636363636,0.2724773168989255
8d7d5941bf137c2f,0.04172520116618077,0.35,0.005699708454810496,0.2831336405529954,0.07973586005830904,0.03392272727272727,0.24122165425553177
694501feb4aa8c7c,0.11197460058309039,0.35,0.05534985422740526,0.0328588098016336,0.10356793002915451,0.016961363636363636,0.05289786717472326
4d424d97a8100abb,0.16309800116618078,0.44999999999999996,0.0916997084548105,0.0328588098016336,0.20301586005830902,0.016961363636363636,0.12064601260674565
1d6ada8943b67989,0.2821774017492712,0.75,0.17304956268221575,0.03297423887587822,0.44306379008746355,0.016961363636363636,0.07381629918047186
1b1e5e111f1a0c64,0.17560140174927114,0.55,0.10304956268221574,0.052439478584729984,0.29046379008746354,0.016961363636363636,0.10433455449160152
bd77f6ee1c69dfad,0.24374800233236155,0.75,0.148399416909621,0.052734082397003744,0.43123172011661814,0.016961363636363636,0.07529358265060876
1d6da70403770b74,0.18332540174927114,0.55,0.10804956268221574,0.04685524126455907,0.29286379008746355,0.016961363636363636,0.15891116474194691
38836e4d9f331ec6,0.25147200233236155,0.75,0.15339941690962097,0.04709030100334448,0.4336317201166181,0.016961363636363636,0.02276632532034431
e2c3778e822a107f,0.07335460058309037,0.35,0.030349854227405246,0.052439478584729984,0.09156793002915452,0.016961363636363636,0.15475622672102252
0d796b9408aafcc9,0.050182600583090375,0.35,0.015349854227405247,0.0816231884057971,0.08436793002915452,0.016961363636363636,0.3923832431014856
c7e917407ce815e8,0.050182600583090375,0.35,0.015349854227405247,0.0816231884057971,0.08436793002915452,0.016961363636363636,0.23331368902971847
30cbb0fb605f03f1,0.07335460058309037,0.35,0.030349854227405246,0.052439478584729984,0.09156793002915452,0.016961363636363636,0.25725607373158166
35768d000c963081,0.04245860058309038,0.35,0.01034985422740525,0.1002135231316726,0.08196793002915452,0.016961363636363636,0.12655326071047354
3b318467904eef46,0.21127680233236154,0.65,0.12939941690962098,0.06885085574572126,0.3851117201166181,0.016961363636363636,0.24843781569081558
41abe94a1d7d77fd,0.2284906029154519,0.75,0.13874927113702623,0.06935960591133004,0.4265996501457726,0.016961363636363636,0.181193070188731
517b681d5e4f3b59,0.17560140174927114,0.55,0.10304956268221574,0.052439478584729984,0.29046379008746354,0.016961363636363636,0.15726762053132268
3d5f953b4ada1380,0.24374800233236155,0.75,0.148399416909621,0.052734082397003744,0.43123172011661814,0.016961363636363636,0.0327902206109422
aff105da607535df,0.08880260058309039,0.35,0.04034985422740526,0.04234586466165414,0.09636793002915453,0.016961363636363636,0.3434437307699871
cc5f79df266a9c7a,0.13992600116618079,0.44999999999999996,0.0766997084548105,0.04234586466165414,0.19581586005830903,0.016961363636363636,0.3346706800415712
9344ea7c3d49972f,0.2590054017492711,0.75,0.15804956268221576,0.04253776435045317,0.43586379008746357,0.016961363636363636,0.13117524466007008
9558d9fa3b387d0c,0.17854600116618077,0.44999999999999996,0.1016997084548105,0.028588832487309646,0.20781586005830904,0.016961363636363636,0.026511727528379946
01acc8d1ba99cdc3,0.2976254017492711,0.75,0.18304956268221573,0.028676171079429734,0.4478637900874636,0.016961363636363636,0.053525629208542334
a9678c73a52b2c3b,0.12447800116618074,0.44999999999999996,0.06669970845481049,0.052439478584729984,0.191015860058309,0.016961363636363636,0.38367816618648676
8651abaafe9fdd5f,0.24355740174927115,0.75,0.14804956268221575,0.052734082397003744,0.43106379008746354,0.016961363636363636,0.036128507179038864
56d7e9027f9de34f,0.1476500011661808,0.44999999999999996,0.0816997084548105,0.03862825788751715,0.19821586005830905,0.016961363636363636,0.1326955486299046
6903857676708e9e,0.2667294017492712,0.75,0.16304956268221574,0.03878787878787879,0.4382637900874635,0.016961363636363636,0.12308788228745964
508346b28f653845,0.20171800116618077,0.44999999999999996,0.11669970845481051,0.023925233644859812,0.21501586005830903,0.016961363636363636,0.0351806020668114
b2d239c9579ef429,0.3207974017492712,0.75,0.19804956268221574,0.023986371379897786,0.45506379008746356,0.016961363636363636,0.0726427183506893
8e3169a69b23503a,0.10130600116618074,0.44999999999999996,0.05169970845481049,0.0816231884057971,0.18381586005830902,0.016961363636363636,0.13708483834119983
950a5bd67e44bdfd,0.22038540174927115,0.75,0.13304956268221574,0.08233918128654971,0.42386379008746355,0.016961363636363636,0.22823982974019655
8c5c752d3f510d49,0.19104940174927115,0.55,0.11304956268221575,0.04234586466165414,0.29526379008746356,0.016961363636363636,0.06626578323768703
ea9330e55884c4f0,0.2591960023323615,0.75,0.158399416909621,0.04253776435045317,0.43603172011661806,0.016961363636363636,0.0877809735766301
47970d82474669e4,0.041915801749271134,0.3499999999999999,0.0060495626822157445,0.42470046082949314,0.07990379008746354,0.03568409090909091,0.2553571244510588
81ff8f4f9b8e6488,0.15242940174927117,0.55,0.08804956268221574,0.0816231884057971,0.28326379008746355,0.016961363636363636,0.1405267326646402
27b89b2ee849debd,0.2205760023323615,0.75,0.13339941690962098,0.08233918128654971,0.42403172011661805,0.016961363636363636,0.08611603479019495
18190884b85e9e55,0.04245860058309038,0.35,0.01034985422740525,0.1002135231316726,0.08196793002915452,0.016961363636363636,0.09972032134140396
d3f83fe6d01c083c,0.050182600583090375,0.35,0.015349854227405247,0.0816231884057971,0.08436793002915452,0.016961363636363636,0.14216478734018362
3239efc972f5dfb6,0.17560140174927114,0.55,0.10304956268221574,0.052439478584729984,0.29046379008746354,0.016961363636363636,0.2402375861237731
99d692dc5d563ad7,0.24374800233236155,0.75,0.148399416909621,0.052734082397003744,0.43123172011661814,0.016961363636363636,0.2264335866188088
59803ffcd46f4b65,0.20171800116618077,0.44999999999999996,0.11669970845481051,0.023925233644859812,0.21501586005830903,0.016961363636363636,0.2351494461782912
0bd4af824a7c6ec5,0.3207974017492712,0.75,0.19804956268221574,0.023986371379897786,0.45506379008746356,0.016961363636363636,0.13018952148936497
1c870e2844931bad,0.17082200116618076,0.44999999999999996,0.09669970845481049,0.03057546145494028,0.20541586005830903,0.016961363636363636,0.04372308438578174
e4465440c1bc0f78,0.28990140174927115,0.75,0.17804956268221572,0.030675381263616557,0.4454637900874636,0.016961363636363636,0.04468499739756249
5cb9ac892265032d,0.13992600116618079,0.44999999999999996,0.0766997084548105,0.04234586466165414,0.19581586005830903,0.016961363636363636,0.2976264904302255
d9e76bd47ebd2d40,0.2590054017492711,0.75,0.15804956268221576,0.04253776435045317,0.43586379008746357,0.016961363636363636,0.27202573317534884
a4738e9604b5f823,0.13220200116618075,0.44999999999999996,0.0716997084548105,0.04685524126455907,0.19341586005830902,0.016961363636363636,0.24928771955401602
03c581f8a7dcae43,0.25128140174927116,0.75,0.15304956268221573,0.04709030100334448,0.4334637900874636,0.016961363636363636,0.10503063335619575
c9a609b3bc6b386b,0.13220200116618075,0.44999999999999996,0.0716997084548105,0.04685524126455907,0.19341586005830902,0.016961363636363636,0.02420500145913708
ebf2994118b006d8,0.25128140174927116,0.75,0.15304956268221573,0.04709030100334448,0.4334637900874636,0.016961363636363636,0.22250751647669864
9411c7160c236587,0.057906600583090384,0.35,0.02034985422740525,0.06885085574572126,0.08676793002915452,0.016961363636363636,0.1514039257947184
9ae481b42135ce8f,0.12447800116618074,0.44999999999999996,0.06669970845481049,0.052439478584729984,0.191015860058309,0.016961363636363636,0.20094470744202933
1083065a04c54a8d,0.24355740174927115,0.75,0.14804956268221575,0.052734082397003744,0.43106379008746354,0.016961363636363636,0.23903101942631994
f55e3176d5415fd0,0.08880260058309039,0.35,0.04034985422740526,0.04234586466165414,0.09636793002915453,0.016961363636363636,0.09597628756332924
0c86caf8e11b76fa,0.07335460058309037,0.35,0.030349854227405246,0.052439478584729984,0.09156793002915452,0.016961363636363636,0.0671894306045596
aab327928db8afa1,0.04245860058309038,0.35,0.01034985422740525,0.1002135231316726,0.08196793002915452,0.016961363636363636,0.20703901008078696
1e501e512606bacc,0.21422140174927118,0.55,0.12804956268221573,0.0328588098016336,0.30246379008746355,0.016961363636363636,0.09236879208726471
db2d7636b05d6612,0.2823680023323615,0.75,0.173399416909621,0.03297423887587822,0.44323172011661804,0.016961363636363636,0.2758990326835329
89f6153366fa593f,0.04245860058309038,0.35,0.01034985422740525,0.1002135231316726,0.08196793002915452,0.016961363636363636,0.06954041420276943
ac591f721833d1ab,0.04245860058309038,0.35,0.01034985422740525,0.1002135231316726,0.08196793002915452,0.016961363636363636,0.2039949973171059
6d04b1482ef678fc,0.13220200116618075,0.44999999999999996,0.0716997084548105,0.04685524126455907,0.19341586005830902,0.016961363636363636,0.09496231371381066
a79808a8f9d252a6,0.25128140174927116,0.75,0.15304956268221573,0.04709030100334448,0.4334637900874636,0.016961363636363636,0.23393623308360845
5b3b61d183af570c,0.08880260058309039,0.35,0.04034985422740526,0.04234586466165414,0.09636793002915453,0.016961363636363636,0.3643113943701143
14017271c175de60,0.11969860058309037,0.35,0.06034985422740525,0.03057546145494028,0.10596793002915451,0.016961363636363636,0.039418865660967084
ffaac14c975581f5,0.15242940174927117,0.55,0.08804956268221574,0.0816231884057971,0.28326379008746355,0.016961363636363636,0.22133523956259463
e147c8e790c72431,0.2205760023323615,0.75,0.13339941690962098,0.08233918128654971,0.42403172011661805,0.016961363636363636,0.2564513419627634
08f4089606132ab8,0.07335460058309037,0.35,0.030349854227405246,0.052439478584729984,0.09156793002915452,0.016961363636363636,0.0866901423681671
b7093af09a280f9f,0.14470540174927116,0.55,0.08304956268221575,0.1002135231316726,0.28086379008746354,0.016961363636363636,0.19112544908686308
7de946bb4ff5b177,0.2128520023323615,0.75,0.12839941690962098,0.10129496402877698,0.4216317201166181,0.016961363636363636,0.06258477647089343
c682e4cc7ecf11ef,0.13220200116618075,0.44999999999999996,0.0716997084548105,0.04685524126455907,0.19341586005830902,0.016961363636363636,0.16213941598041273
bffe6de03e8ac372,0.25128140174927116,0.75,0.15304956268221573,0.04709030100334448,0.4334637900874636,0.016961363636363636,0.0909866955815204
3900e5346a98abc0,0.12447800116618074,0.44999999999999996,0.06669970845481049,0.052439478584729984,0.191015860058309,0.016961363636363636,0.05835195434346116
3a71e03116c79d4a,0.24355740174927115,0.75,0.14804956268221575,0.052734082397003744,0.43106379008746354,0.016961363636363636,0.23258166707658345
fa10bb7f768cf991,0.06563060058309038,0.35,0.02534985422740525,0.059534883720930236,0.08916793002915452,0.016961363636363636,0.2071134931239603
093411ebe3bf701c,0.10130600116618074,0.44999999999999996,0.05169970845481049,0.0816231884057971,0.18381586005830902,0.016961363636363636,0.2701845438146778
53aa030a2419c30b,0.22038540174927115,0.75,0.13304956268221574,0.08233918128654971,0.42386379008746355,0.016961363636363636,0.448766336907093
56b8599c64da745d,0.048715801749271134,0.3499999999999999,0.0060495626822157445,0.4600921658986175,0.07990379008746354,0.05088409090909091,0.06519968940174495
fe1115f92206f475,0.33097560349854227,0.75,0.2170991253644315,0.04685524126455907,0.5692075801749271,0.016961363636363636,0.026324650349708614
550670cec53af80e,0.36988320699708455,0.6,0.24919825072886298,0.05700404858299595,0.5516151603498542,0.018722727272727273,0.15843784309747494
a3431c85fc086b25,0.2520438040816327,0.75,0.15444897959183673,0.04709030100334448,0.4341355102040817,0.016961363636363636,0.3249583369636575
cc64cf4da805c75c,0.10903000116618075,0.44999999999999996,0.056699708454810496,0.06885085574572126,0.18621586005830904,0.016961363636363636,0.296696023108233
33f31253013b651c,0.22810940174927116,0.75,0.13804956268221574,0.06935960591133004,0.4262637900874636,0.016961363636363636,0.05622396342900372
aa35199c2dad790c,0.04245860058309038,0.35,0.01034985422740525,0.1002135231316726,0.08196793002915452,0.016961363636363636,0.060740355581470076
9ca60b451eaa98ad,0.1428706005830904,0.35,0.07534985422740526,0.025300988319856246,0.11316793002915451,0.016961363636363636,0.08445023571801594
18b9a1c38ca730f0,0.08880260058309039,0.35,0.04034985422740526,0.04234586466165414,0.09636793002915453,0.016961363636363636,0.3538776868522552
47903fef5b14e4ab,0.07335460058309037,0.35,0.030349854227405246,0.052439478584729984,0.09156793002915452,0.016961363636363636,0.3615861056667963
0a58511498fe7025,0.12447800116618074,0.44999999999999996,0.06669970845481049,0.052439478584729984,0.191015860058309,0.016961363636363636,0.031089528802450438
1aee4bf5dd1a07ce,0.24355740174927115,0.75,0.14804956268221575,0.052734082397003744,0.43106379008746354,0.016961363636363636,0.10042372077932553
72103aeccd8ba7ce,0.07335460058309037,0.35,0.030349854227405246,0.052439478584729984,0.09156793002915452,0.016961363636363636,0.12029034356388951
dbd4062fbad42282,0.06563060058309038,0.35,0.02534985422740525,0.059534883720930236,0.08916793002915452,0.016961363636363636,0.8142907581978501
945196028cebeb61,0.10425060058309038,0.35,0.050349854227405254,0.035510718789407314,0.10116793002915452,0.016961363636363636,0.0697649143269721
6f67a42971bd24e5,0.04245860058309038,0.35,0.01034985422740525,0.1002135231316726,0.08196793002915452,0.016961363636363636,0.23110877315291029
0a3f06fba79c0195,0.057906600583090384,0.35,0.02034985422740525,0.06885085574572126,0.08676793002915452,0.016961363636363636,0.2766856862188857
cd61a85f53c2206d,0.14470540174927116,0.55,0.08304956268221575,0.1002135231316726,0.28086379008746354,0.016961363636363636,0.12828929889751262
df48f0047276b6b7,0.2128520023323615,0.75,0.12839941690962098,0.10129496402877698,0.4216317201166181,0.016961363636363636,0.1701501935676479
8ec893ae28741c3f,0.13220200116618075,0.44999999999999996,0.0716997084548105,0.04685524126455907,0.19341586005830902,0.016961363636363636,0.06675352255308664
1f086bb1a04efe5e,0.25128140174927116,0.75,0.15304956268221573,0.04709030100334448,0.4334637900874636,0.016961363636363636,0.36602349522682903
4017b52dac27d250,0.33964020291545194,0.75,0.21574927113702624,0.02684461391801716,0.5085596501457726,0.016961363636363636,0.11635356669049857
c7bf6d063058a6eb,0.30592120349854224,0.75,0.18909912536443146,0.026921606118546847,0.45076758017492713,0.016961363636363636,0.3689515570725528
adca249b7fbf481a,0.13220200116618075,0.44999999999999996,0.0716997084548105,0.04685524126455907,0.19341586005830902,0.016961363636363636,0.046460525511966055
48c0c5fb803920ae,0.25128140174927116,0.75,0.15304956268221573,0.04709030100334448,0.4334637900874636,0.016961363636363636,0.12864433045247847
7092fda35abc74cf,0.13220200116618075,0.44999999999999996,0.0716997084548105,0.04685524126455907,0.19341586005830902,0.016961363636363636,0.0931125340126288
18ce8b89d18ac672,0.25128140174927116,0.75,0.15304956268221573,0.04709030100334448,0.4334637900874636,0.016961363636363636,0.19750666616427617
02cbe680055ba950,0.057906600583090384,0.35,0.02034985422740525,0.06885085574572126,0.08676793002915452,0.016961363636363636,0.36707659605937526
f96b8d569a9867f1,0.10903000116618075,0.44999999999999996,0.056699708454810496,0.06885085574572126,0.18621586005830904,0.016961363636363636,0.09134947796288867
253a3bd1e4b52fbd,0.22810940174927116,0.75,0.13804956268221574,0.06935960591133004,0.4262637900874636,0.016961363636363636,0.2002092338680684
8352bc184c441f84,0.08880260058309039,0.35,0.04034985422740526,0.04234586466165414,0.09636793002915453,0.016961363636363636,0.3232310179270711
7e162070d50160da,0.3628122029154519,0.75,0.23074927113702626,0.022691377921031427,0.5157596501457726,0.016961363636363636,0.09867517560736427
2ec25c38859fa78d,0.3290932034985423,0.75,0.20409912536443148,0.022746365105008076,0.4579675801749271,0.016961363636363636,0.07465746803572605
f9d300fb28e73b59,0.15242940174927117,0.55,0.08804956268221574,0.0816231884057971,0.28326379008746355,0.016961363636363636,0.026417292247877085
fc197c15633c69a0,0.2205760023323615,0.75,0.13339941690962098,0.08233918128654971,0.42403172011661805,0.016961363636363636,0.05629682665872733
f9d342d8e3abc2ed,0.04245860058309038,0.35,0.01034985422740525,0.1002135231316726,0.08196793002915452,0.016961363636363636,0.14811082303204787
be57a00fd4e8e4fa,0.15831860058309039,0.35,0.08534985422740525,0.022691377921031427,0.11796793002915451,0.016961363636363636,0.163582129874146
da87fdd841a90cd1,0.04245860058309038,0.35,0.01034985422740525,0.1002135231316726,0.08196793002915452,0.016961363636363636,0.08794651563947994
e842b1e8328b9de8,0.04245860058309038,0.35,0.01034985422740525,0.1002135231316726,0.08196793002915452,0.016961363636363636,0.2443012961578247
8f2fdbb7dbecb3a0,0.04245860058309038,0.35,0.01034985422740525,0.1002135231316726,0.08196793002915452,0.016961363636363636,0.06150601881129116
3750b8ec0eabb3b3,0.07335460058309037,0.35,0.030349854227405246,0.052439478584729984,0.09156793002915452,0.016961363636363636,0.2420832584020322
9134381f361061fa,0.15537400116618078,0.44999999999999996,0.0866997084548105,0.035510718789407314,0.200615860058309,0.016961363636363636,0.16170891288209835
7003bff4927494ca,0.27445340174927113,0.75,0.16804956268221574,0.03564556962025316,0.4406637900874636,0.016961363636363636,0.12477048055619497
2157e1ed2374e502,0.04245860058309038,0.35,0.01034985422740525,0.1002135231316726,0.08196793002915452,0.016961363636363636,0.05434401859971134
bc76d7972240d21b,0.1476500011661808,0.44999999999999996,0.0816997084548105,0.03862825788751715,0.19821586005830905,0.016961363636363636,0.21929267263466656
cd63755b6ec82058,0.2667294017492712,0.75,0.16304956268221574,0.03878787878787879,0.4382637900874635,0.016961363636363636,0.25044114787062205
acf32c4d54317262,0.13514660058309036,0.35,0.07034985422740524,0.02684461391801716,0.11076793002915451,0.016961363636363636,0.3122552731941579
104e0438c00706d0,0.10130600116618074,0.44999999999999996,0.05169970845481049,0.0816231884057971,0.18381586005830902,0.016961363636363636,0.2508822981486175
eaa299ecdced6290,0.22038540174927115,0.75,0.13304956268221574,0.08233918128654971,0.42386379008746355,0.016961363636363636,0.21381887286689572
260cc29cc2a722fd,0.08880260058309039,0.35,0.04034985422740526,0.04234586466165414,0.09636793002915453,0.016961363636363636,0.08646328870733334
b23eaa538d26beae,0.11675400116618076,0.44999999999999996,0.061699708454810494,0.059534883720930236,0.18861586005830902,0.016961363636363636,0.022346199565061776
e3fd5b52bfd6be85,0.23583340174927114,0.75,0.14304956268221575,0.05991489361702128,0.4286637900874636,0.016961363636363636,0.08254298740930543
e979a18c73848089,0.04245860058309038,0.35,0.01034985422740525,0.1002135231316726,0.08196793002915452,0.016961363636363636,0.22999727767733277
804692d14729d5b9,0.2605654017492712,0.55,0.15804956268221576,0.022691377921031427,0.31686379008746357,0.016961363636363636,0.0961947559639243
62cec221c74858c1,0.32871200233236153,0.75,0.203399416909621,0.022746365105008076,0.4576317201166181,0.016961363636363636,0.23816180862576208
fccbc930be84e763,0.050182600583090375,0.35,0.015349854227405247,0.0816231884057971,0.08436793002915452,0.016961363636363636,0.27486394565872324
3c4571ceeaf1e79a,0.07335460058309037,0.35,0.030349854227405246,0.052439478584729984,0.09156793002915452,0.016961363636363636,0.1490574803405338
961505bfd328feaa,0.048715801749271134,0.3499999999999999,0.0060495626822157445,0.4600921658986175,0.07990379008746354,0.05088409090909091,0.28008474733631106
dc2e2272f23fcc0a,0.0965266005830904,0.35,0.045349854227405256,0.03862825788751715,0.09876793002915452,0.016961363636363636,0.20713626923748585
1ea7e036ff750c5d,0.11675400116618076,0.44999999999999996,0.061699708454810494,0.059534883720930236,0.18861586005830902,0.016961363636363636,0.08797088646181957
9118eba4dc153c86,0.23583340174927114,0.75,0.14304956268221575,0.05991489361702128,0.4286637900874636,0.016961363636363636,0.05266970115101844
7842893c806681a5,0.08880260058309039,0.35,0.04034985422740526,0.04234586466165414,0.09636793002915453,0.016961363636363636,0.1781823461644389
a8a25a79eee6f543,0.04245860058309038,0.35,0.01034985422740525,0.1002135231316726,0.08196793002915452,0.016961363636363636,0.27916359713156325
5c71d61181d16874,0.04245860058309038,0.35,0.01034985422740525,0.1002135231316726,0.08196793002915452,0.016961363636363636,0.1127525751526834
97a0fccb4132b600,0.10903000116618075,0.44999999999999996,0.056699708454810496,0.06885085574572126,0.18621586005830904,0.016961363636363636,0.08749768484707447
49373f7f7c7754df,0.22810940174927116,0.75,0.13804956268221574,0.06935960591133004,0.4262637900874636,0.016961363636363636,0.10180781857726337
86710d0e37172fd4,0.06563060058309038,0.35,0.02534985422740525,0.059534883720930236,0.08916793002915452,0.016961363636363636,0.14062091669363339
2e1e808c55b863c7,0.15537400116618078,0.44999999999999996,0.0866997084548105,0.035510718789407314,0.200615860058309,0.016961363636363636,0.26578276624400987
a44cb69a1dca22d2,0.27445340174927113,0.75,0.16804956268221574,0.03564556962025316,0.4406637900874636,0.016961363636363636,0.10307790688636487
29171dce62d9d6df,0.08880260058309039,0.35,0.04034985422740526,0.04234586466165414,0.09636793002915453,0.016961363636363636,0.026334993359748246
a8732cf96ad50987,0.04245860058309038,0.35,0.01034985422740525,0.1002135231316726,0.08196793002915452,0.016961363636363636,0.08423868369880522
a47a82ee395f1ffb,0.09358200116618076,0.44999999999999996,0.046699708454810494,0.1002135231316726,0.181415860058309,0.016961363636363636,0.29518118212149136
4847853ca124950b,0.21266140174927117,0.75,0.12804956268221573,0.10129496402877698,0.4214637900874636,0.016961363636363636,0.23251961819297529
d2b18fa8e4c7776b,0.13220200116618075,0.44999999999999996,0.0716997084548105,0.04685524126455907,0.19341586005830902,0.016961363636363636,0.2940377056968717
d57f75587ef57731,0.25128140174927116,0.75,0.15304956268221573,0.04709030100334448,0.4334637900874636,0.016961363636363636,0.24683744896222662
b0ef47827ae7d222,0.19104940174927115,0.55,0.11304956268221575,0.04234586466165414,0.29526379008746356,0.016961363636363636,0.25659543548067965
0c422023e263df0d,0.2591960023323615,0.75,0.158399416909621,0.04253776435045317,0.43603172011661806,0.016961363636363636,0.08195556708940442
94a8b28529b5cde8,0.034734600583090386,0.35,0.0053498542274052485,0.12976958525345622,0.07956793002915452,0.016961363636363636,0.12003279365169887
8d738f8b1b0b14f8,0.09358200116618076,0.44999999999999996,0.046699708454810494,0.1002135231316726,0.181415860058309,0.016961363636363636,0.14646717898843326
519859376b95e30d,0.21266140174927117,0.75,0.12804956268221573,0.10129496402877698,0.4214637900874636,0.016961363636363636,0.2629677960712331
97f4eab3f206d722,0.07335460058309037,0.35,0.030349854227405246,0.052439478584729984,0.09156793002915452,0.016961363636363636,0.1346330679065472
790f5b240d47e65b,0.04245860058309038,0.35,0.01034985422740525,0.1002135231316726,0.08196793002915452,0.016961363636363636,0.12980576559860021
3a2c7494fc95580c,0.057906600583090384,0.35,0.02034985422740525,0.06885085574572126,0.08676793002915452,0.016961363636363636,0.28522843937175707
5369608b1a8f2a3e,0.2730688023323615,0.65,0.169399416909621,0.03057546145494028,0.4043117201166181,0.016961363636363636,0.04820847370058129
7286c1bf69ddc46f,0.2902826029154518,0.75,0.1787492711370262,0.030675381263616557,0.4457996501457726,0.016961363636363636,0.1089234611060062
032b6bd2a46491af,0.10903000116618075,0.44999999999999996,0.056699708454810496,0.06885085574572126,0.18621586005830904,0.016961363636363636,0.1952036461888881
4d7bdef874df4c60,0.22810940174927116,0.75,0.13804956268221574,0.06935960591133004,0.4262637900874636,0.016961363636363636,0.21134278377068355
8dc4eda80193704c,0.07335460058309037,0.35,0.030349854227405246,0.052439478584729984,0.09156793002915452,0.016961363636363636,0.08126571345555003
c56441a78d5ccf49,0.034734600583090386,0.35,0.0053498542274052485,0.12976958525345622,0.07956793002915452,0.016961363636363636,0.16604888242704563
d7827d1eb4da3f77,0.18332540174927114,0.55,0.10804956268221574,0.04685524126455907,0.29286379008746355,0.016961363636363636,0.29687110184088067
a722108da8b71e5d,0.25147200233236155,0.75,0.15339941690962097,0.04709030100334448,0.4336317201166181,0.016961363636363636,0.2563170799217653
a9ee229696ec7551,0.04245860058309038,0.35,0.01034985422740525,0.1002135231316726,0.08196793002915452,0.016961363636363636,0.17435446959006035
d1d08c7a8f690b91,0.18627000116618075,0.44999999999999996,0.10669970845481049,0.02684461391801716,0.210215860058309,0.016961363636363636,0.09607615029706118
c62480c59b6eb103,0.30534940174927117,0.75,0.18804956268221573,0.026921606118546847,0.45026379008746353,0.016961363636363636,0.21131916329503825
212f4b2a4f86988e,0.06563060058309038,0.35,0.02534985422740525,0.059534883720930236,0.08916793002915452,0.016961363636363636,0.10958051243173589
e37a908194bd6ef6,0.16787740174927113,0.55,0.09804956268221574,0.059534883720930236,0.2880637900874636,0.016961363636363636,0.23817165585692768
a1afa8c9870f366a,0.2360240023323615,0.75,0.143399416909621,0.05991489361702128,0.4288317201166181,0.016961363636363636,0.16736464215564686
a7ee86a431352b3f,0.16309800116618078,0.44999999999999996,0.0916997084548105,0.0328588098016336,0.20301586005830902,0.016961363636363636,0.13484287756639576
576b17ed3fc0cd11,0.2821774017492712,0.75,0.17304956268221575,0.03297423887587822,0.44306379008746355,0.016961363636363636,0.03912836846838457
4700420ddd1821f3,0.08107860058309038,0.35,0.03534985422740525,0.04685524126455907,0.09396793002915452,0.016961363636363636,0.07138298895871567
c8b8de9693336509,0.17082200116618076,0.44999999999999996,0.09669970845481049,0.03057546145494028,0.20541586005830903,0.016961363636363636,0.08245218343394466
5b8f17c5106e6865,0.28990140174927115,0.75,0.17804956268221572,0.030675381263616557,0.4454637900874636,0.016961363636363636,0.05248491289012758
4e0dcd009204923f,0.11675400116618076,0.44999999999999996,0.061699708454810494,0.059534883720930236,0.18861586005830902,0.016961363636363636,0.16773137063837332
190ea0b4ad2eef1f,0.23583340174927114,0.75,0.14304956268221575,0.05991489361702128,0.4286637900874636,0.016961363636363636,0.325790463114514
6f76c779ce3c986d,0.06563060058309038,0.35,0.02534985422740525,0.059534883720930236,0.08916793002915452,0.016961363636363636,0.13080824600130891
a837bf7c5c3e4f53,0.057906600583090384,0.35,0.02034985422740525,0.06885085574572126,0.08676793002915452,0.016961363636363636,0.18571129729244198
b43bcda005607d11,0.09358200116618076,0.44999999999999996,0.046699708454810494,0.1002135231316726,0.181415860058309,0.016961363636363636,0.21463081337732423
27cd4eaafa584b7d,0.21266140174927117,0.75,0.12804956268221573,0.10129496402877698,0.4214637900874636,0.016961363636363636,0.12753149772753594
1150eacf6e706b24,0.10130600116618074,0.44999999999999996,0.05169970845481049,0.0816231884057971,0.18381586005830902,0.016961363636363636,0.1323603757285678
be62345380e5e13d,0.22038540174927115,0.75,0.13304956268221574,0.08233918128654971,0.42386379008746355,0.016961363636363636,0.1341083719727482
f62c3c7e222b6787,0.07335460058309037,0.35,0.030349854227405246,0.052439478584729984,0.09156793002915452,0.016961363636363636,0.037947785206307705
36aa21eeff0ff2d3,0.17082200116618076,0.44999999999999996,0.09669970845481049,0.03057546145494028,0.20541586005830903,0.016961363636363636,0.09626708656072384
2bdce9ccf23b433b,0.28990140174927115,0.75,0.17804956268221572,0.030675381263616557,0.4454637900874636,0.016961363636363636,0.05691248221842891
2a5ddd870c949370,0.050182600583090375,0.35,0.015349854227405247,0.0816231884057971,0.08436793002915452,0.016961363636363636,0.28849837750306234
dfb3f019f0bc91b8,0.22194540174927113,0.55,0.13304956268221574,0.03057546145494028,0.30486379008746356,0.016961363636363636,0.07806404437171846
c1fcc347740707e1,0.29009200233236154,0.75,0.17839941690962097,0.030675381263616557,0.4456317201166181,0.016961363636363636,0.22855980570022785
f15a722efc83c5bd,0.11675400116618076,0.44999999999999996,0.061699708454810494,0.059534883720930236,0.18861586005830902,0.016961363636363636,0.04063225067736176
12b47c41dfc7e224,0.23583340174927114,0.75,0.14304956268221575,0.05991489361702128,0.4286637900874636,0.016961363636363636,0.05972624285294413
c737ca215260fd5d,0.09358200116618076,0.44999999999999996,0.046699708454810494,0.1002135231316726,0.181415860058309,0.016961363636363636,0.29732532823473895
4161c66ce8888289,0.21266140174927117,0.75,0.12804956268221573,0.10129496402877698,0.4214637900874636,0.016961363636363636,0.11110093984214785
eb25d06edaf459c1,0.19104940174927115,0.55,0.11304956268221575,0.04234586466165414,0.29526379008746356,0.016961363636363636,0.1942810842812633
4c025b52238838dc,0.2591960023323615,0.75,0.158399416909621,0.04253776435045317,0.43603172011661806,0.016961363636363636,0.21538780658961648
b1aad7ba57d38a9e,0.057906600583090384,0.35,0.02034985422740525,0.06885085574572126,0.08676793002915452,0.016961363636363636,0.2855035699234421
67cb542b2cdd03bd,0.13992600116618079,0.44999999999999996,0.0766997084548105,0.04234586466165414,0.19581586005830903,0.016961363636363636,0.044549667834659225
555a990ce229ddd6,0.2590054017492711,0.75,0.15804956268221576,0.04253776435045317,0.43586379008746357,0.016961363636363636,0.09944619921737873
b2dc2d8db66262d4,0.057906600583090384,0.35,0.02034985422740525,0.06885085574572126,0.08676793002915452,0.016961363636363636,0.2231020343775991
945e39d9fb2db1be,0.06563060058309038,0.35,0.02534985422740525,0.059534883720930236,0.08916793002915452,0.016961363636363636,0.04041370960326584
3992f55d0c134c39,0.07335460058309037,0.35,0.030349854227405246,0.052439478584729984,0.09156793002915452,0.016961363636363636,0.296114018113959
948a52fcedc8446f,0.050182600583090375,0.35,0.015349854227405247,0.0816231884057971,0.08436793002915452,0.016961363636363636,0.06995959135988952
7a982d0985ae6de0,0.07335460058309037,0.35,0.030349854227405246,0.052439478584729984,0.09156793002915452,0.016961363636363636,0.07920696122217724
9b4c16de9ccbaebb,0.09358200116618076,0.44999999999999996,0.046699708454810494,0.1002135231316726,0.181415860058309,0.016961363636363636,0.040014054588048374
09fc9d236f7cabc0,0.21266140174927117,0.75,0.12804956268221573,0.10129496402877698,0.4214637900874636,0.016961363636363636,0.041527903580873764
0f78bfdb2ecc5c43,0.08107860058309038,0.35,0.03534985422740525,0.04685524126455907,0.09396793002915452,0.016961363636363636,0.05458296291785314
9fdab55810d8b2ce,0.10425060058309038,0.35,0.050349854227405254,0.035510718789407314,0.10116793002915452,0.016961363636363636,0.057360356767107344
3979dc87944e844a,0.08880260058309039,0.35,0.04034985422740526,0.04234586466165414,0.09636793002915453,0.016961363636363636,0.2868672585737888
edefed787d3cab52,0.057906600583090384,0.35,0.02034985422740525,0.06885085574572126,0.08676793002915452,0.016961363636363636,0.010187010682621393
5a1df040392d7db2,0.07335460058309037,0.35,0.030349854227405246,0.052439478584729984,0.09156793002915452,0.016961363636363636,0.04847165889437166
5adb9ec9c5122a84,0.057906600583090384,0.35,0.02034985422740525,0.06885085574572126,0.08676793002915452,0.016961363636363636,0.1561832933168733
69573fae2bfb2e9c,0.08880260058309039,0.35,0.04034985422740526,0.04234586466165414,0.09636793002915453,0.016961363636363636,0.10196320347084797
85a0b781c139b0ee,0.16015340174927117,0.55,0.09304956268221574,0.06885085574572126,0.28566379008746356,0.016961363636363636,0.18721665939907856
9bebb0e710f6253b,0.2283000023323615,0.75,0.138399416909621,0.06935960591133004,0.4264317201166181,0.016961363636363636,0.2509100678469309
98a9e72cb6b97de1,0.2267248023323615,0.65,0.139399416909621,0.052439478584729984,0.38991172011661807,0.016961363636363636,0.05279336465476573
f85856118f49c2f9,0.2439386029154519,0.75,0.14874927113702624,0.052734082397003744,0.43139965014577264,0.016961363636363636,0.2844263031246023
ad85e6e53804f6d3,0.08880260058309039,0.35,0.04034985422740526,0.04234586466165414,0.09636793002915453,0.016961363636363636,0.25022957509696003
552901be542ed3de,0.1476500011661808,0.44999999999999996,0.0816997084548105,0.03862825788751715,0.19821586005830905,0.016961363636363636,0.24250878730531825
73acc1d9de61413a,0.2667294017492712,0.75,0.16304956268221574,0.03878787878787879,0.4382637900874635,0.016961363636363636,0.22480915337642363
89f757887c82b3b9,0.04245860058309038,0.35,0.01034985422740525,0.1002135231316726,0.08196793002915452,0.016961363636363636,0.24837357733882945
5c9241cf1692a014,0.050182600583090375,0.35,0.015349854227405247,0.0816231884057971,0.08436793002915452,0.016961363636363636,0.12956465148962018
f221a3c488b6fec7,0.057906600583090384,0.35,0.02034985422740525,0.06885085574572126,0.08676793002915452,0.016961363636363636,0.4847157765346455
4cc64bca51c65193,0.3773196034985422,0.75,0.2470991253644315,0.028588832487309646,0.5836075801749271,0.016961363636363636,0.03558898054607678
3ed9efdcdb750f68,0.2983878040816327,0.75,0.18444897959183673,0.028676171079429734,0.44853551020408167,0.016961363636363636,0.08104261547595704
762b48d69e980358,0.10425060058309038,0.35,0.050349854227405254,0.035510718789407314,0.10116793002915452,0.016961363636363636,0.150102992245036
680729bd3c1f5ffe,0.1476500011661808,0.44999999999999996,0.0816997084548105,0.03862825788751715,0.19821586005830905,0.016961363636363636,0.06828418907227432
8c04be73d450b608,0.2667294017492712,0.75,0.16304956268221574,0.03878787878787879,0.4382637900874635,0.016961363636363636,0.23642656218420358
9c57cf4235f93f33,0.04245860058309038,0.35,0.01034985422740525,0.1002135231316726,0.08196793002915452,0.016961363636363636,0.17706484615796658
05f5634bba9449c1,0.08880260058309039,0.35,0.04034985422740526,0.04234586466165414,0.09636793002915453,0.016961363636363636,0.036981492736192216
1c26078b408e0cc4,0.07335460058309037,0.35,0.030349854227405246,0.052439478584729984,0.09156793002915452,0.016961363636363636,0.06029763241518065
0e685139b96fa8fb,0.06563060058309038,0.35,0.02534985422740525,0.059534883720930236,0.08916793002915452,0.016961363636363636,0.0800037342331919
a655d648dbdb6aa1,0.057906600583090384,0.35,0.02034985422740525,0.06885085574572126,0.08676793002915452,0.016961363636363636,0.09505560287988538
384b1ffde3af222f,0.19104940174927115,0.55,0.11304956268221575,0.04234586466165414,0.29526379008746356,0.016961363636363636,0.147270166776526
2b3b2c09eaf676c2,0.2591960023323615,0.75,0.158399416909621,0.04253776435045317,0.43603172011661806,0.016961363636363636,0.25251492554148325
bc6c04c6bfc7c91c,0.08107860058309038,0.35,0.03534985422740525,0.04685524126455907,0.09396793002915452,0.016961363636363636,0.3455914587354209
5bd858b24df66c6b,0.12447800116618074,0.44999999999999996,0.06669970845481049,0.052439478584729984,0.191015860058309,0.016961363636363636,0.01748250710580937
02e57a026bc4a85b,0.24355740174927115,0.75,0.14804956268221575,0.052734082397003744,0.43106379008746354,0.016961363636363636,0.2396133259310167
f569364ce99b0f5a,0.13514660058309036,0.35,0.07034985422740524,0.02684461391801716,0.11076793002915451,0.016961363636363636,0.35581825323972077
559d49fda8a8dd97,0.057906600583090384,0.35,0.02034985422740525,0.06885085574572126,0.08676793002915452,0.016961363636363636,0.11786104525542458
5f2021748c784872,0.07335460058309037,0.35,0.030349854227405246,0.052439478584729984,0.09156793002915452,0.016961363636363636,0.050588574433344684
6978569d65425b89,0.13992600116618079,0.44999999999999996,0.0766997084548105,0.04234586466165414,0.19581586005830903,0.016961363636363636,0.019380362410660327
9b7642c48cf45842,0.2590054017492711,0.75,0.15804956268221576,0.04253776435045317,0.43586379008746357,0.016961363636363636,0.1286117070021548
40402d73dea0166f,0.050182600583090375,0.35,0.015349854227405247,0.0816231884057971,0.08436793002915452,0.016961363636363636,0.7937248227241288
34c2b7cbaa89591d,0.06563060058309038,0.35,0.02534985422740525,0.059534883720930236,0.08916793002915452,0.016961363636363636,0.08039047081418746
b735a737b5ece735,0.034734600583090386,0.35,0.0053498542274052485,0.12976958525345622,0.07956793002915452,0.016961363636363636,0.11319255608399413
8d1b8d973b9f2928,0.11969860058309037,0.35,0.06034985422740525,0.03057546145494028,0.10596793002915451,0.016961363636363636,0.20045985736783636
d799a153d7199f1a,0.057906600583090384,0.35,0.02034985422740525,0.06885085574572126,0.08676793002915452,0.016961363636363636,0.07666287389572338
69850aadc5b62374,0.12447800116618074,0.44999999999999996,0.06669970845481049,0.052439478584729984,0.191015860058309,0.016961363636363636,0.04952232573838992
0cd7a9658bcae2d8,0.24355740174927115,0.75,0.14804956268221575,0.052734082397003744,0.43106379008746354,0.016961363636363636,0.11751548534444611
dc726cdd68a76902,0.034734600583090386,0.35,0.0053498542274052485,0.12976958525345622,0.07956793002915452,0.016961363636363636,0.16234728564801781
8ac977aa82b3d1be,0.24989680233236153,0.65,0.154399416909621,0.03862825788751715,0.3971117201166181,0.016961363636363636,0.2683745456016547
a0e77e4c61430e2e,0.2671106029154519,0.75,0.16374927113702623,0.03878787878787879,0.4385996501457726,0.016961363636363636,0.07045428601697254
bc4a7dbe431105ad,0.034734600583090386,0.35,0.0053498542274052485,0.12976958525345622,0.07956793002915452,0.016961363636363636,0.3088672820796958
6a06bb196026d38d,0.09358200116618076,0.44999999999999996,0.046699708454810494,0.1002135231316726,0.181415860058309,0.016961363636363636,0.19082970201672467
f8d8ae78c719dc39,0.21266140174927117,0.75,0.12804956268221573,0.10129496402877698,0.4214637900874636,0.016961363636363636,0.06065606566444805
98953bb317c2bf27,0.04944920116618076,0.35,0.010699708454810497,0.21864768683274022,0.08213586005830904,0.03392272727272727,0.2757697670697554
86336b5171e533f2,0.11675400116618076,0.44999999999999996,0.061699708454810494,0.059534883720930236,0.18861586005830902,0.016961363636363636,0.21615598145094286
663f286b68651f14,0.23583340174927114,0.75,0.14304956268221575,0.05991489361702128,0.4286637900874636,0.016961363636363636,0.056363229780055896
501f016ca46866ae,0.050182600583090375,0.35,0.015349854227405247,0.0816231884057971,0.08436793002915452,0.016961363636363636,0.2364310172513432
6c2e6e211764ee5c,0.12742260058309038,0.35,0.06534985422740525,0.028588832487309646,0.10836793002915451,0.016961363636363636,0.043378368150301626
38cf0f4eb3e3ed43,0.0965266005830904,0.35,0.045349854227405256,0.03862825788751715,0.09876793002915452,0.016961363636363636,0.030666981314696373
f067ece5558d5c9b,0.057906600583090384,0.35,0.02034985422740525,0.06885085574572126,0.08676793002915452,0.016961363636363636,0.10371935950650976
11655cb561ab2de0,0.06563060058309038,0.35,0.02534985422740525,0.059534883720930236,0.08916793002915452,0.016961363636363636,0.1344167310397263
c0a002b5ac87375e,0.04172520116618077,0.35,0.005699708454810496,0.2831336405529954,0.07973586005830904,0.03392272727272727,0.2892661720661647
aef1b0df08be80c1,0.034734600583090386,0.35,0.0053498542274052485,0.12976958525345622,0.07956793002915452,0.016961363636363636,0.26409365196108736
fc4b91796dafab24,0.11197460058309039,0.35,0.05534985422740526,0.0328588098016336,0.10356793002915451,0.016961363636363636,0.19224817215396456
9e0335ea16970531,0.07335460058309037,0.35,0.030349854227405246,0.052439478584729984,0.09156793002915452,0.016961363636363636,0.06713280774697129
8a44db1fa1d04a81,0.06563060058309038,0.35,0.02534985422740525,0.059534883720930236,0.08916793002915452,0.016961363636363636,0.06975994731810468
db486afbd85e80b6,0.11675400116618076,0.44999999999999996,0.061699708454810494,0.059534883720930236,0.18861586005830902,0.016961363636363636,0.31457945647970176
d7a94ef017484977,0.23583340174927114,0.75,0.14304956268221575,0.05991489361702128,0.4286637900874636,0.016961363636363636,0.12180941136769158
318cb427e5349404,0.050182600583090375,0.35,0.015349854227405247,0.0816231884057971,0.08436793002915452,0.016961363636363636,0.060013564739835226
ed9ac78feb9f7234,0.04245860058309038,0.35,0.01034985422740525,0.1002135231316726,0.08196793002915452,0.016961363636363636,0.047882523021110394
dfed8b4681fd0455,0.050182600583090375,0.35,0.015349854227405247,0.0816231884057971,0.08436793002915452,0.016961363636363636,0.22103767829921595
8fdee95935bd147a,0.04245860058309038,0.35,0.01034985422740525,0.1002135231316726,0.08196793002915452,0.016961363636363636,0.0322969798417935
d8127ff358b112a7,0.050182600583090375,0.35,0.015349854227405247,0.0816231884057971,0.08436793002915452,0.016961363636363636,0.020336406763730906
34c69baf9170d28f,0.08880260058309039,0.35,0.04034985422740526,0.04234586466165414,0.09636793002915453,0.016961363636363636,0.05834125655672973
fbe98279d60acb4c,0.07335460058309037,0.35,0.030349854227405246,0.052439478584729984,0.09156793002915452,0.016961363636363636,0.22999635536623625
d7403f43c1b70916,0.08107860058309038,0.35,0.03534985422740525,0.04685524126455907,0.09396793002915452,0.016961363636363636,0.2552492987100032
d5742fc43f993e0f,0.050182600583090375,0.35,0.015349854227405247,0.0816231884057971,0.08436793002915452,0.016961363636363636,0.04709495358908615
c2b120217a9f83f6,0.21422140174927118,0.55,0.12804956268221573,0.0328588098016336,0.30246379008746355,0.016961363636363636,0.0424027505335018
7980019578fa8807,0.2823680023323615,0.75,0.173399416909621,0.03297423887587822,0.44323172011661804,0.016961363636363636,0.20053982514636054
baa6dbe5a03f3e59,0.10903000116618075,0.44999999999999996,0.056699708454810496,0.06885085574572126,0.18621586005830904,0.016961363636363636,0.023724372057423938
b5292b286dcdf205,0.22810940174927116,0.75,0.13804956268221574,0.06935960591133004,0.4262637900874636,0.016961363636363636,0.12562950467125822
404fed23e6af290e,0.3116888023323615,0.65,0.19439941690962098,0.022691377921031427,0.4163117201166181,0.016961363636363636,0.07368421462969021
8d82bf1cd73507d5,0.3289026029154519,0.75,0.20374927113702623,0.022746365105008076,0.4577996501457726,0.016961363636363636,0.12381192261506141
