class_id,class_b_attack_cost,class_b_auc_gns,class_a_survives,class_b_survives
0002b39161df4061,1.0,0.5,True,False
0075bb92efd32195,2.0,0.25,True,False
007ab83162e57b3e,1.0,0.5,True,False
00936b6b636bc015,1.0,0.5,True,False
00a13ad5e53b8c27,1.0,0.0,True,False
00d4be19dbcb5225,1.0,0.75,True,False
0103dd170352e326,1.0,0.5,True,False
01056645f130ef71,1.0,0.5,True,False
011a73c0e8d27973,1.0,0.5,True,False
01272c975344cc89,1.0,0.0,True,False
01835177404ee03d,1.0,0.5,True,False
018a76962705dd37,1.0,0.5,True,False
01963a539f82eb4d,,1.0,True,True
01bb8b45b86edcb8,2.0,0.25,True,False
01c8968fd0f30e16,,1.0,True,True
01e7c5204a45bc0e,1.0,0.5,True,False
02045ee32d053013,1.0,0.0,True,False
020f7f853a61d2a5,1.0,0.0,True,False
020fc7970debc94f,,1.0,True,True
022ea0865d780b69,1.0,0.0,True,False
0245ca31d3917f7d,1.0,0.5,True,False
025d748256a6347e,,1.0,True,True
02a6d1331db9e5b5,,1.0,True,True
02d514e9ea446d65,1.0,0.75,True,False
03a9ed233637e19f,1.0,0.5,True,False
03b5f399baaf191a,1.0,0.5,True,False
04218f1a6e23777f,1.0,0.5,True,False
042261ce81c362bf,1.0,0.5,True,False
0439b626b517cc38,3.0,0.5,True,False
050088987e60dfbf,1.0,0.5,True,False
05105ed5b9c8b7e1,1.0,0.0,True,False
05894539fcdf4840,1.0,0.5,True,False
05adc0d50f11cd6b,1.0,0.5,True,False
05aebe6e164eaf90,1.0,0.0,True,False
05f380997678b62c,1.0,0.5,True,False
061d51f8a43f53d2,1.0,0.0,True,False
062cc9e374ee5f11,1.0,0.5,True,False
06488a860d6b4852,1.0,0.5,True,False
06596913c7cf0e07,,1.0,True,True
0674ba00f35818b1,1.0,0.0,True,False
069d32ca4c99fa88,1.0,0.0,True,False
069dc362cc83fb7a,1.0,0.0,True,False
06c5675e06923cf3,1.0,0.0,True,False
06dfbbfb6d453364,1.0,0.5,True,False
06e2ace14b074539,1.0,0.5,True,False
07328633e416da56,1.0,0.5,True,False
073f492ba2e9546b,1.0,0.5,True,False
0755c2eb8c213677,1.0,0.5,True,False
077567325cccd3b1,1.0,0.0,True,False
0788c1f5e0941401,1.0,0.0,True,False
078a85e3ddc78640,1.0,0.0,True,False
07bc49e1c055f3b2,,1.0,True,True
07d6ec22de700779,1.0,0.5,True,False
07f3f8fb0442bd12,,1.0,True,True
0865c64c797ff672,,1.0,True,True
086fd017905204a2,1.0,0.5,True,False
08ae699d954c689d,1.0,0.0,True,False
08ec7aa12f5a9d83,2.0,0.625,True,False
091bf0ad75d65bb4,4.0,0.75,True,False
095c594b144786fb,2.0,0.25,True,False
0961069fec03ff85,1.0,0.0,True,False
0a0737c2240d2528,1.0,0.0,True,False
0a57e15f8278a066,1.0,0.0,True,False
0a60f33026596983,1.0,0.0,True,False
0a6d6208603728dd,2.0,0.25,True,False
0ada4d82999163e6,3.0,0.5,True,False
0add9d3aa4f2488c,2.0,0.25,True,False
0b43ca56373bb641,,1.0,True,True
0b52b6805b0d535f,1.0,0.5,True,False
0b7727cded33f0f6,1.0,0.0,True,False
0b88c10fc68d94f6,1.0,0.0,True,False
0bd443680d8bc298,1.0,0.5,True,False
0c3d1c6eccb6d4b6,1.0,0.5,True,False
0c57eb6d78c86555,2.0,0.25,True,False
0c5ca47a06964983,1.0,0.0,True,False
0c9a89c3163a0960,1.0,0.0,True,False
0cc3159cf502db9a,1.0,0.0,True,False
0ce3cf7f2ea88baf,1.0,0.0,True,False
0d23013352667f2b,,1.0,True,True
0d7619ef3e57cb35,1.0,0.0,True,False
0d94c52d6b7aa932,1.0,0.0,True,False
0e143e6744034d6e,1.0,0.5,True,False
0e14c1ea8e072b33,1.0,0.0,True,False
0e3c5b91c7654c4b,1.0,0.0,True,False
0e8274bba4add51c,,1.0,True,True
0ea947357d7ed7f7,1.0,0.0,True,False
0ee90c9aa518812d,1.0,0.5,True,False
0ef78785eff43530,2.0,0.625,True,False
0effd4a1f26a3c0d,1.0,0.0,True,False
0f2f893b845d1cf6,1.0,0.5,True,False
0f44f2627e455894,1.0,0.5625,True,False
0f7eb6b38a07e024,1.0,0.5,True,False
0f84d4e97b6e5aa6,1.0,0.5,True,False
0fb09f591e79fac2,3.0,0.75,True,False
0fc8d47b2e60b7fb,1.0,0.0,True,False
0fd2ecdb5b763082,1.0,0.0,True,False
1006c10b490212e1,2.0,0.25,True,False
1014ee8f64ca04ec,1.0,0.0,True,False
10fa65bc3b879d21,3.0,0.75,True,False
11067e9ee392f365,1.0,0.5,True,False
118ac77e1bba5ff7,2.0,0.25,True,False
119799a7fdaed7ba,1.0,0.5,True,False
11bc037d61c57dc3,1.0,0.5,True,False
11d905138b1b186a,1.0,0.5,True,False
12600cb02f722506,1.0,0.5,True,False
12b2622546947e66,1.0,0.5,True,False
12c6d94ea4102d04,,1.0,True,True
12e01b638aad530d,1.0,0.0,True,False
1305089c20abcf01,2.0,0.25,True,False
1396e91ba0293f39,1.0,0.5,True,False
1398bbeb17e695a1,1.0,0.0,True,False
13bd445287a0c106,1.0,0.0,True,False
13ce6a2916d974d1,1.0,0.5,True,False
141984ff137158d6,,1.0,True,True
141c19060cd9bcd7,1.0,0.0,True,False
1459edfd8986a239,2.0,0.25,True,False
148030aba632c060,1.0,0.5,True,False
14b5464d618b7780,1.0,0.5,True,False
14c797bb9f73e45f,1.0,0.5,True,False
1518289c6075fd04,,1.0,True,True
156624c2724a46a2,1.0,0.0,True,False
15880cfb75cfe2a9,1.0,0.0,True,False
15db7edd02fe8580,1.0,0.5,True,False
161deb7acc8aa86c,1.0,0.0,True,False
163cbdb6514059dd,1.0,0.0,True,False
16590d791998de04,1.0,0.5,True,False
16c537f56d998e2f,,1.0,True,True
16f6f3c2fee174e0,3.0,0.5,True,False
170b4ea24331c5a4,1.0,0.5,True,False
1712e922cba71e91,1.0,0.5,True,False
17e289b3c332294d,1.0,0.5,True,False
17effc0a335b0f0c,1.0,0.0,True,False
1820ec0d4926ebaf,1.0,0.0,True,False
18238c7d4071f241,1.0,0.0,True,False
1836a72ed9fe6beb,1.0,0.0,True,False
184bc5bc2d701bf8,1.0,0.0,True,False
18832a1741342697,,1.0,True,True
1887a25ae7a473dc,1.0,0.5,True,False
18e6d6ef5f48d5f1,1.0,0.0,True,False
1951ca3b19e3c633,3.0,0.5,True,False
1971551d4e954708,1.0,0.0,True,False
19749d53077fd0a7,1.0,0.0,True,False
19a350797da49c63,1.0,0.0,True,False
19d02a084389edb9,1.0,0.5,True,False
19e882ff48e20154,2.0,0.25,True,False
1a066aff2833ad6d,1.0,0.5,True,False
1a4f3eaebcc68d73,1.0,0.0,True,False
1a548869f66c2e7c,1.0,0.0,True,False
1a640f47997922dc,1.0,0.5,True,False
1a685eb760c42f2d,,1.0,True,True
1ad43b276f1b492d,2.0,0.625,True,False
1ae396282c7ef300,2.0,0.25,True,False
1ae4c786afa69918,,1.0,True,True
1af7e1815054c7e2,3.0,0.75,True,False
1b22131d18231bae,2.0,0.625,True,False
1b5fa7e9dbae8b9d,2.0,0.25,True,False
1bfb1ae05c49204c,1.0,0.5,True,False
1c190318372b2dbe,1.0,0.5,True,False
1c437836c129c708,,1.0,True,True
1d0cdf54c289290f,1.0,0.0,True,False
1d35e81b82e699fb,1.0,0.0,True,False
1d67abcf23151a94,2.0,0.375,True,False
1d7a1ac1513eb48c,2.0,0.625,True,False
1db13d3c15f32024,1.0,0.5,True,False
1e1e6318b15c67a1,,1.0,True,True
1e22bd0554b3fb40,1.0,0.5,True,False
1e286a6ec3257e77,1.0,0.5,True,False
1e565464cbc3b2f5,,1.0,True,True
1ed67705c01350e5,1.0,0.5,True,False
1f3da9ec1bbe4b9e,,1.0,True,True
1f5974fee6358a54,1.0,0.0,True,False
1f96e5c6b72bb75c,1.0,0.5,True,False
1f9c5109c2d9af59,1.0,0.0,True,False
1fa38d2dd855592d,1.0,0.0,True,False
20275260b367c959,1.0,0.0,True,False
20441710b6474ee5,1.0,0.5,True,False
20ba60e44044f987,1.0,0.5,True,False
20c17a164aff860a,1.0,0.5,True,False
20ce0fa312bc7124,1.0,0.5,True,False
20d77ec6974b1f6e,1.0,0.5,True,False
210dc2e782ce6534,1.0,0.0,True,False
212441cc9d845264,,1.0,True,True
218c9377835c7fdd,1.0,0.5,True,False
21b834da31a44d01,1.0,0.0,True,False
21c0823d23c7fc2b,1.0,0.0,True,False
21cf5c82538252a2,1.0,0.0,True,False
21ddbb3a4e085e8a,1.0,0.5,True,False
22aaf5c1c5000f4a,1.0,0.75,True,False
22f7ca722629e2c7,1.0,0.5,True,False
236beb0ae491c676,1.0,0.5,True,False
23ccc85e2b964e88,,1.0,True,True
23d692927ea19a6c,1.0,0.0,True,False
23fbc412bd7675d8,1.0,0.0,True,False
23ff66bccc190bf8,1.0,0.5,True,False
245636c7170a1f93,1.0,0.0,True,False
2484caa5d255d994,1.0,0.5,True,False
2498ccc85ad0dc09,1.0,0.0,True,False
25218f5687d29274,,1.0,True,True
254866c58ce013eb,1.0,0.5,True,False
25572c9e75be476a,1.0,0.5,True,False
2560fba0bc93a1cf,1.0,0.5,True,False
25f939ae48ffd040,1.0,0.0,True,False
2614e4e8f9294546,1.0,0.0,True,False
26194cd4808aa51b,2.0,0.25,True,False
265c28c7520c434f,3.0,0.75,True,False
265d76f34cb6ded5,1.0,0.0,True,False
267e1d05ab9d988c,1.0,0.5,True,False
269c3e1b03a1f7d2,1.0,0.0,True,False
26dad0609a684bef,1.0,0.5,True,False
27046f7fbc9a85cb,1.0,0.5,True,False
272709d97d70f87a,1.0,0.5,True,False
2727b2986dfe0643,2.0,0.625,True,False
275e896bf4cb93df,1.0,0.0,True,False
2765ecca7fa7e93a,1.0,0.5,True,False
276ad787af6a299e,1.0,0.5,True,False
27e26d2341e697ad,1.0,0.5,True,False
2920154d4fff0c95,2.0,0.25,True,False
2936ed830a7be498,2.0,0.625,True,False
293d1b42c638d321,1.0,0.5,True,False
293ec371db4f1faa,1.0,0.5,True,False
2944e7104a653621,1.0,0.5,True,False
298a004c1ba730c3,1.0,0.0,True,False
29c7c2d5b153080f,1.0,0.5,True,False
2a0a6879fede334a,1.0,0.0,True,False
2aa88dca21a9ad03,1.0,0.0,True,False
2ad7a97f175dbd83,1.0,0.5,True,False
2af9318c183b033d,,1.0,True,True
2b387bae148b5b1a,1.0,0.5,True,False
2b45772c418f98d0,1.0,0.5,True,False
2b52fc7225bd53aa,1.0,0.5,True,False
2b5b4112a5c472cd,1.0,0.5,True,False
2b69a96860905434,1.0,0.5,True,False
2b7f0d4e6e6eae6e,1.0,0.5,True,False
2bd93f4db6bf4ab6,1.0,0.5,True,False
2c1342e255ddaa7c,,1.0,True,True
2c3ab647caa1215c,1.0,0.5,True,False
2c703ec0fa5ce328,3.0,0.75,True,False
2ca2a1b64975c739,1.0,0.5625,True,False
2cf228f89c52502f,1.0,0.5,True,False
2cfefbd7db02084a,1.0,0.5,True,False
2e24d3ebbfd39352,1.0,0.0,True,False
2e3585bf561a7033,1.0,0.5,True,False
2e3f468c9e105a2b,,1.0,True,True
2e9608985596bd5e,1.0,0.5,True,False
2f10f682ed11029b,1.0,0.0,True,False
2f1b250bcc58da2c,,1.0,True,True
2fc174114738f0ea,,1.0,True,True
301330bfe86d9ed1,,1.0,True,True
30208bff9d7b4777,1.0,0.0,True,False
303591b6605addb1,1.0,0.0,True,False
30457c48f4bf11da,1.0,0.0,True,False
30cf8098b2047150,1.0,0.5,True,False
3100693433eb8c2d,1.0,0.0,True,False
3106fdec81eb7cf2,1.0,0.0,True,False
31746e0d66255986,,1.0,True,True
318970c387b9e81a,1.0,0.5,True,False
31a26ad598e52512,,1.0,True,True
31af4dd77a013d5a,1.0,0.0,True,False
31d7de1ed03746f4,1.0,0.5,True,False
3248f0ab5394b3f7,1.0,0.0,True,False
325347815665d8a9,1.0,0.5,True,False
325798502cbfa539,1.0,0.0,True,False
32630ef4656ab47c,1.0,0.5,True,False
32a33cca94733276,1.0,0.0,True,False
32e5584e11de19a6,1.0,0.0,True,False
333d4ad2334fa474,1.0,0.0,True,False
33c20b0013778993,1.0,0.0,True,False
343f4579493bdd5b,3.0,0.75,True,False
34ad32a5b977f6a7,1.0,0.0,True,False
34aeb55c3d38743d,1.0,0.0,True,False
34b1ef0dd4a8c01b,,1.0,True,True
3517590aa219edf3,2.0,0.625,True,False
3565b8aaa8bf8450,2.0,0.625,True,False
35731fd683c2b40d,1.0,0.5,True,False
3593af66f00142f2,,1.0,True,True
35c37b63941c7713,1.0,0.0,True,False
36049ef8977acd49,,1.0,True,True
36277d6b1f4cecba,,1.0,True,True
362b6de213df9f67,1.0,0.5,True,False
36408538cc55159e,1.0,0.5,True,False
36eaf3ea3917a058,,1.0,True,True
3763d524e609c5a0,1.0,0.5,True,False
37713ebf4c170dd2,1.0,0.0,True,False
378ddd03ce9187b0,1.0,0.0,True,False
37a2778aa2c10a05,1.0,0.0,True,False
3813d280edd1aea9,1.0,0.5,True,False
384b6be6540fdc55,2.0,0.625,True,False
386da6dfcf050dc7,1.0,0.0,True,False
38b8e8007fa9161a,1.0,0.0,True,False
38d3f11000f82f76,1.0,0.5,True,False
3942568ebd5eb8db,2.0,0.625,True,False
395f5e12314263ad,1.0,0.0,True,False
39a1498ac731e5d3,1.0,0.0,True,False
39a917e19d927110,1.0,0.0,True,False
39b2afd93581c5bb,1.0,0.0,True,False
39c9bb80f1ad0fab,,1.0,True,True
39f1cf0cb64a3125,1.0,0.5625,True,False
39fca43a4e009d13,1.0,0.5,True,False
3a09fe2b6793a89f,1.0,0.0,True,False
3a10a6c666a7a554,2.0,0.25,True,False
3a13bfd114b1cbf8,2.0,0.625,True,False
3a519fe78fc553c6,1.0,0.5,True,False
3a91a2ed615ac19c,1.0,0.5,True,False
3ab07d974c2c13c9,2.0,0.25,True,False
3b0fd7ab34ba241e,1.0,0.0,True,False
3b2aba26cd86dc2f,1.0,0.5,True,False
3baccd794ae907ef,2.0,0.25,True,False
3c0317bf2ed55193,1.0,0.5,True,False
3cb21b3cf01fbff1,,1.0,True,True
3cb8e25f1e9211c6,1.0,0.0,True,False
3cd92f8b54bb0724,1.0,0.0,True,False
3cdaebde575c5b37,1.0,0.0,True,False
3d44c118bbff65e9,1.0,0.5,True,False
3d8dcbf41724079e,1.0,0.5,True,False
3dbce805a0b141a8,1.0,0.0,True,False
3dc0c549581091fc,1.0,0.0,True,False
3e1359b0723bcff4,1.0,0.5,True,False
3e20939de73aa357,1.0,0.125,True,False
3e3ae35ba02ab249,1.0,0.5,True,False
3e3d63131fc0cc60,1.0,0.0,True,False
3e42409a5a302ce8,1.0,0.5,True,False
3e865ee6ce069a31,1.0,0.5,True,False
3e93480b32b4357d,1.0,0.0,True,False
3eda75dd3fd8193e,1.0,0.0,True,False
3eec7cd8557c22ad,2.0,0.25,True,False
3f08cab84d524bfa,1.0,0.25,True,False
3f6ce7e58e9f0eff,1.0,0.0,True,False
3f7ab9843f95651e,1.0,0.5,True,False
3f7e891e8ef49e9d,1.0,0.0,True,False
3fbc05489f0032cb,1.0,0.0,True,False
3fbe1f86d8fcf3bd,1.0,0.5,True,False
3fe0a0b8cc845199,1.0,0.0,True,False
404523787f34a62b,1.0,0.5,True,False
409f6f665cc32738,1.0,0.5,True,False
40af71eeca99721f,2.0,0.25,True,False
40d840a3ada8c21b,1.0,0.0,True,False
41168bf06f409b8b,1.0,0.5,True,False
41546aa101ee86db,1.0,0.5,True,False
418268609c663190,1.0,0.0,True,False
41952c1f4b4847e4,1.0,0.0,True,False
41eb3a7c9064c36e,1.0,0.0,True,False
41fcef1e2c990c20,1.0,0.0,True,False
429afd28f828374f,2.0,0.625,True,False
42a8a4caf78a1c0a,1.0,0.5,True,False
42bc4d982877810b,1.0,0.0,True,False
43218941d64aa8e0,1.0,0.0,True,False
4330d121c856340b,1.0,0.0,True,False
434d49e3c549d90e,1.0,0.0,True,False
435531c96a24d75b,1.0,0.0,True,False
43a5875f8374d6a1,1.0,0.0,True,False
443276ff8b465f66,1.0,0.0,True,False
4435072886c94aa8,1.0,0.0,True,False
4438cc90f769802e,1.0,0.0,True,False
444d4bc366976068,,1.0,True,True
4453fc0896b211ea,3.0,0.5,True,False
448bcef6de9db23e,,1.0,True,True
449668f34d394393,1.0,0.0,True,False
4499febacc3f222f,3.0,0.75,True,False
44cb71513a7afb4d,1.0,0.5,True,False
453caed3274ea14f,1.0,0.5,True,False
45e54137ad749d4a,2.0,0.25,True,False
45f7e0b6dcef908d,1.0,0.0,True,False
46434ed840c2c19b,1.0,0.5,True,False
46dda7bd0dc29c55,,1.0,True,True
47027c38c137d365,,1.0,True,True
47042025abe88cbf,1.0,0.5,True,False
473a8b00066c2c5c,2.0,0.25,True,False
477ed62913779ccb,1.0,0.5,True,False
47deeed507786d18,1.0,0.0,True,False
47f55c29cfaa8049,1.0,0.5,True,False
48234c592ce1fb48,1.0,0.0,True,False
4857789f48d884fb,,1.0,True,True
4873650212640f20,,1.0,True,True
4888e4fe0cd53d6a,1.0,0.0,True,False
48aee7c8bbd92059,1.0,0.5,True,False
48c98eaeb47c6683,2.0,0.8125,True,False
491ca18b0b67a4d0,1.0,0.0,True,False
491ca705673fd562,1.0,0.0,True,False
4955c64e148a70f2,1.0,0.0,True,False
497cede9de1d9c59,1.0,0.0,True,False
49e60a26428108d0,1.0,0.5,True,False
49e64086134d5f68,1.0,0.5,True,False
49ec1e1bad3b8644,1.0,0.5,True,False
49f60e64ec11094c,1.0,0.0,True,False
4a1870c1c07b3acf,1.0,0.5,True,False
4a580ea2abd543b8,1.0,0.5,True,False
4a681fe4b0cd497d,,1.0,True,True
4a8ec118a9f8007c,1.0,0.0,True,False
4b5cddf390319edb,1.0,0.5,True,False
4b5d05947b62026f,,1.0,True,True
4b7081483f0f9d80,1.0,0.5,True,False
4b9cb97d6c92c396,,1.0,True,True
4bba1b9b2b3ce8c0,1.0,0.5,True,False
4c081c59a3909c3f,1.0,0.5,True,False
4c3bc72cf61eee06,1.0,0.0,True,False
4c3d5953d039490f,,1.0,True,True
4c45fbf6573a0190,,1.0,True,True
4c97067d3a9c1d94,1.0,0.0,True,False
4cdc0fce27e5ae65,1.0,0.5,True,False
4cfe54014cfc790e,1.0,0.0,True,False
4d776f2e423c4353,1.0,0.0,True,False
4db0c90fdf0acb73,1.0,0.5,True,False
4e1515d1c308893c,1.0,0.5,True,False
4e222580e0f7a6b8,1.0,0.0,True,False
4e7877e37937b0ad,,1.0,True,True
4ee67d6b5bf2fad8,1.0,0.5,True,False
4f453172a8426bab,1.0,0.5,True,False
4f7e7704a0dbabd3,1.0,0.0,True,False
4fb1c3885530560e,1.0,0.5,True,False
4fcbf77dae2182e7,1.0,0.0,True,False
50435e826defda84,1.0,0.0,True,False
50460cde9bb67eb1,1.0,0.0,True,False
5065ce10f5436114,,1.0,True,True
50822c6173307e9a,1.0,0.5,True,False
50abdfca27d73898,1.0,0.0,True,False
5118d86abab1c84e,,1.0,True,True
51596134e31be259,1.0,0.5,True,False
51613b3901ed85a2,1.0,0.0,True,False
5186442993aecc67,2.0,0.25,True,False
51a18d02c7c6e587,1.0,0.0,True,False
51e8740f909c88ad,,1.0,True,True
522253af50b7f228,1.0,0.5,True,False
522327d4201b52bd,1.0,0.0,True,False
52b11f53c548af0f,1.0,0.5,True,False
52b52c952d0305e9,2.0,0.25,True,False
53210ae1cecdcf64,1.0,0.0,True,False
532ec3dbca1485fa,1.0,0.5,True,False
53b16c30a7f9d314,1.0,0.0,True,False
53c7757417a31c28,,1.0,True,True
53fa109b722d8860,1.0,0.5,True,False
54000b099d64ca49,1.0,0.5,True,False
5403407c2ebd9831,1.0,0.5,True,False
543eed61464807ec,1.0,0.5,True,False
54905406f96b37ba,,1.0,True,True
54a68425ad800fb7,1.0,0.0,True,False
54ef6082de2ef264,1.0,0.0,True,False
54ff915ff4be7a89,1.0,0.5,True,False
55596538d4de2784,,1.0,True,True
55768f76722199fa,1.0,0.5,True,False
55e25390138dc623,1.0,0.5,True,False
56fb872112996a6a,1.0,0.5,True,False
5733661c87c5f2ad,1.0,0.0,True,False
5791b0acad463990,2.0,0.625,True,False
57a8c160fd4fd10b,1.0,0.5,True,False
57fa86a7b4840e85,1.0,0.0,True,False
57fe66fb24a13b91,1.0,0.0,True,False
580edb407508220e,1.0,0.5,True,False
5946d2fd389a788a,1.0,0.0,True,False
5961ca3dd5952899,1.0,0.5,True,False
59a7eb8059280265,1.0,0.75,True,False
59a8881b96fb5ada,,1.0,True,True
59aedb85463f5af4,2.0,0.625,True,False
59bf87696024332c,1.0,0.5,True,False
59ee63802bede7aa,1.0,0.0,True,False
5a066ebdbd318c69,,1.0,True,True
5a1d31e5b6114ace,,1.0,True,True
5a405e514d4554ea,1.0,0.0,True,False
5a5194b943ca7fb0,1.0,0.5,True,False
5a84018b7ada0f76,2.0,0.25,True,False
5aaf14bb81bc04dc,1.0,0.0,True,False
5ab25c0e51e03661,1.0,0.0,True,False
5aea6c574094cdfc,1.0,0.5,True,False
5af5480f52cf5615,,1.0,True,True
5b1e40303130495f,4.0,0.875,True,False
5b25e41614561248,1.0,0.5,True,False
5c55067dffc9ede0,,1.0,True,True
5c765713553f954a,1.0,0.5,True,False
5c81ea6efb0368ff,,1.0,True,True
5c94e8378ab8a68e,1.0,0.5,True,False
5d141836aa670fb8,1.0,0.5,True,False
5d1ca8b7c39d1c88,,1.0,True,True
5d7c363f8c317011,1.0,0.5,True,False
5d9ac2aed18c8888,1.0,0.0,True,False
5e258fa8c2710ec8,1.0,0.5,True,False
5e5220eb2a7fab00,3.0,0.5,True,False
5ea08d3f215b4b00,3.0,0.5,True,False
5edac9c57bac0763,1.0,0.0,True,False
5edcc351475cdf02,1.0,0.75,True,False
5ee88cccd0e7cc60,1.0,0.0,True,False
5eef51a25b003d4e,2.0,0.25,True,False
5efbd02805d9d21b,1.0,0.5,True,False
5f4862fddb23ab67,3.0,0.75,True,False
5f4e421072de1e9f,1.0,0.0,True,False
5fc24d3bd363a61e,1.0,0.0,True,False
5fd2125dc7ee12cf,,1.0,True,True
60466c6446f76f07,1.0,0.5,True,False
6050378ae3d1f574,1.0,0.5,True,False
605d17485fb9b321,1.0,0.5,True,False
6073a18f1b8936c0,1.0,0.0,True,False
60d47367517a5a62,1.0,0.5,True,False
60f7a80a7ffe3d1a,1.0,0.5,True,False
611281d7495f8f3a,,1.0,True,True
6148d95ae2ff452c,1.0,0.5,True,False
61de080f7a72632f,1.0,0.0,True,False
61f651ba26bb7ae3,,1.0,True,True
624beb9ba988f915,2.0,0.625,True,False
62675f7f509bc627,1.0,0.5,True,False
6299074455827443,1.0,0.5,True,False
62a1047c5866c2f9,1.0,0.0,True,False
62a874d0b403449c,1.0,0.0,True,False
62d60895b47b258a,1.0,0.0,True,False
6325528709ddc79c,1.0,0.5,True,False
632a42765685133e,1.0,0.0,True,False
635c0d3f889a072b,,1.0,True,True
637629121efabc70,1.0,0.5,True,False
63b08a1b86a1899a,1.0,0.0,True,False
63c9bcc3f1570df4,1.0,0.5,True,False
648f95a006d64b8a,1.0,0.5,True,False
64d06954828e13e9,1.0,0.5,True,False
65c22d615940cf57,1.0,0.5,True,False
65d48fb1aa39b3e1,1.0,0.5,True,False
6632543f386bbd31,1.0,0.0,True,False
665f357a9ee1a4d4,1.0,0.5,True,False
6663bc4876a75531,1.0,0.0,True,False
66821197d414cec1,1.0,0.0,True,False
66bd73a243915e60,1.0,0.0,True,False
66e9fe0ad7ab9685,1.0,0.0,True,False
678f98ee2e7f9c8b,1.0,0.5,True,False
67a98a0c21baeca2,1.0,0.5,True,False
67ab2729a45e1100,1.0,0.5,True,False
67ce0638aba19a22,1.0,0.5,True,False
6800f4f0bf5fe109,1.0,0.0,True,False
6820c5d670a6d1b8,1.0,0.0,True,False
68680cb73b80a0bb,,1.0,True,True
6870df21f4b8dfbc,2.0,0.25,True,False
68e277f026e4f333,4.0,0.75,True,False
68f90e93dae9b5fb,1.0,0.0,True,False
693848cfd627416c,1.0,0.5,True,False
695a9df52153f354,1.0,0.5,True,False
6a2060297152f5d7,1.0,0.5,True,False
6a26f58bc555a074,1.0,0.5,True,False
6a284c1a7e1174f1,1.0,0.5,True,False
6a7c768bb733662b,1.0,0.5,True,False
6a8f5782706e1232,1.0,0.5,True,False
6abcd42d33366056,1.0,0.0,True,False
6ac80d0c2d693821,1.0,0.5,True,False
6aee6138df63cb31,1.0,0.5,True,False
6b0bff4f691511da,1.0,0.0,True,False
6b0eb82d60bdd4b5,1.0,0.5,True,False
6b4ade50f163f3eb,1.0,0.5,True,False
6b4b9a5e058e86d9,1.0,0.0,True,False
6b6dd43bb4c3d2bc,1.0,0.0,True,False
6b74b81c77ab30a8,1.0,0.0,True,False
6b923a0c168e488b,1.0,0.0,True,False
6b9454dd956afa73,1.0,0.5,True,False
6b9d075603ed56be,1.0,0.5,True,False
6bcf0d9e3c753d05,1.0,0.5,True,False
6bd935553e3b5345,1.0,0.0,True,False
6bf94bb44d5f5b5d,1.0,0.5,True,False
6c13c877eb131a7f,1.0,0.5,True,False
6cb57e24a4d0db13,1.0,0.0,True,False
6ce8605eb101664c,3.0,0.5,True,False
6cf22a687dc57b64,1.0,0.0,True,False
6d15cb5ce5ffde8b,1.0,0.5,True,False
6d1d42d12a68d0a4,1.0,0.0,True,False
6d3d220061fb0785,1.0,0.0,True,False
6d6102308ec6a212,1.0,0.5,True,False
6d7269c3021b1fd9,1.0,0.5,True,False
6d9d79c6cf09ae01,2.0,0.25,True,False
6db693a9ffa5359c,,1.0,True,True
6dc894a81cab6084,1.0,0.0,True,False
6de29444cd567c1b,,1.0,True,True
6e0801d94f9d5f96,1.0,0.5,True,False
6ebac04a743cc80e,,1.0,True,True
6ec1dde5bf01adde,2.0,0.25,True,False
6ed62e6193bc3040,1.0,0.5,True,False
6ee41ef1f6a0a3c0,2.0,0.625,True,False
6f0b9874b0d45a86,2.0,0.625,True,False
6f1556a192bb96d8,2.0,0.25,True,False
6f20ff1183301701,1.0,0.5,True,False
6f244dea1f866eea,1.0,0.0,True,False
6f278f0d08806579,1.0,0.0,True,False
6f2921884359553c,3.0,0.75,True,False
6feb3744c86fcddb,1.0,0.125,True,False
706cf08a5049d81a,,1.0,True,True
70f9ebddf09ebf04,1.0,0.0,True,False
71041ceeac8e055f,,1.0,True,True
7104f16691a5d5bd,1.0,0.0,True,False
718129c8bed453b1,1.0,0.5,True,False
72583b260a68e20a,1.0,0.0,True,False
727966235a4ec90a,1.0,0.0,True,False
7292e93d3ee5d540,1.0,0.5,True,False
72c40d7028571a6d,1.0,0.5,True,False
72e3111bf62267ff,1.0,0.5,True,False
73e0a1077aae63f6,1.0,0.0,True,False
740db4f85bc8066f,1.0,0.5,True,False
74518dbc6b5920fb,2.0,0.625,True,False
7461cd33e630797b,1.0,0.0,True,False
749b3152bc4c62b7,2.0,0.25,True,False
749dcca641c13156,2.0,0.625,True,False
74adf952cd769b57,,1.0,True,True
74c273b4ad25789f,1.0,0.5,True,False
74c82a54c2d09b1f,1.0,0.0,True,False
74d0103e838aa36d,2.0,0.25,True,False
74dbb45f9e71629e,1.0,0.5,True,False
750aca7124f3c40b,1.0,0.0,True,False
757155a934f5b7dc,1.0,0.0,True,False
7585f89f592aab2b,1.0,0.0,True,False
75b39afa4648a41d,,1.0,True,True
75cf997a8ea90d4a,1.0,0.5,True,False
75dab016769e0f43,2.0,0.625,True,False
75dd5e62ad098e57,,1.0,True,True
767775f7fe716e0b,1.0,0.5,True,False
76e2f188461d1ded,1.0,0.5,True,False
76f1e10c1ce66b59,1.0,0.0,True,False
76fe4b465499b07c,,1.0,True,True
771831d01716c10e,1.0,0.0,True,False
77411db99e1918a5,1.0,0.5,True,False
775d6f86f21aa07e,1.0,0.5,True,False
77675054447de0e7,,1.0,True,True
777bb1fe4c10213d,1.0,0.0,True,False
7787642c9b00671b,1.0,0.0,True,False
77b6a1021cf1a462,1.0,0.5,True,False
7833f4a2541cfefe,1.0,0.0,True,False
7872c4c377df79a1,2.0,0.625,True,False
789273306a9f68f4,1.0,0.5,True,False
78a056287cab4d7a,1.0,0.0,True,False
78c7835cabe2a424,2.0,0.625,True,False
78ce8ff5b0d7e3e3,1.0,0.5,True,False
78d6e19286583d34,1.0,0.5,True,False
78fc0fa6fe1b7e3d,2.0,0.625,True,False
790deb8b1a58a82f,1.0,0.0,True,False
797c2dfcb3931e31,2.0,0.25,True,False
79840e0cfceb2634,1.0,0.0,True,False
79edc1dfe73c6f19,1.0,0.5,True,False
7a209e4be61a0a4a,1.0,0.0,True,False
7aa72a677ad257bb,1.0,0.5,True,False
7ae83086e8564f38,1.0,0.0,True,False
7b2f26bf4c7c0463,1.0,0.5,True,False
7b6740531b41e33e,2.0,0.625,True,False
7c048f91578b0c81,1.0,0.5,True,False
7c0693e04c558e63,1.0,0.0,True,False
7c16d1aadca429cf,1.0,0.0,True,False
7c84049e804c1c22,1.0,0.5,True,False
7ca40f67ba8cbf38,1.0,0.5,True,False
7ce9bcb9120bf9d7,1.0,0.5,True,False
7d9b057d74de858b,2.0,0.25,True,False
7daa47cbdc1810ae,1.0,0.0,True,False
7dac2d91d2024e82,,1.0,True,True
7de572334dd160fc,1.0,0.125,True,False
7dfa1dffc285acf1,1.0,0.0,True,False
7e9d34f09376bd35,,1.0,True,True
7f64f41dd3ccffc9,1.0,0.5,True,False
7fca0b221d4df82d,1.0,0.0,True,False
801deb2b9ea182d1,3.0,0.75,True,False
8040a94e6a98be9d,4.0,0.75,True,False
8060ad241da4cc19,1.0,0.5,True,False
8061f519a055e2f1,1.0,0.0,True,False
807d8b3d34854df5,1.0,0.0,True,False
80ab367f5e79b072,3.0,0.5,True,False
819b92e001336f42,,1.0,True,True
81f85c879126ecee,1.0,0.0,True,False
820712b00e76526f,,1.0,True,True
8229ab2f44578101,1.0,0.5,True,False
82459aed94986517,1.0,0.5,True,False
8258b89dbb94223f,1.0,0.5,True,False
82627b49adb24fc2,1.0,0.0,True,False
82cb9d69b50a2669,1.0,0.5,True,False
82fad9e9200b3eb3,1.0,0.0,True,False
8335e6cb51dcc7c9,1.0,0.5,True,False
83804df1e043a1c3,1.0,0.5,True,False
83a0053c8bdacc22,1.0,0.5,True,False
8490cc87ffd7df90,2.0,0.25,True,False
84d65ed80a99fd0f,1.0,0.0,True,False
856892f28835ca79,1.0,0.5,True,False
857b3c27b5df4d12,1.0,0.5,True,False
857d7973568d6d75,,1.0,True,True
859f6695f663d624,1.0,0.0,True,False
85bd88404fb80da0,1.0,0.5,True,False
85d1d319ce588b6b,2.0,0.25,True,False
85f86af669d48f90,,1.0,True,True
860f4f3ec83cd5a5,1.0,0.5,True,False
86460e85d7e6a763,1.0,0.0,True,False
8671ca92de2cc639,1.0,0.0,True,False
870cdc764fa66d02,1.0,0.5,True,False
870d838329f0b33f,1.0,0.5,True,False
875c52be041846c8,1.0,0.0,True,False
87c14dd4a70303a3,1.0,0.0,True,False
87e639f5c9ed4c90,4.0,0.75,True,False
87e7e4b6ca62adc8,1.0,0.0,True,False
87ea7b31797ad3a1,1.0,0.5,True,False
8803fe16d305cfae,1.0,0.0,True,False
885e0775dbe82fcc,,1.0,True,True
887571efd2a5c81a,1.0,0.5,True,False
88b0fb0b674d02bb,1.0,0.0,True,False
89575e35be739026,,1.0,True,True
8959232792ca88b1,,1.0,True,True
8999fde84148adb5,3.0,0.75,True,False
89c3895220c745d4,1.0,0.5,True,False
89fe1994a342a713,1.0,0.0,True,False
8a17c60b940148e6,1.0,0.5,True,False
8a20047837866b42,1.0,0.5,True,False
8a3748b6b6cedb9e,1.0,0.0,True,False
8a5dee3b9fe29aaa,3.0,0.75,True,False
8a9616136ed4af33,1.0,0.0,True,False
8a9cbbc76f333827,,1.0,True,True
8b0a6f549e36f591,1.0,0.5,True,False
8b1ce6b9508532b0,4.0,0.875,True,False
8b3ea0be2f3b6a3d,1.0,0.0,True,False
8b9af0670cc3f27c,,1.0,True,True
8c47e46e0807a79b,1.0,0.0,True,False
8d380d339234504a,,1.0,True,True
8d384d5d5c2dfb69,1.0,0.5,True,False
8d3871998c067bf1,,1.0,True,True
8d702122b4da0ead,1.0,0.5,True,False
8de1740364c27558,1.0,0.5,True,False
8def91ef5847af5a,1.0,0.0,True,False
8e2c0fa415ccba4f,1.0,0.5,True,False
8e5d1ff2953544fe,1.0,0.5,True,False
8e660c45b5627730,1.0,0.0,True,False
8e9add9b8fa27945,,1.0,True,True
8ec86fb0b3d4817f,1.0,0.5,True,False
8f3d72235e3221bc,1.0,0.0,True,False
8fd08a7868c2a752,1.0,0.5,True,False
9032bee791188bf6,1.0,0.0,True,False
905cc044d2f11f7e,2.0,0.25,True,False
905cf8becb73c0ca,,1.0,True,True
906225a3a7872467,1.0,0.0,True,False
908819d3c7614b50,1.0,0.5,True,False
908e06e1b8701df2,1.0,0.0,True,False
908f8edb3f79affa,3.0,0.75,True,False
90cefc9b766e431f,1.0,0.0,True,False
915e5ea2e7f67f0e,1.0,0.0,True,False
917644520a340b49,,1.0,True,True
918d9935932a3fea,4.0,0.75,True,False
91e598a8ba5ae552,1.0,0.0,True,False
920b9038dd13dfd0,1.0,0.0,True,False
9255006dc40fdc78,,1.0,True,True
92ce8c7bcb269148,1.0,0.0,True,False
93716563584676cd,1.0,0.0,True,False
939f964afacaca90,1.0,0.0,True,False
93b596c3aa0ea50a,,1.0,True,True
93c142b2a4c52935,1.0,0.0,True,False
9428d6484a633ced,2.0,0.25,True,False
9481301ccd04e29d,1.0,0.5,True,False
94b6ac832ea1d42c,,1.0,True,True
94d2cc8e1cfd6439,1.0,0.25,True,False
9503d979832ad077,1.0,0.0,True,False
9510b49fe7c05b17,1.0,0.0,True,False
952059cd0404cb5f,1.0,0.0,True,False
9576619177c77900,,1.0,True,True
957f9583418b507e,1.0,0.5,True,False
95924e6eb5919609,1.0,0.0,True,False
95e8b5648854ca3e,1.0,0.0,True,False
9625036aa1b90fb6,1.0,0.5,True,False
96587f530be77631,,1.0,True,True
9661609533bdfcb4,1.0,0.5,True,False
96b125c260037bd7,1.0,0.0,True,False
96b2b6066caa702b,1.0,0.0,True,False
96d238e542374d4a,1.0,0.5,True,False
970d2a69e69e0222,1.0,0.0,True,False
991367e8923f3bd4,1.0,0.5,True,False
993897ac159b8723,1.0,0.0,True,False
99ac6b2ff8b860b0,1.0,0.125,True,False
99be36f2b843b6a9,1.0,0.0,True,False
9a2845d35028b968,1.0,0.125,True,False
9a34b24908a2e282,1.0,0.5,True,False
9a548e3bd9206aad,1.0,0.5,True,False
9a78a83728d8b9b9,2.0,0.625,True,False
9a836da84f4aa898,1.0,0.5,True,False
9aa40fd5d5003b98,1.0,0.5,True,False
9ab412be63f4a9ee,1.0,0.5,True,False
9b68664913c1ff23,,1.0,True,True
9b800db4670e2be1,1.0,0.0,True,False
9ba73e6751977abb,,1.0,True,True
9bc6ba0c3dc6afe7,1.0,0.5,True,False
9bda833cc44dd793,1.0,0.5,True,False
9bfdda2a952d2f16,1.0,0.5,True,False
9c379f16497a1fcc,4.0,0.75,True,False
9c96bfafe046c408,,1.0,True,True
9cf1065f26518c10,1.0,0.5,True,False
9d17e7b97f8c8dc6,1.0,0.5,True,False
9d2c5de3fca02e17,1.0,0.5,True,False
9d3930526e566071,2.0,0.625,True,False
9d6e50cb6190afd5,1.0,0.25,True,False
9d7dbdb0d3d166c3,1.0,0.0,True,False
9d8a4262ca9cfd4f,1.0,0.0,True,False
9e4ed1038f097ccf,1.0,0.5,True,False
9ed9d0204d1e2de6,2.0,0.25,True,False
9ef5790eada8a129,2.0,0.625,True,False
9f61429b5a9a09da,1.0,0.0,True,False
a055bb47d5f72bb1,1.0,0.5,True,False
a06b7c4e9ef24382,1.0,0.5,True,False
a077bdaf8052e43d,1.0,0.5,True,False
a0b2c1117b29c0f8,1.0,0.0,True,False
a0cb2eee4d4e8739,1.0,0.0,True,False
a11c2863198aa93b,1.0,0.0,True,False
a16e3db210295541,1.0,0.5,True,False
a1abef07e56658dd,1.0,0.0,True,False
a1cc7d298dcdac37,1.0,0.0,True,False
a1d78b2c6c71c63e,1.0,0.0,True,False
a1e49f1c94433d63,2.0,0.25,True,False
a23ed826db33f06e,1.0,0.5,True,False
a2598a2a908de074,1.0,0.0,True,False
a2db31cf44c5d0bb,1.0,0.0,True,False
a36666a1fdfbd6fe,1.0,0.0,True,False
a38354554de49a58,2.0,0.25,True,False
a3d99ab189596bbb,1.0,0.5,True,False
a3de368c5fdff3c3,1.0,0.5,True,False
a41037b2d482b57b,1.0,0.5,True,False
a442dd32e1e1c430,1.0,0.5,True,False
a47e03a95d815b23,1.0,0.0,True,False
a5139a445e104744,1.0,0.0,True,False
a59afeaf3d0749cb,,1.0,True,True
a5e142921d3aaba4,1.0,0.0,True,False
a5f828f65bc731b5,1.0,0.0,True,False
a66a5ad80a504934,1.0,0.0,True,False
a69b6cf50c8186da,,1.0,True,True
a6dc1f7f22c31699,1.0,0.5,True,False
a71ddb782f6d2be0,1.0,0.5,True,False
a74053cd9fbcdf58,1.0,0.0,True,False
a74c3ae53c430b3b,1.0,0.5,True,False
a75cb0b1f9c7f780,1.0,0.5,True,False
a760a92b37922d07,1.0,0.0,True,False
a78668044e13a686,1.0,0.5,True,False
a79778948941b933,,1.0,True,True
a82b4bab91a1e170,1.0,0.5,True,False
a83354d3cedbe160,1.0,0.5,True,False
a8b94d55144b9a8e,1.0,0.5,True,False
a8d2f0f2221c57bf,1.0,0.0,True,False
a8faccc412d618f4,,1.0,True,True
a91cd87936d8548d,1.0,0.0,True,False
a92a0bbb08ede8ca,4.0,0.75,True,False
a97febf4dcc33ac8,2.0,0.625,True,False
a9a0cc1d70da7a20,1.0,0.0,True,False
aa15fa050c3298e9,1.0,0.5,True,False
aa95f6825f45d357,,1.0,True,True
aac23afd1be90b50,2.0,0.625,True,False
aacf1b660b608287,1.0,0.5,True,False
ab334b6c8a7965f9,1.0,0.5,True,False
ab7b4b08ede83c0d,2.0,0.625,True,False
ab7bfb2581864a12,1.0,0.0,True,False
ab9c0e0c3c7a7e6f,,1.0,True,True
abad9379e4cd1237,4.0,0.75,True,False
ac0c534c42d9b751,1.0,0.0,True,False
ac3d178dae40cba0,,1.0,True,True
ac3da2cbd641e9f9,1.0,0.0,True,False
ac908d04fc29eae9,1.0,0.0,True,False
aca0c0f8f9952ee3,,1.0,True,True
ad41e02cbafaaaaf,1.0,0.5,True,False
adb6b0bcabeab64f,1.0,0.5,True,False
adb9b6d84b068900,1.0,0.0,True,False
adc608b7896bb705,1.0,0.5,True,False
add0401001168563,1.0,0.5,True,False
adda5a44eeb78f05,3.0,0.5,True,False
adf266573bf7109d,1.0,0.5,True,False
ae1b3875d49b6367,1.0,0.5,True,False
aec1d025a7c8cadc,3.0,0.5,True,False
aec33b85993bec38,1.0,0.5,True,False
af37d4d69fd7d015,1.0,0.0,True,False
afaa9493782b9614,3.0,0.5,True,False
afb4ef6b0624be47,1.0,0.5,True,False
b13afbff8e8d7970,1.0,0.5,True,False
b1a57eb203f45eda,1.0,0.0,True,False
b1e4c0bd33aee0c4,1.0,0.0,True,False
b2594fc2be5eea60,1.0,0.5,True,False
b2728c7b7bcb49cd,1.0,0.0,True,False
b2bfaa0a47cdef1d,1.0,0.5,True,False
b2e7b5049005c23e,1.0,0.0,True,False
b309a6d42d44aa52,1.0,0.0,True,False
b31d9ae6ec21ffb7,1.0,0.125,True,False
b31e7688d6334e5f,3.0,0.75,True,False
b34302fee1684bb1,1.0,0.5,True,False
b34cfb3dca3fcd92,1.0,0.5,True,False
b3993b8e57f8a169,1.0,0.0,True,False
b3ccd7ca77e3b9a2,1.0,0.5,True,False
b4715e061e7a47b6,,1.0,True,True
b480fbcf99aa331c,1.0,0.5,True,False
b49119c13665cce9,1.0,0.0,True,False
b4b0654b492609dd,1.0,0.5,True,False
b4e0b199b0141562,1.0,0.0,True,False
b4f8130d00b42e2e,1.0,0.0,True,False
b5b2fb602d9fc52e,1.0,0.5,True,False
b6886eff8778de9e,1.0,0.5,True,False
b68c5f1fb75de82f,2.0,0.25,True,False
b6f70aaec077d500,1.0,0.5,True,False
b6fb5ff3f4269208,2.0,0.25,True,False
b70200eecba73fae,1.0,0.0,True,False
b7df40b797fa104c,1.0,0.0,True,False
b8112efe346c2103,1.0,0.5,True,False
b8567a95f753d74d,2.0,0.25,True,False
b85b64bf65d04ed1,1.0,0.5,True,False
b878d8a565fd20c8,,1.0,True,True
b89d1821974d0f4b,1.0,0.5,True,False
b8b4c8577b1309ea,1.0,0.5,True,False
b957122507d551c7,1.0,0.5,True,False
b9cec39a02f08a31,1.0,0.0,True,False
b9d4e7d447578b52,1.0,0.0,True,False
ba713f992760a275,1.0,0.0,True,False
ba97020b93362854,1.0,0.0,True,False
bad75f8936100621,1.0,0.0,True,False
bb1b7bc9d74e5bd4,1.0,0.5,True,False
bb420ab282160f19,1.0,0.0,True,False
bb5a0375ea02f1d5,2.0,0.625,True,False
bba6391b04c1fff7,1.0,0.5,True,False
bc0d4043cdbf6ab1,1.0,0.5,True,False
bc4e1a8460b81296,,1.0,True,True
bc8ac4eeae23f2a8,3.0,0.75,True,False
bc9c853b1e75c157,2.0,0.25,True,False
bcd16b88418b30b5,1.0,0.5,True,False
bcea12b37895f54f,1.0,0.5,True,False
bd08b5afd4100cdf,1.0,0.0,True,False
bd14af00f41da381,1.0,0.5,True,False
bd1b3c44f26b54cb,2.0,0.25,True,False
bd692552ba39df25,1.0,0.5,True,False
bec8a25c1e8964d8,1.0,0.0,True,False
bee838cbd63185f4,1.0,0.0,True,False
bf6cbe15411a3e81,1.0,0.0,True,False
bf841b4ccf015c30,1.0,0.0,True,False
c009d1ee390ee134,1.0,0.125,True,False
c0310f827190f8ca,1.0,0.5,True,False
c042fcbeb35388e1,,1.0,True,True
c07918bfa1fe894e,2.0,0.625,True,False
c0a9debff24c409a,1.0,0.5,True,False
c1187f49d8677fa0,,1.0,True,True
c15e92f8bff61cf6,1.0,0.0,True,False
c1c9744c9961ecef,2.0,0.25,True,False
c1d79e982447aae7,1.0,0.5,True,False
c1f5b16955c5bae8,,1.0,True,True
c25e25d519cf7fee,,1.0,True,True
c2715e1262b00dcd,1.0,0.0,True,False
c27db25ce54c22b5,1.0,0.5,True,False
c27f06f97add8be0,1.0,0.0,True,False
c2cba1d29e94ddde,2.0,0.25,True,False
c30b3b741db499ae,1.0,0.5,True,False
c31b1000b059ef5c,1.0,0.0,True,False
c343797fefb52184,1.0,0.5,True,False
c35e11d293d91169,1.0,0.5,True,False
c37e9257b5db5507,1.0,0.5,True,False
c3cb20392b0b99fb,1.0,0.5,True,False
c45b5822285eecd9,2.0,0.25,True,False
c53822f9dcb1c4e7,,1.0,True,True
c53d5600115f602d,1.0,0.0,True,False
c55df85c454ce966,1.0,0.5,True,False
c58971ed018679bc,1.0,0.0,True,False
c595b30162c25e08,1.0,0.5,True,False
c5b07365d3344a65,1.0,0.5,True,False
c5b5bde41579f813,1.0,0.0,True,False
c5e02e5b55ace2fa,2.0,0.625,True,False
c64e0eb696379445,1.0,0.5,True,False
c657e99ca35a3b1c,1.0,0.5,True,False
c6b1abaa6b929831,1.0,0.5,True,False
c7991651448fa26d,,1.0,True,True
c79f14a8b0a19379,1.0,0.5,True,False
c7cd3b1fd1524f85,1.0,0.5,True,False
c7daf17b48a916d5,1.0,0.5,True,False
c83155f961ae0e28,1.0,0.5,True,False
c863cb7e6210f94a,1.0,0.0,True,False
c86e9cec2e7bcf65,1.0,0.0,True,False
c8a69e5bafc543c9,1.0,0.5,True,False
c901173368173056,1.0,0.5,True,False
c94a6b6406620b62,1.0,0.5,True,False
c956020212186038,1.0,0.0,True,False
c9729f40e5f3069d,1.0,0.5,True,False
c98e7ce7bea5dc46,2.0,0.625,True,False
c9a907d44b1a3581,1.0,0.5,True,False
c9c8228db1cea8e3,1.0,0.5,True,False
ca5a0d4466da3a0f,1.0,0.5,True,False
cacb310f2e09a0dd,1.0,0.5,True,False
cada75286b3f0056,1.0,0.5,True,False
cb0f642a6861499d,1.0,0.5,True,False
cb6f9f05f1dba6c8,1.0,0.0,True,False
cb760f4a09447a8f,,1.0,True,True
cb7d67388749b3b5,1.0,0.0,True,False
cb94e7d7e1f7d083,1.0,0.5,True,False
cbf93b31948049a2,,1.0,True,True
cc0167f4f01c76a4,1.0,0.0,True,False
cc78428b84f9c77d,1.0,0.5,True,False
cc8c966d1f92cbfd,1.0,0.0,True,False
cca1730165b44d1d,,1.0,True,True
cd253129c9a24d43,1.0,0.0,True,False
cd9363d1bc11038f,1.0,0.0,True,False
ce568b41e555c521,,1.0,True,True
ce57ef12c4a6419a,1.0,0.5,True,False
ce655dbe4d6c414b,1.0,0.5,True,False
cf066abb741ab2cf,,1.0,True,True
cf0c22b503907e5e,,1.0,True,True
cf63e254acd519cb,1.0,0.5,True,False
cfd3c60fdb66f005,2.0,0.25,True,False
cfe3b453c2d85ccb,1.0,0.5,True,False
d02eaeb87d9b35d8,1.0,0.5,True,False
d0778f255b2af544,1.0,0.0,True,False
d09f8b496df512b4,1.0,0.5,True,False
d0ba4ea43f0d14e9,1.0,0.5,True,False
d13934fd1ca5c473,1.0,0.5,True,False
d1a350561be0291c,1.0,0.0,True,False
d1c3535c325c3d1d,1.0,0.5,True,False
d1c86ceed85c0c86,4.0,0.75,True,False
d201c023f52bc1c3,1.0,0.0,True,False
d21366378fc2c5be,1.0,0.5,True,False
d221d9b5e05b2607,1.0,0.0,True,False
d2338702ddaa5623,1.0,0.5,True,False
d259543a3b27a289,3.0,0.5,True,False
d2acdf0d788ab530,1.0,0.0,True,False
d2e603c10f1a2256,,1.0,True,True
d3272a4a1e704d68,1.0,0.5,True,False
d33440863b7f08af,1.0,0.0,True,False
d34283f682fb5db5,1.0,0.0,True,False
d34ee4c2c0f1cec7,1.0,0.0,True,False
d38965440f88d744,3.0,0.5,True,False
d4381cfaeb3b384f,1.0,0.5,True,False
d43b54e451ff8634,1.0,0.5,True,False
d4a1b5eb9f9cdc43,1.0,0.0,True,False
d5004a458d5a5de6,1.0,0.5,True,False
d5261fa8638ea9f5,1.0,0.5,True,False
d53de0fdf9ed6571,,1.0,True,True
d58c3a0652610662,1.0,0.0,True,False
d5902d15bdffe594,1.0,0.5,True,False
d594b4a2418a7382,3.0,0.75,True,False
d607429e8a09d1b8,1.0,0.0,True,False
d62062c30d38c995,1.0,0.5,True,False
d622539aadbdefcc,1.0,0.5,True,False
d673ea2307885c33,1.0,0.0,True,False
d6790396798fc6ad,1.0,0.5,True,False
d70b2d638b366fe2,1.0,0.5,True,False
d7574fc2454b783d,1.0,0.0,True,False
d7be5ca6c386bbdd,1.0,0.5,True,False
d7dbbf1256cb46e4,1.0,0.0,True,False
d83d0605245b810a,1.0,0.5,True,False
d8730d74142d945a,1.0,0.5,True,False
d8a032e00c3e50f6,,1.0,True,True
d8b9f8bb14584223,1.0,0.5,True,False
d8c7780a7c23aca4,1.0,0.5,True,False
d9046022de2965ad,1.0,0.0,True,False
d91455e75ff999b6,1.0,0.0,True,False
d92bdf13def8dec0,,1.0,True,True
d92e8806b74ccd4a,1.0,0.0,True,False
d9311a7efdc3d2d1,1.0,0.5,True,False
d9433ab1ef0a2903,1.0,0.5,True,False
d94caddbb75215b3,,1.0,True,True
d9bf7427d46b9040,1.0,0.0,True,False
da90947f1780706a,1.0,0.5,True,False
daae47212a4b7ad6,1.0,0.5,True,False
dabe6be0e260b262,1.0,0.5,True,False
db1d6204236a4c10,1.0,0.0,True,False
db74624f15e9e298,1.0,0.0,True,False
db84d349a8564c37,1.0,0.0,True,False
db84e9aeb0a907b8,3.0,0.5,True,False
dbf040b90f97cfdd,1.0,0.0,True,False
dc09e0bb4f511440,1.0,0.5,True,False
dc1cf62e6e94708a,1.0,0.0,True,False
dc4f8558c415cdbb,1.0,0.5,True,False
dca5063f6d713be8,1.0,0.0,True,False
dcb88b59b4e1e470,1.0,0.5,True,False
dd0f36ef259210c8,1.0,0.5,True,False
dd24ab168765de64,1.0,0.0,True,False
dd847a1528521f2f,1.0,0.0,True,False
de1ec6ec4fd282ed,1.0,0.125,True,False
de373ef2829d3135,2.0,0.625,True,False
de87665367a2b6c2,1.0,0.0,True,False
dea25b21d4a3f142,1.0,0.0,True,False
deb58f5ea5753fb1,1.0,0.0,True,False
df2643b3b6ff4c31,,1.0,True,True
df3aa1cdf382f132,1.0,0.5,True,False
df4382eb23628e71,1.0,0.5,True,False
df9dfb656b51ec72,1.0,0.0,True,False
dfcf64c41378966a,1.0,0.0,True,False
e02dca6df65a31a9,1.0,0.5,True,False
e0b81fb890105b24,1.0,0.0,True,False
e0fb9578095c1a71,1.0,0.5,True,False
e103fd0d469698fb,2.0,0.25,True,False
e1b5b30ad9c78faf,2.0,0.625,True,False
e207c9cbf8393e9b,1.0,0.5,True,False
e2488f033572956c,,1.0,True,True
e24f0ad4dec57387,1.0,0.0,True,False
e256a234c710a519,1.0,0.5,True,False
e29313ae73b8a98a,1.0,0.5,True,False
e2c5c0d1c5a9c0dc,1.0,0.5,True,False
e2e01f33e86bf520,1.0,0.0,True,False
e31496b2ad042438,1.0,0.0,True,False
e33475a06a60c7f8,1.0,0.0,True,False
e33e48f2e4af6281,,1.0,True,True
e3a09325796ac254,1.0,0.5,True,False
e43c9cd92d084e77,1.0,0.5,True,False
e43eb3a316b33037,1.0,0.5,True,False
e4734377bddbb032,2.0,0.25,True,False
e4b39904e7210e7d,4.0,0.75,True,False
e4cf54dbc3cdf299,1.0,0.5,True,False
e4f4f85261586267,2.0,0.625,True,False
e52a73ec60adcfae,1.0,0.0,True,False
e663c53c2caf0bd8,3.0,0.75,True,False
e66c154964a6d9ce,1.0,0.0,True,False
e6801aded2cc12e5,1.0,0.5,True,False
e6834664d1d97ada,1.0,0.0,True,False
e69efc5f799ffa48,1.0,0.0,True,False
e75ceabeb8aff03d,1.0,0.5,True,False
e7999c0055fa2dd5,1.0,0.0,True,False
e7b53a0abee530b5,1.0,0.5,True,False
e867c6bf52d9b57a,2.0,0.625,True,False
e869d9adcb5cdf37,1.0,0.0,True,False
e8990747b7970021,1.0,0.5,True,False
e8c8be80f133ca5f,1.0,0.5,True,False
e8de81867fec6836,1.0,0.0,True,False
e9045f0f6ec24613,1.0,0.0,True,False
e948b12c967f621b,1.0,0.0,True,False
e97b57c07c077349,1.0,0.0,True,False
e98db7bb226cdbaa,,1.0,True,True
e9bd19092ad0b527,1.0,0.0,True,False
e9fa4024f8762230,1.0,0.5,True,False
ea23e225b75b0313,,1.0,True,True
ea39e74291255574,1.0,0.5,True,False
ea3eacec6cbe1858,,1.0,True,True
ea9ccc8c09fa75d7,2.0,0.5,True,False
eabf6e7934b192f9,1.0,0.0,True,False
ead610af2d943b96,1.0,0.5,True,False
eb6a66102227e797,1.0,0.5,True,False
eb9d64c31077274c,1.0,0.5,True,False
eba78261a974dc47,1.0,0.0,True,False
ec00257b27932151,1.0,0.0,True,False
ec0211f2e790fff5,4.0,0.875,True,False
ec0d1ffa8788818d,1.0,0.0,True,False
ec0d746a50f71661,1.0,0.5,True,False
ec482a507540b808,1.0,0.0,True,False
ec5d9eb826b6271f,1.0,0.0,True,False
ec7a3dc629ee5817,,1.0,True,True
eca020354a8f48cb,2.0,0.25,True,False
ece8869d21450983,1.0,0.5,True,False
edab001865ad7fc8,1.0,0.0,True,False
ee1b864a704f7369,,1.0,True,True
ef06efe6e7ed5180,1.0,0.0,True,False
ef6d17f31b02b012,1.0,0.5,True,False
ef71571ac29769f5,1.0,0.5,True,False
efa738fc4a4ac5cc,1.0,0.5,True,False
efe94d049572c238,1.0,0.0,True,False
f0040bd7d3375fef,1.0,0.5,True,False
f053f95ac28e0b8b,1.0,0.0,True,False
f06dc8aafaee6a0a,1.0,0.5,True,False
f0a9fbbe6db27634,,1.0,True,True
f0ae0032f48e9ad9,,1.0,True,True
f0fbc45f0d12c9ed,,1.0,True,True
f0fe9658e96aaa33,1.0,0.5,True,False
f130aa9acbd20355,1.0,0.0,True,False
f17ab7314f600b11,3.0,0.5,True,False
f1bdf7a28d670204,1.0,0.5,True,False
f21bcd69efbaa656,2.0,0.25,True,False
f233f66a9c4585a5,2.0,0.25,True,False
f2400457c55ff4a2,1.0,0.5,True,False
f2885dafa1391fc9,3.0,0.75,True,False
f289674768fa65af,,1.0,True,True
f2c7243bb22318fe,3.0,0.75,True,False
f30de8f6ccdf2d3a,1.0,0.0,True,False
f34794341f27b3e9,1.0,0.0,True,False
f3de0a5c7dde8aeb,1.0,0.5,True,False
f3f200976023b897,1.0,0.0,True,False
f441c10d8bdbbbc8,,1.0,True,True
f45b62f7e22ed194,2.0,0.25,True,False
f46221d04f5bac89,1.0,0.5,True,False
f4651d37de18d3a2,4.0,0.875,True,False
f4882fcff54fc3e4,1.0,0.5,True,False
f4a73b4f536cd9dc,1.0,0.5,True,False
f4acbdb5aeded86b,1.0,0.0,True,False
f4bde60e9c0a9ea8,2.0,0.625,True,False
f4d81470ae001413,,1.0,True,True
f51293571badeeeb,1.0,0.0,True,False
f54f46e216891a7b,1.0,0.5,True,False
f5abbb8868a4e852,,1.0,True,True
f5e02243fe17432c,1.0,0.5,True,False
f6499917f76b9cad,2.0,0.25,True,False
f650428f496f830f,1.0,0.0,True,False
f66221685d26ff9e,1.0,0.5,True,False
f6a4cf3ed77b36bc,1.0,0.5,True,False
f72d5ad2a173fdd9,1.0,0.5,True,False
f790402ad996edb3,1.0,0.5,True,False
f7df848e3f9397a0,1.0,0.5,True,False
f84de65bbeb3ccab,,1.0,True,True
f84fba68f454ef29,4.0,0.875,True,False
f88514d26db6a359,1.0,0.5,True,False
f8c63ef0ad84e779,,1.0,True,True
f8dc1b8fb8226cee,1.0,0.0,True,False
f8dfe97ae400c291,1.0,0.5,True,False
f91c1bf89522a3a0,1.0,0.0,True,False
f937144f7ce51614,1.0,0.5,True,False
f94aaa0eb0938b1a,1.0,0.0,True,False
f96e064ba4ec3244,1.0,0.5,True,False
f97fe8edc7a7f210,1.0,0.5,True,False
f99cdcb9d76427b5,,1.0,True,True
f9bba2c615ac1262,3.0,0.75,True,False
f9d5283f6534f160,1.0,0.5,True,False
fa309145a213efb6,1.0,0.5,True,False
fa82d26d17e05049,1.0,0.5,True,False
fac8d4eb17dda1f4,1.0,0.5,True,False
faf5a5055675342a,1.0,0.0,True,False
fb929282347e51f7,1.0,0.0,True,False
fba61d948ac424a2,2.0,0.25,True,False
fc0ef0d63ac6a111,1.0,0.5,True,False
fc4a4cd5ce73d21e,2.0,0.25,True,False
fc957f9290c35f93,1.0,0.5,True,False
fcad5c8d2d1b819a,1.0,0.0,True,False
fcadfa2dbea901bf,1.0,0.5,True,False
fcae66177668920c,1.0,0.5,True,False
fccec98bb59716d3,,1.0,True,True
fd17b16a28c62025,2.0,0.625,True,False
fd2f6664d4d89ed3,1.0,0.5,True,False
fd901ac787df1f2d,,1.0,True,True
fdb58ef9a852cbdf,1.0,0.5,True,False
fea82713cde5a4ce,1.0,0.5,True,False
febbbb49a55775b1,1.0,0.5,True,False
ff85de9c7d763b5b,,1.0,True,True
ffa41687be23a52f,1.0,0.0,True,False
ffcf7b7269b035e3,1.0,0.5,True,False
