,class_size,frequency,dag_diversity,dag_div_score,operator_diversity,op_div_score,depth_min,depth_max,depth_score,intervention_score,conditional_score,role_score,complexity,signature_len,M1_original_score,M2_intervention_score,M3_reuse_score,M4_compression_score,M5_perturbation_centrality_score,M6_frequency_control_score,M7_random_matched_score,expression_depth,reuse_rate,reuse_count,intervention_role,conditional_role,raw_score,active_M1,active_M2_intervention,active_M3,active_M4_compression,active_M5,active_M6_frequency_control,active_M7_random_matched,functional_core_membership,strict_core_membership
class_size,1.0,0.9999999999999986,0.9392385503304549,0.9392385503304463,0.1821281809942527,0.18212818099425077,-0.21695300052391692,-0.21695300052391692,-0.21695300052391756,0.10317392605262997,-0.2529038735475505,-0.18623639083541452,-0.1723435895674819,-0.1777788815974389,-0.16630901425085817,0.10317392605262997,-0.23789006826907924,0.952924409407475,-0.22441772056617093,0.9815279239608201,-0.009850176434306043,-0.21695300052391692,-0.23789006826907924,0.8959187526522995,0.10317392605262997,-0.2529038735475505,-0.16630901425085817,-0.12289834492418021,0.14373805508212026,-0.15877141469508388,0.2776005016736374,-0.1554420694938071,0.2775505198440916,-0.006746126601015719,-0.15260501688687533,-0.00982221431482945
frequency,0.9999999999999986,1.0,0.9392385503304553,0.9392385503304607,0.18212818099425457,0.18212818099425182,-0.21695300052391897,-0.21695300052391897,-0.21695300052391825,0.10317392605263112,-0.25290387354755434,-0.18623639083541557,-0.1723435895674821,-0.17777888159743935,-0.16630901425085867,0.10317392605263112,-0.23789006826908102,0.9529244094074851,-0.2244177205661734,0.9815279239608117,-0.009850176434306053,-0.21695300052391897,-0.23789006826908102,0.8959187526523203,0.10317392605263112,-0.25290387354755434,-0.16630901425085867,-0.12289834492417975,0.14373805508212262,-0.15877141469508674,0.2776005016736414,-0.15544206949380882,0.2775505198440937,-0.006746126601015849,-0.152605016886876,-0.009822214314829181
dag_diversity,0.9392385503304549,0.9392385503304553,1.0,0.9999999999999998,0.10958347602775965,0.10958347602775757,-0.20228061318861806,-0.20228061318861806,-0.2022806131886177,0.14223616632253813,-0.2642027182082079,-0.15826239482999455,-0.18085671859961774,-0.16194258108683346,-0.19438389955941499,0.14223616632253813,-0.2650281340257049,0.8801929713143734,-0.24984333842817671,0.9875619820542549,-0.009097914026447643,-0.20228061318861806,-0.2650281340257049,0.6937813516678502,0.14223616632253813,-0.2642027182082079,-0.19438389955941499,-0.14339080628067594,0.15996837156493746,-0.1773205620946081,0.30608958106454176,-0.17331397839780566,0.3068574799806975,-0.005663158545189104,-0.16998628247297973,-0.014596876667596714
dag_div_score,0.9392385503304463,0.9392385503304607,0.9999999999999998,1.0,0.10958347602775861,0.10958347602775777,-0.2022806131886198,-0.2022806131886198,-0.2022806131886153,0.1422361663225383,-0.26420271820820795,-0.1582623948299955,-0.1808567185996185,-0.16194258108683368,-0.19438389955941326,0.1422361663225383,-0.2650281340257058,0.880192971314373,-0.24984333842817183,0.9875619820542473,-0.00909791402644747,-0.2022806131886198,-0.2650281340257058,0.693781351667854,0.1422361663225383,-0.26420271820820795,-0.19438389955941326,-0.14339080628067838,0.1599683715649375,-0.17732056209460906,0.30608958106453993,-0.1733139783978051,0.306857479980696,-0.005663158545189125,-0.1699862824729787,-0.014596876667596292
operator_diversity,0.1821281809942527,0.18212818099425457,0.10958347602775965,0.10958347602775861,1.0,0.9999999999999996,-0.37323459071607246,-0.37323459071607246,-0.37323459071606985,-0.3025508836568904,-0.055978285160273054,-0.19533183666979814,-0.06654101510735479,-0.23897939552346625,0.13776820906429288,-0.3025508836568904,0.09378598148836242,0.12403838648559891,0.1560532573312454,0.14449892573854034,-0.005265257444326264,-0.37323459071607246,0.09378598148836242,0.2795297869089604,-0.3025508836568904,-0.055978285160273054,0.13776820906429288,-0.03711643790306379,-0.15192999383105477,-0.07145991708553026,0.48421470215544576,-0.03711643790306504,0.509648994269661,-0.001910779326896814,-0.035236152435939784,0.27526151516273806
op_div_score,0.18212818099425077,0.18212818099425182,0.10958347602775757,0.10958347602775777,0.9999999999999996,1.0,-0.3732345907160684,-0.3732345907160684,-0.373234590716072,-0.3025508836568897,-0.05597828516027275,-0.19533183666979798,-0.06654101510735526,-0.2389793955234645,0.1377682090642935,-0.3025508836568897,0.09378598148836285,0.12403838648559733,0.15605325733124287,0.14449892573853798,-0.005265257444326239,-0.3732345907160684,0.09378598148836285,0.27952978690895913,-0.3025508836568897,-0.05597828516027275,0.1377682090642935,-0.03711643790306265,-0.151929993831053,-0.07145991708553044,0.48421470215544443,-0.03711643790306461,0.5096489942696524,-0.0019107793268968879,-0.03523615243593945,0.2752615151627381
depth_min,-0.21695300052391692,-0.21695300052391897,-0.20228061318861806,-0.2022806131886198,-0.37323459071607246,-0.3732345907160684,1.0,1.0,0.9999999999999991,0.038979340058816626,0.3945058804392115,0.500339812791287,0.9505162558722526,0.3443164849086396,0.505171342268796,0.038979340058816626,0.4474353897755267,-0.17931947701642242,0.4230023580115495,-0.2121149714489724,-0.008497777585991838,1.0,0.4474353897755267,-0.21533856687707725,0.038979340058816626,0.3945058804392115,0.505171342268796,0.6539819288906944,-0.08265147438038256,0.6539819288906911,-0.4875671874272189,0.6539819288906946,-0.3401420742239785,-0.0060530544095302565,0.6468602777232397,0.22389046325020076
depth_max,-0.21695300052391692,-0.21695300052391897,-0.20228061318861806,-0.2022806131886198,-0.37323459071607246,-0.3732345907160684,1.0,1.0,0.9999999999999991,0.038979340058816626,0.3945058804392115,0.500339812791287,0.9505162558722526,0.3443164849086396,0.505171342268796,0.038979340058816626,0.4474353897755267,-0.17931947701642242,0.4230023580115495,-0.2121149714489724,-0.008497777585991838,1.0,0.4474353897755267,-0.21533856687707725,0.038979340058816626,0.3945058804392115,0.505171342268796,0.6539819288906944,-0.08265147438038256,0.6539819288906911,-0.4875671874272189,0.6539819288906946,-0.3401420742239785,-0.0060530544095302565,0.6468602777232397,0.22389046325020076
depth_score,-0.21695300052391756,-0.21695300052391825,-0.2022806131886177,-0.2022806131886153,-0.37323459071606985,-0.373234590716072,0.9999999999999991,0.9999999999999991,1.0,0.03897934005881652,0.39450588043920626,0.5003398127912873,0.9505162558722455,0.34431648490863487,0.5051713422687987,0.03897934005881652,0.4474353897755192,-0.17931947701642348,0.4230023580115491,-0.21211497144896996,-0.008497777585991899,0.9999999999999991,0.4474353897755192,-0.21533856687707287,0.03897934005881652,0.39450588043920626,0.5051713422687987,0.6539819288906974,-0.08265147438038122,0.6539819288906966,-0.48756718742722,0.6539819288907008,-0.3401420742239802,-0.006053054409530252,0.6468602777232383,0.22389046325020068
intervention_score,0.10317392605262997,0.10317392605263112,0.14223616632253813,0.1422361663225383,-0.3025508836568904,-0.3025508836568897,0.038979340058816626,0.038979340058816626,0.03897934005881652,1.0,-0.3028251421912667,0.12156967938147231,-0.059393980503481325,-0.5568321410734111,-0.7357781006802928,1.0,-0.7864896970404908,0.07215735382190312,-0.6789852709016009,0.1265334701515955,-0.006731934984639921,0.03897934005881664,-0.7864896970404908,0.026049981231721267,1.0,-0.3028251421912667,-0.7357781006802928,-0.5943027458675336,0.8914044860348181,-0.5943027458675302,0.1315002005306479,-0.5943027458675304,0.04348292891017137,-0.0062047205964423785,-0.5977417441726217,-0.19553696586678382
conditional_score,-0.2529038735475505,-0.25290387354755434,-0.2642027182082079,-0.26420271820820795,-0.055978285160273054,-0.05597828516027275,0.3945058804392115,0.3945058804392115,0.39450588043920626,-0.3028251421912667,1.0,0.5720318947047086,0.4055464960117844,0.27001022875645014,0.7198090488022626,-0.3028251421912667,0.7212672715276105,-0.2068156575908075,0.7578044980569822,-0.2630943234328826,0.001474680162531263,0.3945058804392115,0.7212672715276105,-0.20061254088278332,-0.3028251421912667,1.0,0.7198090488022626,0.3474396203574943,-0.3258015244479288,0.3474396203574913,-0.23154397873156368,0.3474396203574921,-0.1702197923618812,0.009399506603631655,0.3494501179933165,0.114314277796985
role_score,-0.18623639083541452,-0.18623639083541557,-0.15826239482999455,-0.1582623948299955,-0.19533183666979814,-0.19533183666979798,0.500339812791287,0.500339812791287,0.5003398127912873,0.12156967938147231,0.5720318947047086,1.0,0.47270532585615677,-0.13858880598712298,0.4669577876170983,0.12156967938147227,0.41299602485362186,-0.15934097797583677,0.5969504286844451,-0.1735118744636759,-0.0026994490522621113,0.500339812791287,0.41299602485362186,-0.2028569006004803,0.12156967938147227,0.5720318947047087,0.4669577876170983,0.19874654432858418,0.04482519323958867,0.19874654432858221,-0.1930980070271999,0.19874654432858402,-0.122153030411335,0.005031774738649786,0.19989661310050194,0.06539141292000891
complexity,-0.1723435895674819,-0.1723435895674821,-0.18085671859961774,-0.1808567185996185,-0.06654101510735479,-0.06654101510735526,0.9505162558722526,0.9505162558722526,0.9505162558722455,-0.059393980503481325,0.4055464960117844,0.47270532585615677,1.0,0.2902853838403443,0.5894481312170822,-0.05939398050348133,0.5126244595475982,-0.15132138262389125,0.5071983468234433,-0.179741328167307,-0.010902579961685057,0.9505162558722525,0.5126244595475982,-0.1379900146653937,-0.05939398050348133,0.40554649601178433,0.5894481312170822,0.6909300373607821,-0.13976926387750596,0.6794293055646828,-0.3622290257743107,0.6909300373607791,-0.1951556333222871,-0.007149946597038632,0.6839003403357868,0.3329726809675972
signature_len,-0.1777788815974389,-0.17777888159743935,-0.16194258108683346,-0.16194258108683368,-0.23897939552346625,-0.2389793955234645,0.3443164849086396,0.3443164849086396,0.34431648490863487,-0.5568321410734111,0.27001022875645014,-0.13858880598712298,0.2902853838403443,1.0,0.4871742296537268,-0.556832141073411,0.5315952420281249,-0.12573355138679546,0.3637740701087443,-0.17168912463977762,0.003938170009902617,0.34431648490863953,0.5315952420281249,-0.18257028990525265,-0.556832141073411,0.27001022875645,0.4871742296537268,0.523436114196932,-0.6156967195212546,0.5324359024236999,-0.34719400149087415,0.5247011446705772,-0.2801744941837435,0.0034363020746946723,0.5213544021182762,0.06195244809328603
M1_original_score,-0.16630901425085817,-0.16630901425085867,-0.19438389955941499,-0.19438389955941326,0.13776820906429288,0.1377682090642935,0.505171342268796,0.505171342268796,0.5051713422687987,-0.7357781006802928,0.7198090488022626,0.4669577876170983,0.5894481312170822,0.4871742296537268,1.0,-0.7357781006802927,0.9900686967555372,-0.1191759354344803,0.9738116574937158,-0.18451661211210005,-0.0005445145473014627,0.505171342268796,0.9900686967555372,-0.1020214291915874,-0.7357781006802927,0.7198090488022626,1.0,0.7566676090374411,-0.7064330144216141,0.7509993217452514,-0.3134036606083998,0.754350905847081,-0.16133605202309811,0.005204060902168176,0.7555485520101294,0.2811871188265854
M2_intervention_score,0.10317392605262997,0.10317392605263112,0.14223616632253813,0.1422361663225383,-0.3025508836568904,-0.3025508836568897,0.038979340058816626,0.038979340058816626,0.03897934005881652,1.0,-0.3028251421912667,0.12156967938147227,-0.05939398050348133,-0.556832141073411,-0.7357781006802927,1.0,-0.7864896970404908,0.07215735382190312,-0.6789852709016009,0.1265334701515955,-0.006731934984639921,0.03897934005881664,-0.7864896970404908,0.026049981231721267,1.0,-0.3028251421912667,-0.7357781006802928,-0.5943027458675336,0.8914044860348181,-0.5943027458675302,0.1315002005306479,-0.5943027458675304,0.04348292891017137,-0.0062047205964423785,-0.5977417441726217,-0.19553696586678382
M3_reuse_score,-0.23789006826907924,-0.23789006826908102,-0.2650281340257049,-0.2650281340257058,0.09378598148836242,0.09378598148836285,0.4474353897755267,0.4474353897755267,0.4474353897755192,-0.7864896970404908,0.7212672715276105,0.41299602485362186,0.5126244595475982,0.5315952420281249,0.9900686967555372,-0.7864896970404908,1.0,-0.1830068270640558,0.9659929988616118,-0.2566774008378196,0.0019049993538903433,0.4474353897755267,1.0,-0.16263979201014403,-0.7864896970404908,0.7212672715276105,0.9900686967555372,0.7399281103242559,-0.7526912831983428,0.740079113072403,-0.3399012722322708,0.739928110324249,-0.20071983478185873,0.006729442359783447,0.7415666062092162,0.245599367954732
M4_compression_score,0.952924409407475,0.9529244094074851,0.8801929713143734,0.880192971314373,0.12403838648559891,0.12403838648559733,-0.17931947701642242,-0.17931947701642242,-0.17931947701642348,0.07215735382190312,-0.2068156575908075,-0.15934097797583677,-0.15132138262389125,-0.12573355138679546,-0.1191759354344803,0.07215735382190312,-0.1830068270640558,1.0,-0.17752265964743982,0.9270562057367636,-0.01050512410918,-0.17931947701642253,-0.18300682706405583,0.8671827742815467,0.07215735382190311,-0.2068156575908075,-0.1191759354344803,-0.09286733445688847,0.1053026264069935,-0.11261248806032728,0.1804059785589792,-0.11121389422136103,0.1795651645315401,-0.008597554067958368,-0.10988869539430611,-0.023035320378468047
M5_perturbation_centrality_score,-0.22441772056617093,-0.2244177205661734,-0.24984333842817671,-0.24984333842817183,0.1560532573312454,0.15605325733124287,0.4230023580115495,0.4230023580115495,0.4230023580115491,-0.6789852709016009,0.7578044980569822,0.5969504286844451,0.5071983468234433,0.3637740701087443,0.9738116574937158,-0.6789852709016009,0.9659929988616118,-0.17752265964743982,1.0,-0.24204323530733962,0.0009207772034980323,0.4230023580115495,0.9659929988616118,-0.15210971418848718,-0.678985270901601,0.7578044980569825,0.9738116574937158,0.6488236474400361,-0.6450746794241591,0.6452941746325521,-0.2687965134886223,0.6488236474400424,-0.13666916145651725,0.007624833409120786,0.6512782708253844,0.23685182448525835
M6_frequency_control_score,0.9815279239608201,0.9815279239608117,0.9875619820542549,0.9875619820542473,0.14449892573854034,0.14449892573853798,-0.2121149714489724,-0.2121149714489724,-0.21211497144896996,0.1265334701515955,-0.2630943234328826,-0.1735118744636759,-0.179741328167307,-0.17168912463977762,-0.18451661211210005,0.1265334701515955,-0.2566774008378196,0.9270562057367636,-0.24204323530733962,1.0,-0.009582529826484183,-0.21211497144897237,-0.2566774008378196,0.7970485841146854,0.1265334701515955,-0.2630943234328826,-0.1845166121121001,-0.1362116410804348,0.15499663605684558,-0.1715538104661849,0.29775209829998744,-0.1677957564206885,0.29815719319537237,-0.0062463793974713985,-0.16464157188194758,-0.012634570674253429
M7_random_matched_score,-0.009850176434306043,-0.009850176434306053,-0.009097914026447643,-0.00909791402644747,-0.005265257444326264,-0.005265257444326239,-0.008497777585991838,-0.008497777585991838,-0.008497777585991899,-0.006731934984639921,0.001474680162531263,-0.0026994490522621113,-0.010902579961685057,0.003938170009902617,-0.0005445145473014627,-0.006731934984639921,0.0019049993538903433,-0.01050512410918,0.0009207772034980323,-0.009582529826484183,1.0,-0.008497777585991835,0.0019049993538903464,-0.008883419796972927,-0.0067319349846399305,0.0014746801625312546,-0.0005445145473014563,0.00027424317259358967,-0.004793517582226014,-0.0001836152089682114,-0.0017570952205828954,-0.0013297130177721385,-0.00214620046655953,0.7566676090374364,-0.0013786278806978698,-0.006153973802130034
expression_depth,-0.21695300052391692,-0.21695300052391897,-0.20228061318861806,-0.2022806131886198,-0.37323459071607246,-0.3732345907160684,1.0,1.0,0.9999999999999991,0.03897934005881664,0.3945058804392115,0.500339812791287,0.9505162558722525,0.34431648490863953,0.505171342268796,0.03897934005881664,0.4474353897755267,-0.17931947701642253,0.4230023580115495,-0.21211497144897237,-0.008497777585991835,1.0,0.4474353897755267,-0.21533856687707725,0.038979340058816626,0.3945058804392115,0.505171342268796,0.6539819288906944,-0.08265147438038256,0.6539819288906911,-0.4875671874272189,0.6539819288906946,-0.3401420742239785,-0.0060530544095302565,0.6468602777232397,0.22389046325020076
reuse_rate,-0.23789006826907924,-0.23789006826908102,-0.2650281340257049,-0.2650281340257058,0.09378598148836242,0.09378598148836285,0.4474353897755267,0.4474353897755267,0.4474353897755192,-0.7864896970404908,0.7212672715276105,0.41299602485362186,0.5126244595475982,0.5315952420281249,0.9900686967555372,-0.7864896970404908,1.0,-0.18300682706405583,0.9659929988616118,-0.2566774008378196,0.0019049993538903464,0.4474353897755267,1.0,-0.16263979201014403,-0.7864896970404908,0.7212672715276105,0.9900686967555372,0.7399281103242559,-0.7526912831983428,0.740079113072403,-0.3399012722322708,0.739928110324249,-0.20071983478185873,0.006729442359783447,0.7415666062092162,0.245599367954732
reuse_count,0.8959187526522995,0.8959187526523203,0.6937813516678502,0.693781351667854,0.2795297869089604,0.27952978690895913,-0.21533856687707725,-0.21533856687707725,-0.21533856687707287,0.026049981231721267,-0.20061254088278332,-0.2028569006004803,-0.1379900146653937,-0.18257028990525265,-0.1020214291915874,0.026049981231721267,-0.16263979201014403,0.8671827742815467,-0.15210971418848718,0.7970485841146854,-0.008883419796972927,-0.21533856687707725,-0.16263979201014403,1.0,0.026049981231721243,-0.20061254088278335,-0.1020214291915874,-0.07948646402532202,0.09911119885654014,-0.11223312409437448,0.20711471824563119,-0.10882715100282987,0.20749023898339752,-0.006945871375128334,-0.10615244780272576,0.0033746861912939074
intervention_role,0.10317392605262997,0.10317392605263112,0.14223616632253813,0.1422361663225383,-0.3025508836568904,-0.3025508836568897,0.038979340058816626,0.038979340058816626,0.03897934005881652,1.0,-0.3028251421912667,0.12156967938147227,-0.05939398050348133,-0.556832141073411,-0.7357781006802927,1.0,-0.7864896970404908,0.07215735382190311,-0.678985270901601,0.1265334701515955,-0.0067319349846399305,0.038979340058816626,-0.7864896970404908,0.026049981231721243,1.0,-0.3028251421912667,-0.7357781006802928,-0.5943027458675336,0.8914044860348181,-0.5943027458675302,0.1315002005306479,-0.5943027458675304,0.04348292891017137,-0.0062047205964423785,-0.5977417441726217,-0.19553696586678382
conditional_role,-0.2529038735475505,-0.25290387354755434,-0.2642027182082079,-0.26420271820820795,-0.055978285160273054,-0.05597828516027275,0.3945058804392115,0.3945058804392115,0.39450588043920626,-0.3028251421912667,1.0,0.5720318947047087,0.40554649601178433,0.27001022875645,0.7198090488022626,-0.3028251421912667,0.7212672715276105,-0.2068156575908075,0.7578044980569825,-0.2630943234328826,0.0014746801625312546,0.3945058804392115,0.7212672715276105,-0.20061254088278335,-0.3028251421912667,1.0,0.7198090488022626,0.3474396203574943,-0.3258015244479288,0.3474396203574913,-0.23154397873156368,0.3474396203574921,-0.1702197923618812,0.009399506603631655,0.3494501179933165,0.114314277796985
raw_score,-0.16630901425085817,-0.16630901425085867,-0.19438389955941499,-0.19438389955941326,0.13776820906429288,0.1377682090642935,0.505171342268796,0.505171342268796,0.5051713422687987,-0.7357781006802928,0.7198090488022626,0.4669577876170983,0.5894481312170822,0.4871742296537268,1.0,-0.7357781006802928,0.9900686967555372,-0.1191759354344803,0.9738116574937158,-0.1845166121121001,-0.0005445145473014563,0.505171342268796,0.9900686967555372,-0.1020214291915874,-0.7357781006802928,0.7198090488022626,1.0,0.7566676090374411,-0.7064330144216141,0.7509993217452514,-0.3134036606083998,0.754350905847081,-0.16133605202309811,0.005204060902168176,0.7555485520101294,0.2811871188265854
active_M1,-0.12289834492418021,-0.12289834492417975,-0.14339080628067594,-0.14339080628067838,-0.03711643790306379,-0.03711643790306265,0.6539819288906944,0.6539819288906944,0.6539819288906974,-0.5943027458675336,0.3474396203574943,0.19874654432858418,0.6909300373607821,0.523436114196932,0.7566676090374411,-0.5943027458675336,0.7399281103242559,-0.09286733445688847,0.6488236474400361,-0.1362116410804348,0.00027424317259358967,0.6539819288906944,0.7399281103242559,-0.07948646402532202,-0.5943027458675336,0.3474396203574943,0.7566676090374411,1.0,-0.6012828091153679,0.966732737188924,-0.40947407207077974,0.9677070921666588,-0.2553867920211693,-0.0003841749923646556,0.9665786616572303,0.32901911900364245
active_M2_intervention,0.14373805508212026,0.14373805508212262,0.15996837156493746,0.1599683715649375,-0.15192999383105477,-0.151929993831053,-0.08265147438038256,-0.08265147438038256,-0.08265147438038122,0.8914044860348181,-0.3258015244479288,0.04482519323958867,-0.13976926387750596,-0.6156967195212546,-0.7064330144216141,0.8914044860348181,-0.7526912831983428,0.1053026264069935,-0.6450746794241591,0.15499663605684558,-0.004793517582226014,-0.08265147438038256,-0.7526912831983428,0.09911119885654014,0.8914044860348181,-0.3258015244479288,-0.7064330144216141,-0.6012828091153679,1.0,-0.5765063539673708,0.1743037531578254,-0.5735832890341857,0.09050922507303427,-0.0056735305857568506,-0.5660072117613243,-0.10042979173890663
active_M3,-0.15877141469508388,-0.15877141469508674,-0.1773205620946081,-0.17732056209460906,-0.07145991708553026,-0.07145991708553044,0.6539819288906911,0.6539819288906911,0.6539819288906966,-0.5943027458675302,0.3474396203574913,0.19874654432858221,0.6794293055646828,0.5324359024236999,0.7509993217452514,-0.5943027458675302,0.740079113072403,-0.11261248806032728,0.6452941746325521,-0.1715538104661849,-0.0001836152089682114,0.6539819288906911,0.740079113072403,-0.11223312409437448,-0.5943027458675302,0.3474396203574913,0.7509993217452514,0.966732737188924,-0.5765063539673708,1.0,-0.43494649506000665,0.9667327371889265,-0.28085921501040245,-0.0003841749923647259,0.967969014440882,0.3271140858127749
active_M4_compression,0.2776005016736374,0.2776005016736414,0.30608958106454176,0.30608958106453993,0.48421470215544576,0.48421470215544443,-0.4875671874272189,-0.4875671874272189,-0.48756718742722,0.1315002005306479,-0.23154397873156368,-0.1930980070271999,-0.3622290257743107,-0.34719400149087415,-0.3134036606083998,0.1315002005306479,-0.3399012722322708,0.1804059785589792,-0.2687965134886223,0.29775209829998744,-0.0017570952205828954,-0.4875671874272189,-0.3399012722322708,0.20711471824563119,0.1315002005306479,-0.23154397873156368,-0.3134036606083998,-0.40947407207077974,0.1743037531578254,-0.43494649506000665,1.0,-0.4094740720707824,0.8459127199503894,-0.0001057878558704771,-0.40208461856886385,0.22043222712387284
active_M5,-0.1554420694938071,-0.15544206949380882,-0.17331397839780566,-0.1733139783978051,-0.03711643790306504,-0.03711643790306461,0.6539819288906946,0.6539819288906946,0.6539819288907008,-0.5943027458675304,0.3474396203574921,0.19874654432858402,0.6909300373607791,0.5247011446705772,0.754350905847081,-0.5943027458675304,0.739928110324249,-0.11121389422136103,0.6488236474400424,-0.1677957564206885,-0.0013297130177721385,0.6539819288906946,0.739928110324249,-0.10882715100282987,-0.5943027458675304,0.3474396203574921,0.754350905847081,0.9677070921666588,-0.5735832890341857,0.9667327371889265,-0.4094740720707824,1.0,-0.25566517915766523,-0.0033072399255551985,0.9942466820518872,0.32901911900364134
active_M6_frequency_control,0.2775505198440916,0.2775505198440937,0.3068574799806975,0.306857479980696,0.509648994269661,0.5096489942696524,-0.3401420742239785,-0.3401420742239785,-0.3401420742239802,0.04348292891017137,-0.1702197923618812,-0.122153030411335,-0.1951556333222871,-0.2801744941837435,-0.16133605202309811,0.04348292891017137,-0.20071983478185873,0.1795651645315401,-0.13666916145651725,0.29815719319537237,-0.00214620046655953,-0.3401420742239785,-0.20071983478185873,0.20749023898339752,0.04348292891017137,-0.1702197923618812,-0.16133605202309811,-0.2553867920211693,0.09050922507303427,-0.28085921501040245,0.8459127199503894,-0.25566517915766523,1.0,-0.0020544978113309644,-0.2484506359754259,0.23648893544694682
active_M7_random_matched,-0.006746126601015719,-0.006746126601015849,-0.005663158545189104,-0.005663158545189125,-0.001910779326896814,-0.0019107793268968879,-0.0060530544095302565,-0.0060530544095302565,-0.006053054409530252,-0.0062047205964423785,0.009399506603631655,0.005031774738649786,-0.007149946597038632,0.0034363020746946723,0.005204060902168176,-0.0062047205964423785,0.006729442359783447,-0.008597554067958368,0.007624833409120786,-0.0062463793974713985,0.7566676090374364,-0.0060530544095302565,0.006729442359783447,-0.006945871375128334,-0.0062047205964423785,0.009399506603631655,0.005204060902168176,-0.0003841749923646556,-0.0056735305857568506,-0.0003841749923647259,-0.0001057878558704771,-0.0033072399255551985,-0.0020544978113309644,1.0,-0.0041656518879339965,-0.007899608182211231
functional_core_membership,-0.15260501688687533,-0.152605016886876,-0.16998628247297973,-0.1699862824729787,-0.035236152435939784,-0.03523615243593945,0.6468602777232397,0.6468602777232397,0.6468602777232383,-0.5977417441726217,0.3494501179933165,0.19989661310050194,0.6839003403357868,0.5213544021182762,0.7555485520101294,-0.5977417441726217,0.7415666062092162,-0.10988869539430611,0.6512782708253844,-0.16464157188194758,-0.0013786278806978698,0.6468602777232397,0.7415666062092162,-0.10615244780272576,-0.5977417441726217,0.3494501179933165,0.7555485520101294,0.9665786616572303,-0.5660072117613243,0.967969014440882,-0.40208461856886385,0.9942466820518872,-0.2484506359754259,-0.0041656518879339965,1.0,0.3271261674010041
strict_core_membership,-0.00982221431482945,-0.009822214314829181,-0.014596876667596714,-0.014596876667596292,0.27526151516273806,0.2752615151627381,0.22389046325020076,0.22389046325020076,0.22389046325020068,-0.19553696586678382,0.114314277796985,0.06539141292000891,0.3329726809675972,0.06195244809328603,0.2811871188265854,-0.19553696586678382,0.245599367954732,-0.023035320378468047,0.23685182448525835,-0.012634570674253429,-0.006153973802130034,0.22389046325020076,0.245599367954732,0.0033746861912939074,-0.19553696586678382,0.114314277796985,0.2811871188265854,0.32901911900364245,-0.10042979173890663,0.3271140858127749,0.22043222712387284,0.32901911900364134,0.23648893544694682,-0.007899608182211231,0.3271261674010041,1.0
