world,policy,delay,t_irrev,containment_C,containment_duration,concentration_threshold,escrow_rate,adversarial_strength,catastrophe_severity,migration_speed,migration_cost,scavenger_enabled,R,n,permanence_probability,permanence_wilson_lo,permanence_wilson_hi,capture_probability,strict_zero_capture_probability,collapse_probability,fraction_irreversible_zones,irreversible_zone_failures_mean,adversarial_share,mean_welfare,non_adv_diversity,containment_cost_share,false_containment_rate,containment_events,extraction_volume,extraction_cap_active_steps,outgoing_influence_volume,influence_throttle_active_steps,aid_intercepted,aid_escrowed,resource_hhi,max_zone_resource_share,migration_follow_events,replication_throttle_active_steps,capture_pressure_before,capture_pressure_after,collateral_welfare_loss,viable,action_viable
T1_proxy_trap,feature_proxy,2,7,0.45,4,0.24,0.55,0.7,0.55,0.22,0.08,0,3.5,25,0.0,0.0,0.13319649395317873,1.0,0.0,1.0,0.7777777777777777,7.0,0.7814107966707153,0.18421649111298324,0.6111528188234366,0.0,0.0,0.0,62.7162359426299,0.0,0.0,0.0,62.7162359426299,0.0,0.19897382568160046,0.24881250969654278,0.0,0.0,2.3121099209222558,2.31613034970333,0.0,0,0
T2_sag_ambiguity_trap,always_cut_sagging,2,7,0.45,4,0.24,0.55,0.7,0.55,0.22,0.08,0,3.5,25,0.0,0.0,0.13319649395317873,1.0,0.0,1.0,0.4444444444444444,4.0,0.08062539052750144,0.562775275969567,0.45974345876110106,0.0,0.0,0.0,65.52896967578938,0.0,0.0,0.0,65.52896967578938,0.0,0.19585819983741537,0.197904376236472,0.0,0.0,2.2713468241799077,2.2728357162072883,0.0,0,0
T2_sag_ambiguity_trap,always_aid_sagging,2,7,0.45,4,0.24,0.55,0.7,0.55,0.22,0.08,0,3.5,25,0.0,0.0,0.13319649395317873,1.0,0.0,0.0,0.2222222222222222,2.0,0.6413681183889257,0.5413992225493168,0.571127535229064,0.0,0.0,0.0,67.96724602359275,0.0,0.0,0.0,67.96724602359275,0.0,0.27632107428931596,0.3125158990259158,0.0,0.0,2.0746435003289645,2.076509682181809,0.0,0,0
T3_monoculture_trap,monoculture_optimizer,2,7,0.45,4,0.24,0.55,0.7,0.55,0.22,0.08,0,3.5,25,0.0,0.0,0.13319649395317873,0.0,1.0,1.0,0.5555555555555556,5.0,0.027726737462639567,0.4983588566920353,0.5561959811944264,0.0,0.0,0.0,56.01572935446059,0.0,0.0,0.0,56.01572935446059,0.0,0.22476217000754933,0.24646640751296897,0.0,0.0,0.593128112558773,0.5921981247694372,0.0,0,0
PURE_CAPTURE,no_enforcement,2,7,0.45,4,0.24,0.55,0.7,0.55,0.22,0.08,0,3.5,25,0.0,0.0,0.13319649395317873,1.0,0.0,1.0,1.0,9.0,0.7916376554454206,0.0009375305978094171,0.6390276615391355,0.0,0.0,0.0,47.02274178953771,0.0,0.0,0.0,47.02274178953771,0.0,0.1111347212697153,0.11340092707332772,0.0,0.0,2.561329343277701,2.565625598927743,0.0,0,0
PURE_CAPTURE,neighbor_penalty,2,7,0.45,4,0.24,0.55,0.7,0.55,0.22,0.08,0,3.5,25,0.0,0.0,0.13319649395317873,1.0,0.0,0.08,0.33333333333333326,3.0,0.7237908697988727,0.549803802672161,0.5718054160726138,0.0,0.0,0.0,69.64010774447291,0.0,0.0,0.0,69.64010774447291,0.0,0.1111111111111111,0.0,0.0,0.0,1.782078899514309,1.7859531601993017,0.0,0,0
PURE_CAPTURE,neighbor_quarantine,2,7,0.45,4,0.24,0.55,0.7,0.55,0.22,0.08,0,3.5,25,0.0,0.0,0.13319649395317873,1.0,0.0,0.04,0.33333333333333326,3.0,0.6870433583074425,0.612758597823468,0.5569731620250394,0.0,0.0,0.0,70.12727282639672,0.0,0.0,0.0,70.12727282639672,0.0,0.1111111111111111,0.0,0.0,0.0,1.7801677219831782,1.7834649717551394,0.0,0,0
PURE_CAPTURE,action_containment_extraction_cap,2,7,0.25,4,0.24,0.55,0.7,0.55,0.22,0.08,0,3.5,25,0.0,0.0,0.13319649395317873,1.0,0.0,0.0,0.33333333333333326,3.0,0.7197667611602592,0.6432686200251009,0.565251681409378,0.04888828447288449,0.0,63.4,63.77732005539942,103.08,0.0,0.0,63.77732005539942,0.0,0.1692952977345988,0.24302358082683656,0.0,0.0,1.767244667683541,1.7712161947772058,0.0,0,0
PURE_CAPTURE,action_containment_extraction_cap,2,7,0.45,4,0.24,0.55,0.7,0.55,0.22,0.08,0,3.5,25,0.0,0.0,0.13319649395317873,1.0,0.0,0.0,0.33333333333333326,3.0,0.7206348976987264,0.6432317149426124,0.5657716497852348,0.07363209037754989,0.0,67.0,62.15687333049678,110.28,0.0,0.0,62.15687333049678,0.0,0.16924060819643447,0.24310604948246822,0.0,0.0,1.7663619170281317,1.7703627530214328,0.0,0,0
PURE_CAPTURE,action_containment_extraction_cap,2,7,0.7,4,0.24,0.55,0.7,0.55,0.22,0.08,0,3.5,25,0.0,0.0,0.13319649395317873,1.0,0.0,0.0,0.33333333333333326,3.0,0.7227997306483802,0.6432179774878881,0.5674292773557117,0.10884720242106605,0.0,75.52,60.51366147719962,116.0,0.0,0.0,60.51366147719962,0.0,0.16907366649263433,0.24287885885129742,0.0,0.0,1.766204378516671,1.7702398475761325,0.0,0,0
PURE_CAPTURE,action_containment_influence_throttle,2,7,0.25,4,0.24,0.55,0.7,0.55,0.22,0.08,0,3.5,25,0.0,0.0,0.13319649395317873,1.0,0.0,0.0,0.33333333333333326,3.0,0.7188195022598195,0.643421817846344,0.5646454455960151,0.03839339815823932,0.0,59.08,65.5946878990593,0.0,1.1564062085418234,90.8,65.5946878990593,0.0,0.16970113082443616,0.24484037699590303,0.0,0.0,1.767954068309174,1.7718982670012784,0.0,0,0
PURE_CAPTURE,action_containment_influence_throttle,2,7,0.45,4,0.24,0.55,0.7,0.55,0.22,0.08,0,3.5,25,0.0,0.0,0.13319649395317873,1.0,0.0,0.0,0.33333333333333326,3.0,0.7188771791014669,0.6434203205800932,0.5646583042746558,0.04992831655223709,0.0,58.84,65.5840425233789,0.0,1.1088341166922169,90.2,65.5840425233789,0.0,0.16972110050060274,0.2448671595444757,0.0,0.0,1.7680238026078416,1.7719672516561529,0.0,0,0
PURE_CAPTURE,action_containment_influence_throttle,2,7,0.7,4,0.24,0.55,0.7,0.55,0.22,0.08,0,3.5,25,0.0,0.0,0.13319649395317873,1.0,0.0,0.0,0.33333333333333326,3.0,0.7188996225019963,0.6431007224807174,0.5646522697085139,0.06398878238828952,0.0,58.64,65.57683142886343,0.0,1.107754465246318,90.04,65.57683142886343,0.0,0.16902925534001928,0.2427268270432502,0.0,0.0,1.7680366548559656,1.7719799066814559,0.0,0,0
PURE_CAPTURE,action_containment_anti_concentration,2,7,0.25,4,0.24,0.55,0.7,0.55,0.22,0.08,0,3.5,25,0.0,0.0,0.13319649395317873,1.0,0.0,0.0,0.33333333333333326,3.0,0.6941200812914485,0.6589736456338587,0.5515336696201186,0.03599009294487642,0.0,57.04,66.43080244859729,0.0,0.0,0.0,66.43080244859729,0.0,0.1447917151090074,0.22474123238779856,0.0,0.0,1.7553458504770736,1.7593542665594917,0.0,0,0
PURE_CAPTURE,action_containment_anti_concentration,2,7,0.45,4,0.24,0.55,0.7,0.55,0.22,0.08,0,3.5,50,0.0,0.0,0.07135003417431873,1.0,0.0,0.0,0.33333333333333326,3.0,0.6941200812914485,0.6589736456338587,0.5515336696201186,0.04741734258354605,0.0,57.04,66.43080244859729,0.0,0.0,0.0,66.43080244859729,0.0,0.1447917151090074,0.22474123238779856,0.0,0.0,1.7553458504770736,1.7593542665594917,0.0,0,0
PURE_CAPTURE,action_containment_anti_concentration,2,7,0.7,4,0.24,0.55,0.7,0.55,0.22,0.08,0,3.5,25,0.0,0.0,0.13319649395317873,1.0,0.0,0.0,0.33333333333333326,3.0,0.6941200812914485,0.6589736456338587,0.5515336696201186,0.06132561651008468,0.0,57.04,66.43080244859729,0.0,0.0,0.0,66.43080244859729,0.0,0.1447917151090074,0.22474123238779856,0.0,0.0,1.7553458504770736,1.7593542665594917,0.0,0,0
PURE_CAPTURE,action_containment_migration_friction,2,7,0.25,4,0.24,0.55,0.7,0.55,0.22,0.08,0,3.5,25,0.0,0.0,0.13319649395317873,1.0,0.0,0.0,0.33333333333333326,3.0,0.7174070700817491,0.6434084560464154,0.5638631563486673,0.18660628055619755,0.0,59.72,65.64596402930479,0.0,0.0,0.0,65.64596402930479,0.0,0.16988909558430493,0.24505374727017926,92.52,0.0,1.76887142638172,1.7727507224907095,0.0,0,0
PURE_CAPTURE,action_containment_migration_friction,2,7,0.45,4,0.24,0.55,0.7,0.55,0.22,0.08,0,3.5,50,0.0,0.0,0.07135003417431873,1.0,0.0,0.0,0.33333333333333326,3.0,0.7164482038158788,0.6434710670365752,0.5632858290797071,0.2819928452736638,0.0,59.68,65.66738443984447,0.0,0.0,0.0,65.66738443984447,0.0,0.16981093425597998,0.24505006218368192,92.64,0.0,1.7697597943046661,1.7735849952705849,0.0,0,0
PURE_CAPTURE,action_containment_migration_friction,2,7,0.7,4,0.24,0.55,0.7,0.55,0.22,0.08,0,3.5,25,0.0,0.0,0.13319649395317873,1.0,0.0,0.0,0.33333333333333326,3.0,0.7152220685012041,0.643199437091593,0.5625031342565748,0.3740159254765845,0.0,59.76,65.69652109811676,0.0,0.0,0.0,65.69652109811676,0.0,0.16901702832163565,0.24281170300931967,92.64,0.0,1.7708704649953881,1.774626929844251,0.0,0,0
PURE_CAPTURE,action_containment_aid_escrow,2,7,0.25,4,0.24,0.55,0.7,0.55,0.22,0.08,0,3.5,25,0.0,0.0,0.13319649395317873,1.0,0.0,0.0,0.33333333333333326,3.0,0.6721732606420625,0.6580786187382245,0.5478660221861003,0.09004041783569647,0.0,113.0,67.60101296068493,0.0,0.0,0.0,67.60101296068493,11.490591088993044,0.17647631716956205,0.28123245403498254,0.0,0.0,1.757312733465747,1.761247314905522,0.0,0,0
PURE_CAPTURE,action_containment_aid_escrow,2,7,0.45,4,0.24,0.55,0.7,0.55,0.22,0.08,0,3.5,25,0.0,0.0,0.13319649395317873,1.0,0.0,0.0,0.33333333333333326,3.0,0.6560911476173693,0.671213564004518,0.5455962291483032,0.11757954422020493,0.0,106.84,67.26139368817886,0.0,0.0,0.0,67.26139368817886,18.37907845042129,0.17022705513913586,0.26922482218122173,0.0,0.0,1.755661253967169,1.7595915596124367,0.0,0,0
PURE_CAPTURE,action_containment_aid_escrow,2,7,0.7,4,0.24,0.55,0.7,0.55,0.22,0.08,0,3.5,25,0.0,0.0,0.13319649395317873,1.0,0.0,0.0,0.33333333333333326,3.0,0.6519283961521367,0.6878764729809526,0.5450136616481965,0.13826785324825633,0.0,106.44,67.4120176695898,0.0,0.0,0.0,67.4120176695898,17.77040967535554,0.15301720264590354,0.23329899712126165,0.0,0.0,1.75484194110889,1.7587793217469412,0.0,0,0
PURE_CAPTURE,action_containment_replication_throttle,2,7,0.25,4,0.24,0.55,0.7,0.55,0.22,0.08,0,3.5,25,0.0,0.0,0.13319649395317873,1.0,0.0,0.0,0.33333333333333326,3.0,0.7227651086377475,0.6434893278960869,0.5675932827435397,0.24345876068518846,0.0,59.92,65.72694270069701,0.0,0.0,0.0,65.72694270069701,0.0,0.16996913613106446,0.2451471337025973,0.0,92.84,1.7697696056329073,1.773734780429824,0.0,0,0
PURE_CAPTURE,action_containment_replication_throttle,2,7,0.45,4,0.24,0.55,0.7,0.55,0.22,0.08,0,3.5,25,0.0,0.0,0.13319649395317873,1.0,0.0,0.0,0.33333333333333326,3.0,0.7260731713511447,0.6431492721781943,0.570031932295748,0.35713230007050206,0.0,59.96,65.81387125332888,0.0,0.0,0.0,65.81387125332888,0.0,0.16920356307218026,0.24287193178508446,0.0,93.04,1.7713711106300694,1.7753529745709937,0.0,0,0
PURE_CAPTURE,action_containment_replication_throttle,2,7,0.7,4,0.24,0.55,0.7,0.55,0.22,0.08,0,3.5,25,0.0,0.0,0.13319649395317873,1.0,0.0,0.0,0.33333333333333326,3.0,0.7301512882304623,0.6431733258526927,0.5730576010114312,0.45627726528077805,0.0,59.96,65.92779387116377,0.0,0.0,0.0,65.92779387116377,0.0,0.1689833640296486,0.24277385323251807,0.0,93.0,1.7733805777356844,1.7773837284252607,0.0,0,0
PURE_CAPTURE,combined_action_containment,2,7,0.25,4,0.24,0.55,0.7,0.55,0.22,0.08,0,3.5,25,0.0,0.0,0.13319649395317873,1.0,0.0,0.0,0.33333333333333326,3.0,0.7219749392459534,0.6454129731468546,0.5670929812355474,0.31781280016885877,0.0,57.28,64.30398900088832,87.6,0.8810809578084579,87.6,64.30398900088832,0.9819213242421386,0.16742480823484807,0.23585734713788742,87.6,87.6,1.7703735853266949,1.7742867038886547,0.0,0,0
PURE_CAPTURE,combined_action_containment,2,7,0.45,4,0.24,0.55,0.7,0.55,0.22,0.08,0,3.5,50,0.0,0.0,0.07135003417431873,1.0,0.0,0.0,0.33333333333333326,3.0,0.724577134382651,0.6452771424141326,0.5691483131709968,0.4729466483635701,0.0,56.84,62.968384010558175,94.84,1.575753444768502,94.84,62.968384010558175,2.6425548047629066,0.16732687244796124,0.23592481216568054,94.84,94.84,1.771395845233414,1.7753064525136526,0.0,0,0
PURE_CAPTURE,combined_action_containment,2,7,0.7,4,0.24,0.55,0.7,0.55,0.22,0.08,0,3.5,25,0.0,0.0,0.13319649395317873,1.0,0.0,0.0,0.33333333333333326,3.0,0.7278291809028198,0.6456159954701025,0.5720771111302908,0.6163501489595508,0.0,57.84,61.070466793180415,109.64,2.572819601444346,109.64,61.070466793180415,4.904153861304144,0.16708649834775235,0.23576718026361743,109.64,109.64,1.7724961999573228,1.7764124782490591,0.0,0,0
PURE_CAPTURE,combined_action_containment_plus_diversity,2,7,0.25,4,0.24,0.55,0.7,0.55,0.22,0.08,0,3.5,25,0.0,0.0,0.13319649395317873,1.0,0.0,0.0,0.33333333333333326,3.0,0.7125768004315344,0.6457718573662622,0.6643817800665972,0.3178144342242698,0.0,57.28,64.19598006301301,87.6,0.8811268988495261,87.6,64.19598006301301,0.9820073360416379,0.16728641129970273,0.2354693204217235,87.6,87.6,1.7680744838422853,1.7719408971583261,0.0,0,0
PURE_CAPTURE,combined_action_containment_plus_diversity,2,7,0.45,4,0.24,0.55,0.7,0.55,0.22,0.08,0,3.5,25,0.0,0.0,0.13319649395317873,1.0,0.0,0.0,0.33333333333333326,3.0,0.715169739639544,0.6454578962316784,0.6667895441230286,0.47294677060849016,0.0,56.84,62.86546073844227,94.84,1.5757499847901235,94.84,62.86546073844227,2.6425717168180514,0.16676437767524166,0.2353307251864374,94.84,94.84,1.769236499220306,1.773098994046545,0.0,0,0
PURE_CAPTURE,combined_action_containment_plus_diversity,2,7,0.7,4,0.24,0.55,0.7,0.55,0.22,0.08,0,3.5,25,0.0,0.0,0.13319649395317873,1.0,0.0,0.0,0.33333333333333326,3.0,0.7188520995442641,0.6461090550820626,0.6654574302068906,0.6163511333149648,0.0,57.84,60.97804985965957,109.64,2.5728179883943185,109.64,60.97804985965957,4.90417562716172,0.16656551836672587,0.2360882581317909,109.64,109.64,1.7705422736636904,1.7744114220671918,0.0,0,0
PURE_CAPTURE,combined_action_containment_plus_response_to_aid,2,7,0.25,4,0.24,0.55,0.7,0.55,0.22,0.08,0,3.5,25,0.0,0.0,0.13319649395317873,1.0,0.0,0.0,0.33333333333333326,3.0,0.7063900984530197,0.6578767881542746,0.5581844957929343,0.32403986278518665,0.0,56.28,65.79690180625998,88.0,0.40299845684857155,88.0,65.79690180625998,0.4134805025136328,0.15542752136907545,0.23989830952833016,88.0,88.0,1.764355798833204,1.7682654739435264,0.0,0,0
PURE_CAPTURE,combined_action_containment_plus_response_to_aid,2,7,0.45,4,0.24,0.55,0.7,0.55,0.22,0.08,0,3.5,25,0.0,0.0,0.13319649395317873,1.0,0.0,0.0,0.33333333333333326,3.0,0.7082670633788293,0.6584445252404235,0.5608455885636731,0.46051801776096274,0.0,56.24,64.69341321365509,89.52,0.5912292667963506,89.52,64.69341321365509,0.9010745850874784,0.15323403073810465,0.23830650004391082,89.52,89.52,1.767174101288846,1.7710500995384777,0.0,0,0
PURE_CAPTURE,combined_action_containment_plus_response_to_aid,2,7,0.7,4,0.24,0.55,0.7,0.55,0.22,0.08,0,3.5,25,0.0,0.0,0.13319649395317873,1.0,0.0,0.0,0.33333333333333326,3.0,0.7093747585971645,0.6589489037516971,0.5642389418431807,0.586422043292012,0.0,60.08,63.15346105294396,97.04,1.1319023741214065,97.04,63.15346105294396,2.0078090933801223,0.15239971338683297,0.23841567730547875,97.04,97.04,1.7694820658532928,1.773339511268905,0.0,0,0
PURE_CAPTURE,response_to_neighbor_aid,2,7,0.45,4,0.24,0.55,0.7,0.55,0.22,0.08,0,3.5,25,0.0,0.0,0.13319649395317873,1.0,0.0,0.0,0.33333333333333326,3.0,0.6295102405685885,0.6571238240931947,0.5406411235224811,0.0,0.0,0.0,71.57081657307677,0.0,0.0,0.0,71.57081657307677,0.0,0.1937128211687641,0.3000032104097098,0.0,0.0,1.7477285576980288,1.7516543568587446,0.0,0,0
PURE_CAPTURE,diversity_non_adversarial_only,2,7,0.45,4,0.24,0.55,0.7,0.55,0.22,0.08,0,3.5,25,0.0,0.0,0.13319649395317873,1.0,0.0,0.0,0.33333333333333326,3.0,0.7123867896591376,0.6277958596949194,0.6330298600714209,0.0,0.0,0.0,65.47718240345799,0.0,0.0,0.0,65.47718240345799,0.0,0.17295288966608413,0.2540234177680701,0.0,0.0,1.7658370707456676,1.7697767108466869,0.0,0,0
PURE_CATASTROPHE,no_enforcement,2,7,0.45,4,0.24,0.55,0.7,0.55,0.22,0.08,0,3.5,25,1.0,0.8668035060468213,1.0,0.0,1.0,0.0,0.0,0.0,0.026101637398271024,1.0,0.4394804812148338,0.0,0.0,0.0,65.92841687597947,0.0,0.0,0.0,65.92841687597947,0.0,0.11111111111111112,0.11111111111111112,0.0,0.0,1.7476369381657129,1.7461104693319849,0.0,0,0
PURE_CATASTROPHE,neighbor_penalty,2,7,0.45,4,0.24,0.55,0.7,0.55,0.22,0.08,0,3.5,25,1.0,0.8668035060468213,1.0,0.0,1.0,0.0,0.0,0.0,0.026107347523473073,1.0,0.4397157532157979,0.0,0.0,0.0,65.90760277408442,0.0,0.0,0.0,65.90760277408442,0.0,0.1111111111111111,0.0,0.0,0.0,1.7477296887472464,1.7462037375193362,0.0,0,0
PURE_CATASTROPHE,neighbor_quarantine,2,7,0.45,4,0.24,0.55,0.7,0.55,0.22,0.08,0,3.5,25,1.0,0.8668035060468213,1.0,0.0,1.0,0.0,0.0,0.0,0.026107539949877457,1.0,0.4397304636003155,0.0,0.0,0.0,65.90700532602277,0.0,0.0,0.0,65.90700532602277,0.0,0.1111111111111111,0.0,0.0,0.0,1.7477338888297502,1.74620798759444,0.0,0,0
PURE_CATASTROPHE,action_containment_extraction_cap,2,7,0.25,4,0.24,0.55,0.7,0.55,0.22,0.08,0,3.5,25,1.0,0.8668035060468213,1.0,0.0,1.0,0.0,0.0,0.0,0.023325139015193886,1.0,0.4237523669152597,0.014698651560736378,0.08888888888888889,14.0,65.05622308813466,56.0,0.0,0.0,65.05622308813466,0.0,0.13481988742680423,0.16497012258662472,0.0,0.0,1.744852306975062,1.7433059513885787,18.300317236566112,0,0
PURE_CATASTROPHE,action_containment_extraction_cap,2,7,0.45,4,0.24,0.55,0.7,0.55,0.22,0.08,0,3.5,25,1.0,0.8668035060468213,1.0,0.0,1.0,0.0,0.0,0.0,0.023479540984372566,1.0,0.42444809474589257,0.022076612103609762,0.08888888888888889,14.0,64.24844402479069,56.0,0.0,0.0,64.24844402479069,0.0,0.1348214746942031,0.16498030813985853,0.0,0.0,1.745316572568337,1.7437757998133434,18.278050456075956,0,0
PURE_CATASTROPHE,action_containment_extraction_cap,2,7,0.7,4,0.24,0.55,0.7,0.55,0.22,0.08,0,3.5,25,1.0,0.8668035060468213,1.0,0.0,1.0,0.0,0.0,0.0,0.023683998363379696,1.0,0.4253671452890543,0.031138452916106677,0.08888888888888889,14.0,63.46891571543651,56.0,0.0,0.0,63.46891571543651,0.0,0.13482353698053193,0.16499386351760978,0.0,0.0,1.745933841741015,1.744400510497824,18.248988420094474,0,0
PURE_CATASTROPHE,action_containment_influence_throttle,2,7,0.25,4,0.24,0.55,0.7,0.55,0.22,0.08,0,3.5,25,1.0,0.8668035060468213,1.0,0.0,1.0,0.0,0.0,0.0,0.023143341760634564,1.0,0.42293161781082333,0.009080426635918133,0.08888888888888889,14.0,66.29454468404272,0.0,0.0,56.0,66.29454468404272,0.0,0.1348179971736352,0.16495819351514393,0.0,0.0,1.744308331506465,1.742755451367144,18.326829744766457,0,0
PURE_CATASTROPHE,action_containment_influence_throttle,2,7,0.45,4,0.24,0.55,0.7,0.55,0.22,0.08,0,3.5,25,1.0,0.8668035060468213,1.0,0.0,1.0,0.0,0.0,0.0,0.023143341760634564,1.0,0.42293161781082333,0.01207069981319155,0.08888888888888889,14.0,66.29454468404272,0.0,0.0,56.0,66.29454468404272,0.0,0.1348179971736352,0.16495819351514393,0.0,0.0,1.744308331506465,1.742755451367144,18.326829744766457,0,0
PURE_CATASTROPHE,action_containment_influence_throttle,2,7,0.7,4,0.24,0.55,0.7,0.55,0.22,0.08,0,3.5,25,1.0,0.8668035060468213,1.0,0.0,1.0,0.0,0.0,0.0,0.023143341760634564,1.0,0.42293161781082333,0.015783257578468914,0.08888888888888889,14.0,66.29454468404272,0.0,0.0,56.0,66.29454468404272,0.0,0.1348179971736352,0.16495819351514393,0.0,0.0,1.744308331506465,1.742755451367144,18.326829744766457,0,0
PURE_CATASTROPHE,action_containment_anti_concentration,2,7,0.25,4,0.24,0.55,0.7,0.55,0.22,0.08,0,3.5,25,1.0,0.8668035060468213,1.0,0.0,1.0,0.0,0.0,0.0,0.024150323226382876,1.0,0.4278652348172589,0.006940481067521658,0.06355555555555555,10.68,66.31473030669635,0.0,0.0,0.0,66.31473030669635,0.0,0.1271995077051779,0.16949036230918776,0.0,0.0,1.7449795181293308,1.7434241193545452,13.435543533123358,0,0
PURE_CATASTROPHE,action_containment_anti_concentration,2,7,0.45,4,0.24,0.55,0.7,0.55,0.22,0.08,0,3.5,25,1.0,0.8668035060468213,1.0,0.0,1.0,0.0,0.0,0.0,0.024150323226382876,1.0,0.4278652348172589,0.00923194120666277,0.06355555555555555,10.68,66.31473030669635,0.0,0.0,0.0,66.31473030669635,0.0,0.1271995077051779,0.16949036230918776,0.0,0.0,1.7449795181293308,1.7434241193545452,13.435543533123358,0,0
PURE_CATASTROPHE,action_containment_anti_concentration,2,7,0.7,4,0.24,0.55,0.7,0.55,0.22,0.08,0,3.5,25,1.0,0.8668035060468213,1.0,0.0,1.0,0.0,0.0,0.0,0.024150323226382876,1.0,0.4278652348172589,0.012080971953200941,0.06355555555555555,10.68,66.31473030669635,0.0,0.0,0.0,66.31473030669635,0.0,0.1271995077051779,0.16949036230918776,0.0,0.0,1.7449795181293308,1.7434241193545452,13.435543533123358,0,0
PURE_CATASTROPHE,action_containment_migration_friction,2,7,0.25,4,0.24,0.55,0.7,0.55,0.22,0.08,0,3.5,25,1.0,0.8668035060468213,1.0,0.0,1.0,0.0,0.0,0.0,0.02313889612995399,1.0,0.42294829845543847,0.11703150737643835,0.08888888888888889,14.0,66.29548947092813,0.0,0.0,0.0,66.29548947092813,0.0,0.1348177264068123,0.1649583049315382,56.0,0.0,1.7442831270494494,1.7427300243708448,18.325807717481027,0,0
PURE_CATASTROPHE,action_containment_migration_friction,2,7,0.45,4,0.24,0.55,0.7,0.55,0.22,0.08,0,3.5,25,1.0,0.8668035060468213,1.0,0.0,1.0,0.0,0.0,0.0,0.0231353034911923,1.0,0.4229624004159847,0.18987560419194185,0.08888888888888889,14.0,66.2962372461634,0.0,0.0,0.0,66.2962372461634,0.0,0.1348175104148408,0.16495839903866663,56.0,0.0,1.7442626707613682,1.7427093902952329,18.32497198756146,0,0
PURE_CATASTROPHE,action_containment_migration_friction,2,7,0.7,4,0.24,0.55,0.7,0.55,0.22,0.08,0,3.5,25,1.0,0.8668035060468213,1.0,0.0,1.0,0.0,0.0,0.0,0.023130767365038243,1.0,0.42298098977272064,0.26566086619793144,0.08888888888888889,14.0,66.29716158457201,0.0,0.0,0.0,66.29716158457201,0.0,0.13481724123770744,0.16495852294474778,56.0,0.0,1.744236728438631,1.742683226069145,18.323904644709284,0,0
PURE_CATASTROPHE,action_containment_aid_escrow,2,7,0.25,4,0.24,0.55,0.7,0.55,0.22,0.08,0,3.5,25,1.0,0.8668035060468213,1.0,0.0,1.0,0.0,0.0,0.0,0.023245993029462852,1.0,0.42347884403435904,0.009028942865329148,0.08844444444444445,13.92,66.30361146862425,0.0,0.0,0.0,66.30361146862425,0.0,0.13458270666673944,0.16506111003239507,0.0,0.0,1.744378821304314,1.742825263711145,18.263831846870563,0,0
PURE_CATASTROPHE,action_containment_aid_escrow,2,7,0.45,4,0.24,0.55,0.7,0.55,0.22,0.08,0,3.5,25,1.0,0.8668035060468213,1.0,0.0,1.0,0.0,0.0,0.0,0.023245993029462852,1.0,0.42347884403435904,0.01200243925984627,0.08844444444444445,13.92,66.30361146862425,0.0,0.0,0.0,66.30361146862425,0.0,0.13458270666673944,0.16506111003239507,0.0,0.0,1.744378821304314,1.742825263711145,18.263831846870563,0,0
PURE_CATASTROPHE,action_containment_aid_escrow,2,7,0.7,4,0.24,0.55,0.7,0.55,0.22,0.08,0,3.5,25,1.0,0.8668035060468213,1.0,0.0,1.0,0.0,0.0,0.0,0.023245993029462852,1.0,0.42347884403435904,0.01569429042907146,0.08844444444444445,13.92,66.30361146862425,0.0,0.0,0.0,66.30361146862425,0.0,0.13458270666673944,0.16506111003239507,0.0,0.0,1.744378821304314,1.742825263711145,18.263831846870563,0,0
PURE_CATASTROPHE,action_containment_replication_throttle,2,7,0.25,4,0.24,0.55,0.7,0.55,0.22,0.08,0,3.5,25,1.0,0.8668035060468213,1.0,0.0,1.0,0.0,0.0,0.0,0.023429980786747007,1.0,0.42451765683215015,0.16129742807037836,0.08888888888888889,14.0,66.38368698244922,0.0,0.0,0.0,66.38368698244922,0.0,0.13482026236091177,0.16497703455183604,0.0,56.0,1.7451371138113796,1.743593948969939,18.293133353080478,0,0
PURE_CATASTROPHE,action_containment_replication_throttle,2,7,0.45,4,0.24,0.55,0.7,0.55,0.22,0.08,0,3.5,25,1.0,0.8668035060468213,1.0,0.0,1.0,0.0,0.0,0.0,0.023660258708802666,1.0,0.4257883502075827,0.25358741815859487,0.08888888888888889,14.0,66.45611305153665,0.0,0.0,0.0,66.45611305153665,0.0,0.13482207883144798,0.1649923346183572,0.0,56.0,1.7458091427255331,1.7442739089125374,18.266260360366953,0,0
PURE_CATASTROPHE,action_containment_replication_throttle,2,7,0.7,4,0.24,0.55,0.7,0.55,0.22,0.08,0,3.5,25,1.0,0.8668035060468213,1.0,0.0,1.0,0.0,0.0,0.0,0.023949265042138467,1.0,0.4273790279716784,0.34270036474247184,0.08888888888888889,14.0,66.54806065447762,0.0,0.0,0.0,66.54806065447762,0.0,0.13482435452546057,0.16501174882626185,0.0,56.0,1.7466606273662046,1.7451355106145852,18.23277404738723,0,0
PURE_CATASTROPHE,combined_action_containment,2,7,0.25,4,0.24,0.55,0.7,0.55,0.22,0.08,0,3.5,25,1.0,0.8668035060468213,1.0,0.0,1.0,0.0,0.0,0.0,0.0235949065075412,1.0,0.4252910342663217,0.24211555227389742,0.08888888888888889,14.0,65.10976988060463,56.0,0.0,56.0,65.10976988060463,0.0,0.13482096423982967,0.16498789583822585,56.0,56.0,1.7455914877624066,1.744053697665726,18.279619822719855,0,0
PURE_CATASTROPHE,combined_action_containment,2,7,0.45,4,0.24,0.55,0.7,0.55,0.22,0.08,0,3.5,50,1.0,0.9286499658256813,1.0,0.0,1.0,0.0,0.0,0.0,0.023900267233014052,1.0,0.42690822364856856,0.3615202664252358,0.08888888888888889,14.0,64.33258631974216,56.0,0.0,56.0,64.33258631974216,0.0,0.1348233606388805,0.165008605447389,56.0,56.0,1.7464809724771237,1.7449538754228382,18.241005305173893,0,0
PURE_CATASTROPHE,combined_action_containment,2,7,0.7,4,0.24,0.55,0.7,0.55,0.22,0.08,0,3.5,25,1.0,0.8668035060468213,1.0,0.0,1.0,0.0,0.0,0.0,0.02422017037931436,1.0,0.42864281302960017,0.4654330107703636,0.08888888888888889,14.0,63.5724319086283,56.0,0.0,56.0,63.5724319086283,0.0,0.1348256149438756,0.16503059765125155,56.0,56.0,1.7474109128945454,1.7458950681460457,18.202485247477,0,0
PURE_CATASTROPHE,combined_action_containment_plus_diversity,2,7,0.25,4,0.24,0.55,0.7,0.55,0.22,0.08,0,3.5,25,1.0,0.8668035060468213,1.0,0.0,1.0,0.0,0.0,0.0,0.022597259997061078,1.0,0.5322201551140806,0.2432522615881746,0.08888888888888889,14.0,64.90301287977996,56.0,0.0,56.0,64.90301287977996,0.0,0.13515936745696186,0.16630873339910596,56.0,56.0,1.7439798927832775,1.7424168759873593,18.279557340456503,1,0
PURE_CATASTROPHE,combined_action_containment_plus_diversity,2,7,0.45,4,0.24,0.55,0.7,0.55,0.22,0.08,0,3.5,25,1.0,0.8668035060468213,1.0,0.0,1.0,0.0,0.0,0.0,0.022906491917449548,1.0,0.5316859519451907,0.36296144235807565,0.08888888888888889,14.0,64.12877435343795,56.0,0.0,56.0,64.12877435343795,0.0,0.13480517051635568,0.16644701154530453,56.0,56.0,1.7448831592724678,1.7433309520313955,18.24091563391518,0,0
PURE_CATASTROPHE,combined_action_containment_plus_diversity,2,7,0.7,4,0.24,0.55,0.7,0.55,0.22,0.08,0,3.5,25,1.0,0.8668035060468213,1.0,0.0,1.0,0.0,0.0,0.0,0.02325508392831609,1.0,0.5292934899247366,0.4669915313828393,0.08888888888888889,14.0,63.37166892467607,56.0,0.0,56.0,63.37166892467607,0.0,0.1348399201603738,0.1654408884820576,56.0,56.0,1.7458260815935722,1.744285809996639,18.202759285802166,0,0
PURE_CATASTROPHE,combined_action_containment_plus_response_to_aid,2,7,0.25,4,0.24,0.55,0.7,0.55,0.22,0.08,0,3.5,25,1.0,0.8668035060468213,1.0,0.0,1.0,0.0,0.0,0.0,0.023704078116887052,1.0,0.42587484896516187,0.24107232127863246,0.08844444444444445,13.92,65.05103879655645,55.68,0.0,55.68,65.05103879655645,0.0,0.13458742169414184,0.16509308037196527,55.68,55.68,1.7457218408899973,1.7441843416130691,18.227444789926828,0,0
PURE_CATASTROPHE,combined_action_containment_plus_response_to_aid,2,7,0.45,4,0.24,0.55,0.7,0.55,0.22,0.08,0,3.5,25,1.0,0.8668035060468213,1.0,0.0,1.0,0.0,0.0,0.0,0.024010034060155176,1.0,0.4274598468963396,0.3601408817627123,0.08844444444444445,13.92,64.232910402623,55.68,0.0,55.68,64.232910402623,0.0,0.13459114464063618,0.16511436341249838,55.68,55.68,1.746638231108374,1.745111989844918,18.182005389452637,0,0
PURE_CATASTROPHE,combined_action_containment_plus_response_to_aid,2,7,0.7,4,0.24,0.55,0.7,0.55,0.22,0.08,0,3.5,25,1.0,0.8668035060468213,1.0,0.0,1.0,0.0,0.0,0.0,0.02433255552804521,1.0,0.4291736052770394,0.4638718853445849,0.08844444444444445,13.92,63.435869054248,55.68,0.0,55.68,63.435869054248,0.0,0.13459465865709966,0.16513692770297808,55.68,55.68,1.7475950481322484,1.7460805817167093,18.13797094230469,0,0
PURE_CATASTROPHE,response_to_neighbor_aid,2,7,0.45,4,0.24,0.55,0.7,0.55,0.22,0.08,0,3.5,25,1.0,0.8668035060468213,1.0,0.0,1.0,0.0,0.0,0.0,0.02326111597752675,1.0,0.4236872548092364,0.0,0.0,0.0,66.2904012875684,0.0,0.0,0.0,66.2904012875684,0.0,0.1367413319236334,0.16728625904860744,0.0,0.0,1.7446360231794948,1.7430846301211225,0.0,0,0
PURE_CATASTROPHE,diversity_non_adversarial_only,2,7,0.45,4,0.24,0.55,0.7,0.55,0.22,0.08,0,3.5,25,1.0,0.8668035060468213,1.0,0.0,1.0,0.0,0.0,0.0,0.02224054671807465,0.9995453640892754,0.5304777909345683,0.0,0.0,0.0,65.72841910598582,0.0,0.0,0.0,65.72841910598582,0.0,0.14253496958307102,0.1714056391925426,0.0,0.0,1.7431233771633976,1.7415669641875393,0.0,1,0
MIXED_CAPTURE_CATASTROPHE,no_enforcement,2,7,0.45,4,0.24,0.55,0.7,0.55,0.22,0.08,0,3.5,25,0.0,0.0,0.13319649395317873,1.0,0.0,0.0,0.2222222222222222,2.0,0.6297593797284502,0.7365520563366187,0.5614176804237494,0.0,0.0,0.0,63.7642370183082,0.0,0.0,0.0,63.7642370183082,0.0,0.25619302841177116,0.3445793292750905,0.0,0.0,2.064691997729746,2.0665295702430115,0.0,0,0
MIXED_CAPTURE_CATASTROPHE,neighbor_penalty,2,7,0.45,4,0.24,0.55,0.7,0.55,0.22,0.08,0,3.5,25,0.0,0.0,0.13319649395317873,1.0,0.0,0.0,0.2222222222222222,2.0,0.5927540771196967,0.7549116639902006,0.5479772883152703,0.0,0.0,0.0,64.60102425065264,0.0,0.0,0.0,64.60102425065264,0.0,0.1111111111111111,0.0,0.0,0.0,2.039466085370534,2.0413032927119237,0.0,0,0
MIXED_CAPTURE_CATASTROPHE,neighbor_quarantine,2,7,0.45,4,0.24,0.55,0.7,0.55,0.22,0.08,0,3.5,25,0.0,0.0,0.13319649395317873,1.0,0.0,0.0,0.2222222222222222,2.0,0.5692686071590617,0.7540767435464366,0.5431590977007807,0.0,0.0,0.0,65.6658843369687,0.0,0.0,0.0,65.6658843369687,0.0,0.1111111111111111,0.0,0.0,0.0,2.037598177623723,2.03915259428309,0.0,0,0
MIXED_CAPTURE_CATASTROPHE,action_containment_extraction_cap,2,7,0.25,4,0.24,0.55,0.7,0.55,0.22,0.08,0,3.5,25,0.0,0.0,0.13319649395317873,1.0,0.0,0.0,0.2222222222222222,2.0,0.5545500949375681,0.7723964085006909,0.5332707886042307,0.017345765575625456,0.06044444444444444,17.24,65.56828888194778,53.96,0.0,0.0,65.56828888194778,0.0,0.14373914399726082,0.221068729061254,0.0,0.0,2.035706322565841,2.0374097688173274,12.194728443237208,0,0
MIXED_CAPTURE_CATASTROPHE,action_containment_extraction_cap,2,7,0.45,4,0.24,0.55,0.7,0.55,0.22,0.08,0,3.5,25,0.0,0.0,0.13319649395317873,1.0,0.0,0.0,0.2222222222222222,2.0,0.5558562427744291,0.7723920504009338,0.5337995786632415,0.02640614537130554,0.06088888888888889,17.56,64.74104536192436,55.04,0.0,0.0,64.74104536192436,0.0,0.14374201759959165,0.22107539660458872,0.0,0.0,2.0361023147579553,2.0378095105690184,12.278193488013942,0,0
MIXED_CAPTURE_CATASTROPHE,action_containment_extraction_cap,2,7,0.7,4,0.24,0.55,0.7,0.55,0.22,0.08,0,3.5,25,0.0,0.0,0.13319649395317873,1.0,0.0,0.0,0.2222222222222222,2.0,0.5568393071648885,0.7723930827542638,0.534250016895717,0.043444294249243655,0.06488888888888888,20.04,63.51743476530539,62.64,0.0,0.0,63.51743476530539,0.0,0.14374215904140772,0.22108603612006072,0.0,0.0,2.035642797770768,2.0373671961441677,13.060301707758956,0,0
MIXED_CAPTURE_CATASTROPHE,action_containment_influence_throttle,2,7,0.25,4,0.24,0.55,0.7,0.55,0.22,0.08,0,3.5,25,0.0,0.0,0.13319649395317873,1.0,0.0,0.0,0.2222222222222222,2.0,0.5526385491268981,0.772403860289249,0.5325202491778512,0.013018794554555978,0.058666666666666666,17.08,66.78058269068221,0.0,1.8445863811168033,53.64,66.78058269068221,0.0,0.14373520213271362,0.22105831969215659,0.0,0.0,2.035027665862365,2.0367280191464054,11.84353203037446,0,0
MIXED_CAPTURE_CATASTROPHE,action_containment_influence_throttle,2,7,0.45,4,0.24,0.55,0.7,0.55,0.22,0.08,0,3.5,25,0.0,0.0,0.13319649395317873,1.0,0.0,0.0,0.2222222222222222,2.0,0.5525310671383348,0.7724038782886321,0.5324812204984157,0.01663493372278005,0.058666666666666666,17.08,66.78644691780283,0.0,1.8449121084946591,53.64,66.78644691780283,0.0,0.1437344356715843,0.22105663029072634,0.0,0.0,2.0349843686652838,2.03668494107438,11.84353203037446,0,0
MIXED_CAPTURE_CATASTROPHE,action_containment_influence_throttle,2,7,0.7,4,0.24,0.55,0.7,0.55,0.22,0.08,0,3.5,25,0.0,0.0,0.13319649395317873,1.0,0.0,0.0,0.2222222222222222,2.0,0.5524457623436888,0.7724039602320084,0.5324507699335356,0.021117641576540974,0.058666666666666666,17.08,66.79123962914272,0.0,1.8453536180373442,53.64,66.79123962914272,0.0,0.14373389743158246,0.22105524558750622,0.0,0.0,2.034946669758463,2.0366474580570766,11.84353203037446,0,0
MIXED_CAPTURE_CATASTROPHE,action_containment_anti_concentration,2,7,0.25,4,0.24,0.55,0.7,0.55,0.22,0.08,0,3.5,25,0.0,0.0,0.13319649395317873,1.0,0.0,0.0,0.2222222222222222,2.0,0.5457783428394697,0.7746703345240209,0.5300409892053792,0.010951615242622354,0.06933333333333333,16.92,66.77467323200754,0.0,0.0,0.0,66.77467323200754,0.0,0.13792708720122637,0.2134499179856407,0.0,0.0,2.0294109982626973,2.031157271992579,14.037623156765655,0,0
MIXED_CAPTURE_CATASTROPHE,action_containment_anti_concentration,2,7,0.45,4,0.24,0.55,0.7,0.55,0.22,0.08,0,3.5,25,0.0,0.0,0.13319649395317873,1.0,0.0,0.0,0.2222222222222222,2.0,0.5457783428394697,0.7746703345240209,0.5300409892053792,0.014548181159289724,0.06933333333333333,16.92,66.77467323200754,0.0,0.0,0.0,66.77467323200754,0.0,0.13792708720122637,0.2134499179856407,0.0,0.0,2.0294109982626973,2.031157271992579,14.037623156765655,0,0
MIXED_CAPTURE_CATASTROPHE,action_containment_anti_concentration,2,7,0.7,4,0.24,0.55,0.7,0.55,0.22,0.08,0,3.5,25,0.0,0.0,0.13319649395317873,1.0,0.0,0.0,0.2222222222222222,2.0,0.5457783428394697,0.7746703345240209,0.5300409892053792,0.019006685033164612,0.06933333333333333,16.92,66.77467323200754,0.0,0.0,0.0,66.77467323200754,0.0,0.13792708720122637,0.2134499179856407,0.0,0.0,2.0294109982626973,2.031157271992579,14.037623156765655,0,0
MIXED_CAPTURE_CATASTROPHE,action_containment_migration_friction,2,7,0.25,4,0.24,0.55,0.7,0.55,0.22,0.08,0,3.5,25,0.0,0.0,0.13319649395317873,1.0,0.0,0.0,0.2222222222222222,2.0,0.5523655520468014,0.7724050578040217,0.5324988778725961,0.1365375783120166,0.059111111111111114,17.12,66.77997948125258,0.0,0.0,0.0,66.77997948125258,0.0,0.14373746457786854,0.2210641819770361,53.8,0.0,2.0354080579161415,2.0370866449028187,11.939176744106078,0,0
MIXED_CAPTURE_CATASTROPHE,action_containment_migration_friction,2,7,0.45,4,0.24,0.55,0.7,0.55,0.22,0.08,0,3.5,25,0.0,0.0,0.13319649395317873,1.0,0.0,0.0,0.2222222222222222,2.0,0.552015784535763,0.7724060685619818,0.5324260622900051,0.21845507071308146,0.059111111111111114,17.12,66.78603309515688,0.0,0.0,0.0,66.78603309515688,0.0,0.1437381031058492,0.22106624039579129,53.8,0.0,2.0356707838659345,2.037331942827837,11.94552619008457,0,0
MIXED_CAPTURE_CATASTROPHE,action_containment_migration_friction,2,7,0.7,4,0.24,0.55,0.7,0.55,0.22,0.08,0,3.5,25,0.0,0.0,0.13319649395317873,1.0,0.0,0.0,0.2222222222222222,2.0,0.5515771731372776,0.7724073341529936,0.5323259448823461,0.30138577485485907,0.059111111111111114,17.12,66.79367293901885,0.0,0.0,0.0,66.79367293901885,0.0,0.1437389075194705,0.2210688382290106,53.8,0.0,2.0360014898532364,2.0376406578833546,11.953472436582729,0,0
MIXED_CAPTURE_CATASTROPHE,action_containment_aid_escrow,2,7,0.25,4,0.24,0.55,0.7,0.55,0.22,0.08,0,3.5,25,0.0,0.0,0.13319649395317873,1.0,0.0,0.0,0.2222222222222222,2.0,0.5525938892978756,0.7721987416026456,0.5325990036080559,0.021968427264806852,0.07066666666666667,21.04,65.91348445763361,0.0,0.0,0.0,65.91348445763361,3.9890864916209097,0.14720796574749367,0.24469132308732813,0.0,0.0,2.0330534725814213,2.0347833977069043,14.300279945932875,0,0
MIXED_CAPTURE_CATASTROPHE,action_containment_aid_escrow,2,7,0.45,4,0.24,0.55,0.7,0.55,0.22,0.08,0,3.5,25,0.0,0.0,0.13319649395317873,1.0,0.0,0.0,0.2222222222222222,2.0,0.5511827512148791,0.7722325063159674,0.5321768253252978,0.03805165181650222,0.12088888888888888,28.8,65.83439227552691,0.0,0.0,0.0,65.83439227552691,6.625369816958857,0.14709335144393715,0.2438219974370049,0.0,0.0,2.0316970860621173,2.0334405049232624,24.389676028685912,0,0
MIXED_CAPTURE_CATASTROPHE,action_containment_aid_escrow,2,7,0.7,4,0.24,0.55,0.7,0.55,0.22,0.08,0,3.5,25,0.0,0.0,0.13319649395317873,1.0,0.0,0.0,0.2222222222222222,2.0,0.5483999835767743,0.7722645246680514,0.5313967427580423,0.0729724117800438,0.2462222222222222,49.92,65.84768997587942,0.0,0.0,0.0,65.84768997587942,9.907467697903774,0.14733259450862388,0.24505657157746455,0.0,0.0,2.0294924985772425,2.0312577381135357,50.34840707131185,0,0
MIXED_CAPTURE_CATASTROPHE,action_containment_replication_throttle,2,7,0.25,4,0.24,0.55,0.7,0.55,0.22,0.08,0,3.5,25,0.0,0.0,0.13319649395317873,1.0,0.0,0.0,0.2222222222222222,2.0,0.5549873503483206,0.7723939461934114,0.5337846158687679,0.18557395458135215,0.059111111111111114,17.12,66.82053232034902,0.0,0.0,0.0,66.82053232034902,0.0,0.14373026248849408,0.2210547599038576,0.0,53.8,2.035438882159431,2.037155882777885,11.922801759595862,0,0
MIXED_CAPTURE_CATASTROPHE,action_containment_replication_throttle,2,7,0.45,4,0.24,0.55,0.7,0.55,0.22,0.08,0,3.5,25,0.0,0.0,0.13319649395317873,1.0,0.0,0.0,0.2222222222222222,2.0,0.5567220981394596,0.7723839352193812,0.5347429103929267,0.2857691904808539,0.059111111111111114,17.12,66.85902086600433,0.0,0.0,0.0,66.85902086600433,0.0,0.14373210492474175,0.22106694373598745,0.0,53.8,2.0357148251179766,2.0374458740683705,11.9160589133076,0,0
MIXED_CAPTURE_CATASTROPHE,action_containment_replication_throttle,2,7,0.7,4,0.24,0.55,0.7,0.55,0.22,0.08,0,3.5,25,0.0,0.0,0.13319649395317873,1.0,0.0,0.0,0.2222222222222222,2.0,0.558867070679347,0.7723777177791433,0.5359321021192346,0.378732402969252,0.059111111111111114,17.12,66.90759437898323,0.0,0.0,0.0,66.90759437898323,0.0,0.1437462673711275,0.2210744711383035,0.0,53.8,2.0360470137825875,2.0377963146780744,11.907649321098525,0,0
MIXED_CAPTURE_CATASTROPHE,combined_action_containment,2,7,0.25,4,0.24,0.55,0.7,0.55,0.22,0.08,0,3.5,25,0.0,0.0,0.13319649395317873,1.0,0.0,0.0,0.2222222222222222,2.0,0.554384665067915,0.7725088274686395,0.5337076754145065,0.27525509435364354,0.059111111111111114,17.0,65.59419210444791,53.6,1.8020958339606685,53.6,65.59419210444791,1.940723717554313,0.1435199509595247,0.22038649296462615,53.6,53.6,2.035088627304771,2.036797001577698,11.932849597025301,0,0
MIXED_CAPTURE_CATASTROPHE,combined_action_containment,2,7,0.45,4,0.24,0.55,0.7,0.55,0.22,0.08,0,3.5,75,0.0,0.0,0.04872554590470005,1.0,0.0,0.0,0.22222222222222218,2.0,0.556457623672414,0.7725020181323514,0.534897840836612,0.4022931998927168,0.059111111111111114,17.2,64.79175476650963,54.2,1.8363770994909188,54.2,64.79175476650963,2.9377174523746246,0.14353723344047173,0.2204066309379186,54.2,54.2,2.0358167560560254,2.0375244572018665,11.93062053085592,0,0
MIXED_CAPTURE_CATASTROPHE,combined_action_containment,2,7,0.7,4,0.24,0.55,0.7,0.55,0.22,0.08,0,3.5,25,0.0,0.0,0.13319649395317873,1.0,0.0,0.0,0.2222222222222222,2.0,0.5581550577964639,0.7725147211718828,0.5360754973536451,0.5246586005292123,0.06133333333333333,18.96,63.72805926316233,59.28,2.273618185380336,59.28,63.72805926316233,4.1866999490925325,0.1435496075379121,0.22047025059102915,59.28,59.28,2.035329154267647,2.0370581929998477,12.377671258529599,0,0
MIXED_CAPTURE_CATASTROPHE,combined_action_containment_plus_diversity,2,7,0.25,4,0.24,0.55,0.7,0.55,0.22,0.08,0,3.5,25,0.0,0.0,0.13319649395317873,1.0,0.0,0.0,0.2222222222222222,2.0,0.5456674464601846,0.7725259810781331,0.6097782065344147,0.275833287462119,0.059111111111111114,17.0,65.45645796389293,53.6,1.8019304152532984,53.6,65.45645796389293,1.9406922812942755,0.14350477589757832,0.22037919277234175,53.6,53.6,2.0332837995862967,2.0349668733911446,11.932849597025301,0,0
MIXED_CAPTURE_CATASTROPHE,combined_action_containment_plus_diversity,2,7,0.45,4,0.24,0.55,0.7,0.55,0.22,0.08,0,3.5,25,0.0,0.0,0.13319649395317873,1.0,0.0,0.0,0.2222222222222222,2.0,0.5477076733883821,0.7725391336485475,0.611116440468192,0.40296150215007226,0.059111111111111114,17.2,64.65772592593153,54.2,1.8362982781233894,54.2,64.65772592593153,2.937809768562973,0.14350887853331307,0.22036262068495005,54.2,54.2,2.0340453489954173,2.035727125378348,11.930620530855922,0,0
MIXED_CAPTURE_CATASTROPHE,combined_action_containment_plus_diversity,2,7,0.7,4,0.24,0.55,0.7,0.55,0.22,0.08,0,3.5,25,0.0,0.0,0.13319649395317873,1.0,0.0,0.0,0.2222222222222222,2.0,0.5493844713806147,0.772565338236449,0.6124891619348415,0.5250839123374716,0.06133333333333333,18.96,63.59620395016775,59.28,2.273274663835126,59.28,63.59620395016775,4.186050517116996,0.14346086855863457,0.22019134785764924,59.28,59.28,2.0336065667661205,2.0353093480618574,12.377671258529599,0,0
MIXED_CAPTURE_CATASTROPHE,combined_action_containment_plus_response_to_aid,2,7,0.25,4,0.24,0.55,0.7,0.55,0.22,0.08,0,3.5,25,0.0,0.0,0.13319649395317873,1.0,0.0,0.0,0.2222222222222222,2.0,0.5528311971195006,0.7729668556654833,0.5331712620146082,0.27337739345147233,0.06844444444444445,17.88,65.1408415939775,54.44,1.7050661783816048,54.44,65.1408415939775,1.7986709612777734,0.14397291457102745,0.23238800246116212,54.44,54.44,2.032335802835884,2.034075992116478,13.85989116100306,0,0
MIXED_CAPTURE_CATASTROPHE,combined_action_containment_plus_response_to_aid,2,7,0.45,4,0.24,0.55,0.7,0.55,0.22,0.08,0,3.5,25,0.0,0.0,0.13319649395317873,1.0,0.0,0.0,0.2222222222222222,2.0,0.5549179453082655,0.7729574777508319,0.5343511559962973,0.39943645912754716,0.06844444444444445,18.0,64.29337922337076,54.92,1.752280900912446,54.92,64.29337922337076,2.7488412184448676,0.14402074316225028,0.23265970277652326,54.92,54.92,2.0328686058501386,2.0346115259140647,13.855415653004496,0,0
MIXED_CAPTURE_CATASTROPHE,combined_action_containment_plus_response_to_aid,2,7,0.7,4,0.24,0.55,0.7,0.55,0.22,0.08,0,3.5,25,0.0,0.0,0.13319649395317873,1.0,0.0,0.0,0.2222222222222222,2.0,0.5569580739553952,0.7729456141766814,0.5356132990571243,0.5107045745658473,0.06977777777777777,18.68,63.39671467184371,57.04,1.9160835189301921,57.04,63.39671467184371,3.4317653127099783,0.14403784340819514,0.23197108398545152,57.04,57.04,2.0329511768612845,2.0347045167427082,14.12218250604182,0,0
MIXED_CAPTURE_CATASTROPHE,response_to_neighbor_aid,2,7,0.45,4,0.24,0.55,0.7,0.55,0.22,0.08,0,3.5,25,0.0,0.0,0.13319649395317873,1.0,0.0,0.0,0.2222222222222222,2.0,0.5091020192370296,0.7782916593081698,0.525469185226089,0.0,0.0,0.0,67.38806453888319,0.0,0.0,0.0,67.38806453888319,0.0,0.12453094854393712,0.1507159328494697,0.0,0.0,2.0234290690211525,2.0252054181970673,0.0,0,0
MIXED_CAPTURE_CATASTROPHE,diversity_non_adversarial_only,2,7,0.45,4,0.24,0.55,0.7,0.55,0.22,0.08,0,3.5,25,0.0,0.0,0.13319649395317873,1.0,0.0,0.0,0.2222222222222222,2.0,0.5575927048999,0.7175145822390825,0.6399170394866958,0.0,0.0,0.0,66.81239472097259,0.0,0.0,0.0,66.81239472097259,0.0,0.16326994724163113,0.2614596428698628,0.0,0.0,2.041760622113438,2.043358937941409,0.0,0,0
SCAVENGER_CATASTROPHE,no_enforcement,2,7,0.45,4,0.24,0.55,0.7,0.55,0.22,0.08,1,3.5,25,0.0,0.0,0.13319649395317873,1.0,0.0,0.0,0.2222222222222222,2.0,0.6398506587071172,0.7341941015180627,0.5619231090473178,0.0,0.0,0.0,70.8895860222446,0.0,0.0,0.0,70.8895860222446,0.0,0.25055750510929525,0.33975121374356576,0.0,0.0,2.1913569980831404,2.1926089403542295,0.0,0,0
SCAVENGER_CATASTROPHE,neighbor_penalty,2,7,0.45,4,0.24,0.55,0.7,0.55,0.22,0.08,1,3.5,25,0.0,0.0,0.13319649395317873,1.0,0.0,0.0,0.2222222222222222,2.0,0.6032898904282914,0.7536618112875488,0.547942115479791,0.0,0.0,0.0,72.3483381151729,0.0,0.0,0.0,72.3483381151729,0.0,0.1111111111111111,0.0,0.0,0.0,2.162582004330279,2.163786501135819,0.0,0,0
SCAVENGER_CATASTROPHE,neighbor_quarantine,2,7,0.45,4,0.24,0.55,0.7,0.55,0.22,0.08,1,3.5,25,0.0,0.0,0.13319649395317873,1.0,0.0,0.0,0.2222222222222222,2.0,0.5891472783179023,0.7486116134066595,0.5458532326608093,0.0,0.0,0.0,73.00222076683254,0.0,0.0,0.0,73.00222076683254,0.0,0.1111111111111111,0.0,0.0,0.0,2.1629363870180667,2.163867618078986,0.0,0,0
SCAVENGER_CATASTROPHE,action_containment_extraction_cap,2,7,0.25,4,0.24,0.55,0.7,0.55,0.22,0.08,1,3.5,25,0.0,0.0,0.13319649395317873,1.0,0.0,0.0,0.2222222222222222,2.0,0.5739490859741425,0.7561583559921965,0.5366850235061292,0.018399315528305905,0.06266666666666666,18.32,70.79348545043999,56.2,0.0,0.0,70.79348545043999,0.0,0.15051693184401396,0.23843291918419504,0.0,0.0,2.1660026240882346,2.1671675678696465,12.601446048051914,0,0
SCAVENGER_CATASTROPHE,action_containment_extraction_cap,2,7,0.45,4,0.24,0.55,0.7,0.55,0.22,0.08,1,3.5,25,0.0,0.0,0.13319649395317873,1.0,0.0,0.0,0.2222222222222222,2.0,0.5751586541073409,0.7561489619052842,0.5371564267384202,0.02869070105150595,0.06355555555555555,18.96,69.83232305461262,58.4,0.0,0.0,69.83232305461262,0.0,0.15049942735608815,0.2384107951562175,0.0,0.0,2.166397811246068,2.167567296326543,12.769297031881454,0,0
SCAVENGER_CATASTROPHE,action_containment_extraction_cap,2,7,0.7,4,0.24,0.55,0.7,0.55,0.22,0.08,1,3.5,25,0.0,0.0,0.13319649395317873,1.0,0.0,0.0,0.2222222222222222,2.0,0.5750001646997669,0.756684769658686,0.5371722169686516,0.044857344468187864,0.06622222222222222,20.8,68.70795185870884,64.08,0.0,0.0,68.70795185870884,0.0,0.14996189983765373,0.2372675046223867,0.0,0.0,2.1659925077646314,2.1671746220128476,13.280508110764949,0,0
SCAVENGER_CATASTROPHE,action_containment_influence_throttle,2,7,0.25,4,0.24,0.55,0.7,0.55,0.22,0.08,1,3.5,25,0.0,0.0,0.13319649395317873,1.0,0.0,0.0,0.2222222222222222,2.0,0.5706021031476989,0.7568980672911085,0.5354322012348366,0.013564585873433755,0.059555555555555556,17.84,72.1667965508702,0.0,1.9022825409287996,54.8,72.1667965508702,0.0,0.14978202204076602,0.23688246062560306,0.0,0.0,2.165043992605907,2.16620607003848,11.987824707411416,0,0
SCAVENGER_CATASTROPHE,action_containment_influence_throttle,2,7,0.45,4,0.24,0.55,0.7,0.55,0.22,0.08,1,3.5,25,0.0,0.0,0.13319649395317873,1.0,0.0,0.0,0.2222222222222222,2.0,0.5693838337220803,0.7574642584514616,0.5349911082623057,0.017332240892434,0.059555555555555556,17.84,72.19448417858239,0.0,1.8980718351960886,54.8,72.19448417858239,0.0,0.14923549837697997,0.23570749458387066,0.0,0.0,2.16482538741172,2.1659882482242803,11.987824707411416,0,0
SCAVENGER_CATASTROPHE,action_containment_influence_throttle,2,7,0.7,4,0.24,0.55,0.7,0.55,0.22,0.08,1,3.5,25,0.0,0.0,0.13319649395317873,1.0,0.0,0.0,0.2222222222222222,2.0,0.5678796643925843,0.758237276496593,0.5344438016202154,0.022000662973326354,0.059555555555555556,17.84,72.22983013213222,0.0,1.8923205156735943,54.8,72.22983013213222,0.0,0.14851454890453236,0.23413726949298222,0.0,0.0,2.1645481697937528,2.1657120645594445,11.987824707411416,0,0
SCAVENGER_CATASTROPHE,action_containment_anti_concentration,2,7,0.25,4,0.24,0.55,0.7,0.55,0.22,0.08,1,3.5,25,0.0,0.0,0.13319649395317873,1.0,0.0,0.0,0.2222222222222222,2.0,0.5550362665711391,0.7738922800780895,0.5296763405909676,0.011361389705291238,0.05911111111111111,17.56,72.87827956892951,0.0,0.0,0.0,72.87827956892951,0.0,0.13682195442099607,0.209454282136766,0.0,0.0,2.156288868290016,2.1574711382961,11.923606778067382,0,0
SCAVENGER_CATASTROPHE,action_containment_anti_concentration,2,7,0.45,4,0.24,0.55,0.7,0.55,0.22,0.08,1,3.5,25,0.0,0.0,0.13319649395317873,1.0,0.0,0.0,0.2222222222222222,2.0,0.5550362665711391,0.7738922800780895,0.5296763405909676,0.015090576572183824,0.05911111111111111,17.56,72.87827956892951,0.0,0.0,0.0,72.87827956892951,0.0,0.13682195442099607,0.209454282136766,0.0,0.0,2.156288868290016,2.1574711382961,11.923606778067382,0,0
SCAVENGER_CATASTROPHE,action_containment_anti_concentration,2,7,0.7,4,0.24,0.55,0.7,0.55,0.22,0.08,1,3.5,25,0.0,0.0,0.13319649395317873,1.0,0.0,0.0,0.2222222222222222,2.0,0.5550362665711391,0.7738922800780895,0.5296763405909676,0.01971214512993417,0.05911111111111111,17.56,72.87827956892951,0.0,0.0,0.0,72.87827956892951,0.0,0.13682195442099607,0.209454282136766,0.0,0.0,2.156288868290016,2.1574711382961,11.923606778067382,0,0
SCAVENGER_CATASTROPHE,action_containment_migration_friction,2,7,0.25,4,0.24,0.55,0.7,0.55,0.22,0.08,1,3.5,25,0.0,0.0,0.13319649395317873,1.0,0.0,0.0,0.2222222222222222,2.0,0.5715680692760393,0.7562501238613798,0.5358894355138153,0.1453212770928641,0.06,17.88,72.14244675240641,0.0,0.0,0.0,72.14244675240641,0.0,0.1504022789847897,0.238232147364533,54.96,0.0,2.1656263181447573,2.166769278610655,12.079091319715417,0,0
SCAVENGER_CATASTROPHE,action_containment_migration_friction,2,7,0.45,4,0.24,0.55,0.7,0.55,0.22,0.08,1,3.5,25,0.0,0.0,0.13319649395317873,1.0,0.0,0.0,0.2222222222222222,2.0,0.5712385216245142,0.756199367393379,0.5358523353524971,0.23118969066536427,0.06,17.88,72.14379475587367,0.0,0.0,0.0,72.14379475587367,0.0,0.1504357059464647,0.23830603447838108,54.96,0.0,2.165925222887027,2.1670532928253365,12.081998498071844,0,0
SCAVENGER_CATASTROPHE,action_containment_migration_friction,2,7,0.7,4,0.24,0.55,0.7,0.55,0.22,0.08,1,3.5,25,0.0,0.0,0.13319649395317873,1.0,0.0,0.0,0.2222222222222222,2.0,0.5708249806827547,0.756135425661342,0.5357974501037481,0.3170413490872862,0.06,17.88,72.14558412963886,0.0,0.0,0.0,72.14558412963886,0.0,0.1504779086826665,0.23839929477336724,54.96,0.0,2.1663023809435704,2.1674116468251485,12.085623378227654,0,0
SCAVENGER_CATASTROPHE,action_containment_aid_escrow,2,7,0.25,4,0.24,0.55,0.7,0.55,0.22,0.08,1,3.5,25,0.0,0.0,0.13319649395317873,1.0,0.0,0.0,0.2222222222222222,2.0,0.5631895999804933,0.7643791733662101,0.5328229761311856,0.023183723844963224,0.06533333333333333,22.48,71.83997546295853,0.0,0.0,0.0,71.83997546295853,4.137829791360325,0.15086396208495212,0.26168770122548923,0.0,0.0,2.1608121824289825,2.1619847064661317,13.138952525859999,0,0
SCAVENGER_CATASTROPHE,action_containment_aid_escrow,2,7,0.45,4,0.24,0.55,0.7,0.55,0.22,0.08,1,3.5,25,0.0,0.0,0.13319649395317873,1.0,0.0,0.0,0.2222222222222222,2.0,0.5611585653185776,0.7652686452491727,0.5321710625493636,0.03971131380552763,0.11377777777777778,30.16,72.03318935970468,0.0,0.0,0.0,72.03318935970468,6.90247255399031,0.14957821135957933,0.25817643589306877,0.0,0.0,2.158623502128217,2.1597949370177933,22.808571389931213,0,0
SCAVENGER_CATASTROPHE,action_containment_aid_escrow,2,7,0.7,4,0.24,0.55,0.7,0.55,0.22,0.08,1,3.5,25,0.0,0.0,0.13319649395317873,1.0,0.0,0.0,0.2222222222222222,2.0,0.5586159353914429,0.7660719641853888,0.5314055111183031,0.07352561347944761,0.23422222222222222,49.96,72.5472564341988,0.0,0.0,0.0,72.5472564341988,10.182275938105125,0.14813623332284304,0.25424155054922193,0.0,0.0,2.155142894976028,2.1563077719873722,47.51798078608635,0,0
SCAVENGER_CATASTROPHE,action_containment_replication_throttle,2,7,0.25,4,0.24,0.55,0.7,0.55,0.22,0.08,1,3.5,25,0.0,0.0,0.13319649395317873,1.0,0.0,0.0,0.2222222222222222,2.0,0.5741757855339271,0.7561844799858308,0.5371208081800883,0.19695069993087813,0.06,17.88,72.20735891684801,0.0,0.0,0.0,72.20735891684801,0.0,0.15043899588879525,0.23831934257067633,0.0,54.96,2.1661543396686995,2.167335073669801,12.066639569040257,0,0
SCAVENGER_CATASTROPHE,action_containment_replication_throttle,2,7,0.45,4,0.24,0.55,0.7,0.55,0.22,0.08,1,3.5,25,0.0,0.0,0.13319649395317873,1.0,0.0,0.0,0.2222222222222222,2.0,0.5759122662481794,0.7560912159391094,0.5380677633428926,0.3011555573440176,0.06,17.88,72.26099934946888,0.0,0.0,0.0,72.26099934946888,0.0,0.15049569857975506,0.23844256650952847,0.0,54.96,2.1668663917642057,2.168063112139024,12.059611747827923,0,0
SCAVENGER_CATASTROPHE,action_containment_replication_throttle,2,7,0.7,4,0.24,0.55,0.7,0.55,0.22,0.08,1,3.5,25,0.0,0.0,0.13319649395317873,1.0,0.0,0.0,0.2222222222222222,2.0,0.578069229730362,0.7559745853349282,0.5392470927619147,0.3964734962439046,0.06,17.88,72.32784506175196,0.0,0.0,0.0,72.32784506175196,0.0,0.1505653348093581,0.23859839266915073,0.0,54.96,2.1677486265427963,2.1689660687478143,12.05085087591866,0,0
SCAVENGER_CATASTROPHE,combined_action_containment,2,7,0.25,4,0.24,0.55,0.7,0.55,0.22,0.08,1,3.5,25,0.0,0.0,0.13319649395317873,1.0,0.0,0.0,0.2222222222222222,2.0,0.5694760635542113,0.7601138410559654,0.5355823694486727,0.288991481380574,0.06044444444444444,17.88,71.03091988386984,54.68,1.8268220265263122,54.68,71.03091988386984,1.9918702207634136,0.1463563172098114,0.22816708284971607,54.68,54.68,2.1650411358990174,2.1662129951497024,12.15700368374824,0,0
SCAVENGER_CATASTROPHE,combined_action_containment,2,7,0.45,4,0.24,0.55,0.7,0.55,0.22,0.08,1,3.5,25,0.0,0.0,0.13319649395317873,1.0,0.0,0.0,0.2222222222222222,2.0,0.5710412052011256,0.7601632033514016,0.5365794276155879,0.4216429149337408,0.06133333333333333,18.28,70.12980841131377,55.92,1.9467228017941778,55.92,70.12980841131377,3.160381422141811,0.14629615814852787,0.22803003707207964,55.92,55.92,2.1659380670708575,2.1671182083448866,12.328920138532476,0,0
SCAVENGER_CATASTROPHE,combined_action_containment,2,7,0.7,4,0.24,0.55,0.7,0.55,0.22,0.08,1,3.5,25,0.0,0.0,0.13319649395317873,1.0,0.0,0.0,0.2222222222222222,2.0,0.5718332895250021,0.7603299141853012,0.5374166135203814,0.5405260957926169,0.06222222222222222,19.72,69.06411915463251,60.0,2.3101688499991138,60.0,69.06411915463251,4.394537592650192,0.146029370864476,0.22746252896376287,60.0,60.0,2.165888113818205,2.167094524437201,12.500463533403977,0,0
SCAVENGER_CATASTROPHE,combined_action_containment_plus_diversity,2,7,0.25,4,0.24,0.55,0.7,0.55,0.22,0.08,1,3.5,25,0.0,0.0,0.13319649395317873,1.0,0.0,0.0,0.2222222222222222,2.0,0.5607051401751743,0.7602292044857899,0.6118177496184799,0.2895448681227016,0.06044444444444444,17.88,70.88469623251052,54.68,1.8271639001149051,54.68,70.88469623251052,1.9925971786624728,0.14630941764869174,0.2280901006032373,54.68,54.68,2.1630169211677135,2.164160354206285,12.15700368374824,0,0
SCAVENGER_CATASTROPHE,combined_action_containment_plus_diversity,2,7,0.45,4,0.24,0.55,0.7,0.55,0.22,0.08,1,3.5,25,0.0,0.0,0.13319649395317873,1.0,0.0,0.0,0.2222222222222222,2.0,0.5622305889273814,0.7603381370546329,0.6129425980586666,0.4222487791947169,0.06133333333333333,18.28,69.98825359238488,55.92,1.9466533638522272,55.92,69.98825359238488,3.160471141410036,0.14617714501278886,0.22788561863996,55.92,55.92,2.16395460299184,2.1651057070184763,12.328920138532476,0,0
SCAVENGER_CATASTROPHE,combined_action_containment_plus_diversity,2,7,0.7,4,0.24,0.55,0.7,0.55,0.22,0.08,1,3.5,25,0.0,0.0,0.13319649395317873,1.0,0.0,0.0,0.2222222222222222,2.0,0.5630361324261908,0.7606930374140559,0.6139738417323318,0.5409548049532568,0.06222222222222222,19.72,68.92439471967201,60.0,2.3101819244769013,60.0,68.92439471967201,4.394802963173835,0.14581688129782272,0.22704948257357926,60.0,60.0,2.163974053169319,2.165151056802544,12.500463533403977,0,0
SCAVENGER_CATASTROPHE,combined_action_containment_plus_response_to_aid,2,7,0.25,4,0.24,0.55,0.7,0.55,0.22,0.08,1,3.5,25,0.0,0.0,0.13319649395317873,1.0,0.0,0.0,0.2222222222222222,2.0,0.5618181287144038,0.7693068524797304,0.5327730428112297,0.28546281988108985,0.06222222222222222,18.64,70.9488658534531,55.36,1.711529445218061,55.36,70.9488658534531,1.810358556681103,0.14139272513850487,0.2310732327090833,55.36,55.36,2.1605738659375775,2.1617661564762165,12.511875602680076,0,0
SCAVENGER_CATASTROPHE,combined_action_containment_plus_response_to_aid,2,7,0.45,4,0.24,0.55,0.7,0.55,0.22,0.08,1,3.5,25,0.0,0.0,0.13319649395317873,1.0,0.0,0.0,0.2222222222222222,2.0,0.5638670565643273,0.7692377255698902,0.5339514960256458,0.4164853271908949,0.0631111111111111,18.96,69.95585083328254,56.4,1.8061313678385014,56.4,69.95585083328254,2.8506252681055884,0.14135255932102464,0.23048659966201657,56.4,56.4,2.161685657173278,2.162889449126524,12.684092970119869,0,0
SCAVENGER_CATASTROPHE,combined_action_containment_plus_response_to_aid,2,7,0.7,4,0.24,0.55,0.7,0.55,0.22,0.08,1,3.5,25,0.0,0.0,0.13319649395317873,1.0,0.0,0.0,0.2222222222222222,2.0,0.5656106249491021,0.769377352100234,0.5351922050826131,0.5435176369831157,0.064,21.48,68.76067878414432,62.48,2.2546435823654054,62.48,68.76067878414432,4.117650131771123,0.14182365366735403,0.23200684051829462,62.48,62.48,2.1618755689282394,2.163109214525131,12.855694819673522,0,0
SCAVENGER_CATASTROPHE,response_to_neighbor_aid,2,7,0.45,4,0.24,0.55,0.7,0.55,0.22,0.08,1,3.5,25,0.0,0.0,0.13319649395317873,1.0,0.0,0.0,0.2222222222222222,2.0,0.5091626043721571,0.7788145929188824,0.5247092487354847,0.0,0.0,0.0,75.02544375964075,0.0,0.0,0.0,75.02544375964075,0.0,0.1242377857562092,0.15076397224653657,0.0,0.0,2.1478939755224027,2.1490128126337034,0.0,0,0
SCAVENGER_CATASTROPHE,diversity_non_adversarial_only,2,7,0.45,4,0.24,0.55,0.7,0.55,0.22,0.08,1,3.5,25,0.0,0.0,0.13319649395317873,1.0,0.0,0.0,0.2222222222222222,2.0,0.5671322453307945,0.7183054597700328,0.6265373789369333,0.0,0.0,0.0,71.2950701959802,0.0,0.0,0.0,71.2950701959802,0.0,0.16762342106258515,0.2675135342464292,0.0,0.0,2.1649594510761023,2.1661127994245364,0.0,0,0
PURE_CAPTURE,combined_action_containment,2,7,0.45,2,0.24,0.55,0.7,0.55,0.22,0.08,0,3.5,25,0.0,0.0,0.13319649395317873,1.0,0.0,0.0,0.33333333333333326,3.0,0.7225546677472506,0.6454472484896848,0.5677505881903407,0.4230916915236051,0.0,59.84,63.78099865508938,77.2,1.03642435111319,77.2,63.78099865508938,1.6597524471535265,0.16732140202211887,0.23598464300747998,77.2,77.2,1.7703277795103407,1.77423689243981,0.0,0,0
PURE_CAPTURE,combined_action_containment,2,7,0.45,7,0.24,0.55,0.7,0.55,0.22,0.08,0,3.5,25,0.0,0.0,0.13319649395317873,1.0,0.0,0.0,0.33333333333333326,3.0,0.7263674486704879,0.6454445060570816,0.570488280028344,0.5471790616134434,0.0,56.52,61.752768084684824,124.92,2.8622640284833367,124.92,61.752768084684824,4.795393714291424,0.16730248317418409,0.23573083627355576,124.92,124.92,1.771744529307931,1.7756698398980104,0.0,0,0
PURE_CAPTURE,combined_action_containment,1,8,0.45,4,0.24,0.55,0.7,0.55,0.22,0.08,0,8.0,25,0.0,0.0,0.13319649395317873,1.0,0.0,0.0,0.33333333333333326,3.0,0.7253397589625186,0.645708566903108,0.569559172864151,0.48625048959591305,0.0,54.24,65.05948155459264,100.4,1.7685669757846854,100.4,65.05948155459264,2.923848235065977,0.16233889221211345,0.23271856191551232,100.4,100.4,1.7683807841193604,1.7722431390680875,0.0,0,0
PURE_CAPTURE,combined_action_containment,2,8,0.45,4,0.24,0.55,0.7,0.55,0.22,0.08,0,4.0,25,0.0,0.0,0.13319649395317873,1.0,0.0,0.0,0.33333333333333326,3.0,0.7243138602988302,0.6452794320460643,0.5689749268584459,0.47433356939655774,0.0,55.48,64.69588128610283,94.72,1.5674375802323997,94.72,64.69588128610283,2.6151489814317825,0.1673969315119614,0.23603600955109957,94.72,94.72,1.7660521007685759,1.7699346981204576,0.0,0,0
PURE_CAPTURE,combined_action_containment,4,8,0.45,4,0.24,0.55,0.7,0.55,0.22,0.08,0,2.0,25,0.0,0.0,0.13319649395317873,1.0,0.0,0.0,0.33333333333333326,3.0,0.7225832494990158,0.643695020216758,0.5682070604591946,0.504778063765918,0.0,64.52,62.75022996242198,103.8,2.06730400215683,103.8,62.75022996242198,3.400934933767376,0.16640203461905803,0.2343476998190766,103.8,103.8,1.7592900013062645,1.763254605061747,0.0,0,0
PURE_CAPTURE,combined_action_containment,7,8,0.45,4,0.24,0.55,0.7,0.55,0.22,0.08,0,1.1428571428571428,25,0.0,0.0,0.13319649395317873,1.0,0.0,0.0,0.33333333333333326,3.0,0.7074102158349653,0.641529003112604,0.5645519578665037,0.5371514651943325,0.0,73.64,59.715022573777496,109.12,2.6381114057396418,109.12,59.715022573777496,3.843352758408429,0.16171947592749325,0.23193856110574948,109.12,109.12,1.7448341559025706,1.7489724325149363,0.0,0,0
PURE_CAPTURE,combined_action_containment,10,8,0.45,4,0.24,0.55,0.7,0.55,0.22,0.08,0,0.8,25,0.0,0.0,0.13319649395317873,1.0,0.0,0.0,0.33333333333333326,3.0,0.6776091451191804,0.6415299651717278,0.560848693806162,0.5437687406512438,0.0,71.68,59.21139007773576,106.2,2.551552209349387,106.2,59.21139007773576,3.527863450272242,0.1620582368211116,0.23169467070068303,106.2,106.2,1.734118746115632,1.738345208704484,0.0,0,0
MIXED_CAPTURE_CATASTROPHE,combined_action_containment,2,7,0.45,4,0.24,0.55,0.45,0.55,0.22,0.08,0,3.5,25,0.0,0.0,0.13319649395317873,1.0,0.0,0.0,0.2222222222222222,2.0,0.550064241378426,0.7727242213699325,0.5289557219777496,0.3646688373421095,0.03955555555555556,13.12,41.78059005028948,45.84,1.8088952362947257,45.84,41.78059005028948,2.977249562747305,0.1493899743568586,0.2308052582130914,45.84,45.84,1.7193590560064667,1.72048566980602,7.952247855778104,0,0
MIXED_CAPTURE_CATASTROPHE,combined_action_containment,2,7,0.45,4,0.24,0.55,0.9,0.55,0.22,0.08,0,3.5,25,0.0,0.0,0.13319649395317873,1.0,0.0,0.0,0.2222222222222222,2.0,0.5570731056365947,0.7726427468400903,0.5355716849163459,0.3820767446179532,0.03777777777777778,14.72,82.47556329176751,47.84,1.8083491243192529,47.84,82.47556329176751,2.8365246197115686,0.13871539915297162,0.20975309633192726,47.84,47.84,2.2863368263768025,2.288572418282033,7.576302837358407,0,0
PURE_CATASTROPHE,combined_action_containment,2,7,0.45,4,0.24,0.55,0.7,0.35,0.22,0.08,0,3.5,25,1.0,0.8668035060468213,1.0,0.0,1.0,0.0,0.0,0.0,0.023444830564250077,1.0,0.42160195828282604,0.24279905575865196,0.044444444444444446,7.8,65.15611672327078,31.2,0.0,31.2,65.15611672327078,0.0,0.13481013999227526,0.1649831412350822,31.2,31.2,1.7445962271195377,1.7430613164065003,9.364487604090481,0,0
MIXED_CAPTURE_CATASTROPHE,combined_action_containment,2,7,0.45,4,0.24,0.55,0.7,0.35,0.22,0.08,0,3.5,25,0.0,0.0,0.13319649395317873,1.0,0.0,0.0,0.2222222222222222,2.0,0.5550397364087616,0.7725234415474798,0.5326207273490803,0.40001282748472655,0.059111111111111114,17.08,64.79852579158991,53.72,1.7979022205569333,53.72,64.79852579158991,2.874038101979184,0.1435541281191882,0.22044519322144476,53.72,53.72,2.0350737679822104,2.0367886360797196,11.930620530855922,0,0
PURE_CATASTROPHE,combined_action_containment,2,7,0.45,4,0.24,0.55,0.7,0.75,0.22,0.08,0,3.5,25,1.0,0.8668035060468213,1.0,0.0,1.0,0.0,0.0,0.0,0.02411912945242833,1.0,0.4311144917957583,0.35945598905858495,0.08888888888888889,14.0,64.30553280683773,56.0,0.0,56.0,64.30553280683773,0.0,0.13483449736097303,0.16502011549184384,56.0,56.0,1.7475767414111385,1.7460468438584755,17.804250811801253,0,0
MIXED_CAPTURE_CATASTROPHE,combined_action_containment,2,7,0.45,4,0.24,0.55,0.7,0.75,0.22,0.08,0,3.5,25,0.0,0.0,0.13319649395317873,1.0,0.0,0.0,0.2222222222222222,2.0,0.5579210952793265,0.7724805817917887,0.5372031276078433,0.40227227983937425,0.059111111111111114,17.2,64.81279649996826,54.2,1.840124464275663,54.2,64.81279649996826,2.9456254814281913,0.1435183421834057,0.22036328753898304,54.2,54.2,2.0366295979133415,2.038328957983484,11.930620530855922,0,0
PURE_CAPTURE,action_containment_migration_friction,2,7,0.45,4,0.24,0.55,0.7,0.55,0.08,0.02,0,3.5,25,0.0,0.0,0.13319649395317873,1.0,0.0,0.0,0.33333333333333326,3.0,0.6969695028151373,0.6427262047567207,0.5682565156681327,0.28378861651159254,0.0,60.92,64.96900812184171,0.0,0.0,0.0,64.96900812184171,0.0,0.16924192244102262,0.24310658222323364,94.4,0.0,1.7742200210252943,1.7773625682056848,0.0,0,0
PURE_CAPTURE,action_containment_migration_friction,2,7,0.45,4,0.24,0.55,0.7,0.55,0.08,0.08,0,3.5,25,0.0,0.0,0.13319649395317873,1.0,0.0,0.0,0.33333333333333326,3.0,0.6978439899325763,0.6427181210040678,0.5673126368159044,0.2837732321936262,0.0,60.92,64.96532188989838,0.0,0.0,0.0,64.96532188989838,0.0,0.16924333511186387,0.2431162177244543,94.48,0.0,1.7743617275904058,1.7774748504253177,0.0,0,0
PURE_CAPTURE,action_containment_migration_friction,2,7,0.45,4,0.24,0.55,0.7,0.55,0.08,0.18,0,3.5,25,0.0,0.0,0.13319649395317873,1.0,0.0,0.0,0.33333333333333326,3.0,0.6993306401665316,0.6426969631404953,0.564986037172404,0.2839098166780868,0.0,60.92,64.96287251152415,0.0,0.0,0.0,64.96287251152415,0.0,0.16923124298364411,0.2431115273174014,94.56,0.0,1.7746203852507318,1.7776844434327859,0.0,0,0
PURE_CAPTURE,action_containment_migration_friction,2,7,0.45,4,0.24,0.55,0.7,0.55,0.22,0.02,0,3.5,25,0.0,0.0,0.13319649395317873,1.0,0.0,0.0,0.33333333333333326,3.0,0.7140629516913028,0.6431524102543181,0.5618741716198925,0.28401777292111147,0.0,59.96,65.74207546320383,0.0,0.0,0.0,65.74207546320383,0.0,0.16913066996906337,0.2428061656107362,92.92,0.0,1.7691662317014527,1.773066859870173,0.0,0,0
PURE_CAPTURE,action_containment_migration_friction,2,7,0.45,4,0.24,0.55,0.7,0.55,0.22,0.18,0,3.5,25,0.0,0.0,0.13319649395317873,1.0,0.0,0.0,0.33333333333333326,3.0,0.7204196272404323,0.6434207820027595,0.5655905558963059,0.2813858142355571,0.0,60.48,65.41969764748949,0.0,0.0,0.0,65.41969764748949,0.0,0.169715421793641,0.24497628646188985,92.92,0.0,1.7709629993521971,1.7746646307330434,0.0,0,0
PURE_CAPTURE,action_containment_migration_friction,2,7,0.45,4,0.24,0.55,0.7,0.55,0.4,0.02,0,3.5,25,0.0,0.0,0.13319649395317873,1.0,0.0,0.0,0.33333333333333326,3.0,0.7349595208334209,0.6433109645259174,0.5530711982922677,0.28711050156605966,0.0,60.28,66.70285305548627,0.0,0.0,0.0,66.70285305548627,0.0,0.1692379581617707,0.24260029026204077,94.88,0.0,1.7649768111462873,1.7697185961606443,0.0,0,0
PURE_CAPTURE,action_containment_migration_friction,2,7,0.45,4,0.24,0.55,0.7,0.55,0.4,0.08,0,3.5,25,0.0,0.0,0.13319649395317873,1.0,0.0,0.0,0.33333333333333326,3.0,0.7390622070529286,0.6433074015403225,0.5548268133183261,0.2859847509393186,0.0,60.4,66.589354823289,0.0,0.0,0.0,66.589354823289,0.0,0.1691996390616776,0.24261811790234153,94.6,0.0,1.7658290601236186,1.7704437326597866,0.0,0,0
PURE_CAPTURE,action_containment_migration_friction,2,7,0.45,4,0.24,0.55,0.7,0.55,0.4,0.18,0,3.5,25,0.0,0.0,0.13319649395317873,1.0,0.0,0.0,0.33333333333333326,3.0,0.745650381444507,0.6433906400265917,0.5577372168524259,0.28885509770891415,0.0,60.76,66.36664237500554,0.0,0.0,0.0,66.36664237500554,0.0,0.1691665481863689,0.24279202567955604,95.0,0.0,1.767050633502714,1.7714571253807887,0.0,0,0
PURE_CAPTURE,action_containment_anti_concentration,2,7,0.45,4,0.18,0.55,0.7,0.55,0.22,0.08,0,3.5,25,0.0,0.0,0.13319649395317873,1.0,0.0,0.0,0.33333333333333326,3.0,0.6554487336906978,0.6607896341284645,0.5458926644107082,0.04846188170365528,0.0,58.36,66.9568828916017,0.0,0.0,0.0,66.9568828916017,0.0,0.13396758964738695,0.18074776334532863,0.0,0.0,1.7465578979172465,1.7506197016343024,0.0,0,0
PURE_CAPTURE,action_containment_anti_concentration,2,7,0.45,4,0.3,0.55,0.7,0.55,0.22,0.08,0,3.5,25,0.0,0.0,0.13319649395317873,1.0,0.0,0.0,0.33333333333333326,3.0,0.6920325902827446,0.6585080654630646,0.5511946277382781,0.04915305565509032,0.0,59.24,66.50755445778478,0.0,0.0,0.0,66.50755445778478,0.0,0.14944584438177053,0.23849385874291618,0.0,0.0,1.7552519607187673,1.759257650710303,0.0,0,0
