cap,obs_depth,instrument,layer,frontier_size,cum_semantic_classes,cum_normal_forms,terminal_in_layer,cum_term_shapes,cum_states
6,8,exact_semantic,0,1,1,0,0,,
6,8,exact_semantic,1,2,3,0,0,,
6,8,exact_semantic,2,4,7,0,0,,
6,8,exact_semantic,3,8,15,0,0,,
6,8,exact_semantic,4,16,31,16,16,,
6,12,exact_semantic,0,1,1,0,0,,
6,12,exact_semantic,1,2,3,0,0,,
6,12,exact_semantic,2,4,7,0,0,,
6,12,exact_semantic,3,8,15,0,0,,
6,12,exact_semantic,4,16,31,16,16,,
6,16,exact_semantic,0,1,1,0,0,,
6,16,exact_semantic,1,2,3,0,0,,
6,16,exact_semantic,2,4,7,0,0,,
6,16,exact_semantic,3,8,15,0,0,,
6,16,exact_semantic,4,16,31,16,16,,
8,8,exact_semantic,0,1,1,0,0,,
8,8,exact_semantic,1,2,3,0,0,,
8,8,exact_semantic,2,4,7,0,0,,
8,8,exact_semantic,3,8,15,0,0,,
8,8,exact_semantic,4,16,31,0,0,,
8,8,exact_semantic,5,32,63,0,0,,
8,8,exact_semantic,6,64,127,64,64,,
8,12,exact_semantic,0,1,1,0,0,,
8,12,exact_semantic,1,2,3,0,0,,
8,12,exact_semantic,2,4,7,0,0,,
8,12,exact_semantic,3,8,15,0,0,,
8,12,exact_semantic,4,16,31,0,0,,
8,12,exact_semantic,5,32,63,0,0,,
8,12,exact_semantic,6,64,127,64,64,,
8,16,exact_semantic,0,1,1,0,0,,
8,16,exact_semantic,1,2,3,0,0,,
8,16,exact_semantic,2,4,7,0,0,,
8,16,exact_semantic,3,8,15,0,0,,
8,16,exact_semantic,4,16,31,0,0,,
8,16,exact_semantic,5,32,63,0,0,,
8,16,exact_semantic,6,64,127,64,64,,
10,8,exact_semantic,0,1,1,0,0,,
10,8,exact_semantic,1,2,3,0,0,,
10,8,exact_semantic,2,4,7,0,0,,
10,8,exact_semantic,3,8,15,0,0,,
10,8,exact_semantic,4,16,31,0,0,,
10,8,exact_semantic,5,32,63,0,0,,
10,8,exact_semantic,6,64,127,0,0,,
10,8,exact_semantic,7,128,255,0,0,,
10,8,exact_semantic,8,256,511,256,256,,
10,12,exact_semantic,0,1,1,0,0,,
10,12,exact_semantic,1,2,3,0,0,,
10,12,exact_semantic,2,4,7,0,0,,
10,12,exact_semantic,3,8,15,0,0,,
10,12,exact_semantic,4,16,31,0,0,,
10,12,exact_semantic,5,32,63,0,0,,
10,12,exact_semantic,6,64,127,0,0,,
10,12,exact_semantic,7,128,255,0,0,,
10,12,exact_semantic,8,256,511,256,256,,
10,16,exact_semantic,0,1,1,0,0,,
10,16,exact_semantic,1,2,3,0,0,,
10,16,exact_semantic,2,4,7,0,0,,
10,16,exact_semantic,3,8,15,0,0,,
10,16,exact_semantic,4,16,31,0,0,,
10,16,exact_semantic,5,32,63,0,0,,
10,16,exact_semantic,6,64,127,0,0,,
10,16,exact_semantic,7,128,255,0,0,,
10,16,exact_semantic,8,256,511,256,256,,
12,8,exact_semantic,0,1,1,0,0,,
12,8,exact_semantic,1,2,3,0,0,,
12,8,exact_semantic,2,4,7,0,0,,
12,8,exact_semantic,3,8,15,0,0,,
12,8,exact_semantic,4,16,31,0,0,,
12,8,exact_semantic,5,32,63,0,0,,
12,8,exact_semantic,6,64,127,0,0,,
12,8,exact_semantic,7,128,255,0,0,,
12,8,exact_semantic,8,256,255,0,0,,
12,8,exact_semantic,9,512,255,0,0,,
12,8,exact_semantic,10,1024,1279,1024,1024,,
12,12,exact_semantic,0,1,1,0,0,,
12,12,exact_semantic,1,2,3,0,0,,
12,12,exact_semantic,2,4,7,0,0,,
12,12,exact_semantic,3,8,15,0,0,,
12,12,exact_semantic,4,16,31,0,0,,
12,12,exact_semantic,5,32,63,0,0,,
12,12,exact_semantic,6,64,127,0,0,,
12,12,exact_semantic,7,128,255,0,0,,
12,12,exact_semantic,8,256,511,0,0,,
12,12,exact_semantic,9,512,1023,0,0,,
12,12,exact_semantic,10,1024,2047,1024,1024,,
12,16,exact_semantic,0,1,1,0,0,,
12,16,exact_semantic,1,2,3,0,0,,
12,16,exact_semantic,2,4,7,0,0,,
12,16,exact_semantic,3,8,15,0,0,,
12,16,exact_semantic,4,16,31,0,0,,
12,16,exact_semantic,5,32,63,0,0,,
12,16,exact_semantic,6,64,127,0,0,,
12,16,exact_semantic,7,128,255,0,0,,
12,16,exact_semantic,8,256,511,0,0,,
12,16,exact_semantic,9,512,1023,0,0,,
12,16,exact_semantic,10,1024,2047,1024,1024,,
14,8,exact_semantic,0,1,1,0,0,,
14,8,exact_semantic,1,2,3,0,0,,
14,8,exact_semantic,2,4,7,0,0,,
14,8,exact_semantic,3,8,15,0,0,,
14,8,exact_semantic,4,16,31,0,0,,
14,8,exact_semantic,5,32,63,0,0,,
14,8,exact_semantic,6,64,127,0,0,,
14,8,exact_semantic,7,128,255,0,0,,
14,8,exact_semantic,8,256,255,0,0,,
14,8,exact_semantic,9,512,255,0,0,,
14,8,exact_semantic,10,1024,255,0,0,,
14,8,exact_semantic,11,2048,255,0,0,,
14,8,exact_semantic,12,4096,4351,4096,4096,,
14,12,exact_semantic,0,1,1,0,0,,
14,12,exact_semantic,1,2,3,0,0,,
14,12,exact_semantic,2,4,7,0,0,,
14,12,exact_semantic,3,8,15,0,0,,
14,12,exact_semantic,4,16,31,0,0,,
14,12,exact_semantic,5,32,63,0,0,,
14,12,exact_semantic,6,64,127,0,0,,
14,12,exact_semantic,7,128,255,0,0,,
14,12,exact_semantic,8,256,511,0,0,,
14,12,exact_semantic,9,512,1023,0,0,,
14,12,exact_semantic,10,1024,2047,0,0,,
14,12,exact_semantic,11,2048,4095,0,0,,
14,12,exact_semantic,12,4096,8191,4096,4096,,
14,16,exact_semantic,0,1,1,0,0,,
14,16,exact_semantic,1,2,3,0,0,,
14,16,exact_semantic,2,4,7,0,0,,
14,16,exact_semantic,3,8,15,0,0,,
14,16,exact_semantic,4,16,31,0,0,,
14,16,exact_semantic,5,32,63,0,0,,
14,16,exact_semantic,6,64,127,0,0,,
14,16,exact_semantic,7,128,255,0,0,,
14,16,exact_semantic,8,256,511,0,0,,
14,16,exact_semantic,9,512,1023,0,0,,
14,16,exact_semantic,10,1024,2047,0,0,,
14,16,exact_semantic,11,2048,4095,0,0,,
14,16,exact_semantic,12,4096,8191,4096,4096,,
16,8,exact_semantic,0,1,1,0,0,,
16,8,exact_semantic,1,2,3,0,0,,
16,8,exact_semantic,2,4,7,0,0,,
16,8,exact_semantic,3,8,15,0,0,,
16,8,exact_semantic,4,16,31,0,0,,
16,8,exact_semantic,5,32,63,0,0,,
16,8,exact_semantic,6,64,127,0,0,,
16,8,exact_semantic,7,128,255,0,0,,
16,8,exact_semantic,8,256,255,0,0,,
16,8,exact_semantic,9,512,255,0,0,,
16,8,exact_semantic,10,1024,255,0,0,,
16,8,exact_semantic,11,2048,255,0,0,,
16,8,exact_semantic,12,4096,255,0,0,,
16,8,exact_semantic,13,8192,255,0,0,,
16,8,exact_semantic,14,16384,16639,16384,16384,,
16,12,exact_semantic,0,1,1,0,0,,
16,12,exact_semantic,1,2,3,0,0,,
16,12,exact_semantic,2,4,7,0,0,,
16,12,exact_semantic,3,8,15,0,0,,
16,12,exact_semantic,4,16,31,0,0,,
16,12,exact_semantic,5,32,63,0,0,,
16,12,exact_semantic,6,64,127,0,0,,
16,12,exact_semantic,7,128,255,0,0,,
16,12,exact_semantic,8,256,511,0,0,,
16,12,exact_semantic,9,512,1023,0,0,,
16,12,exact_semantic,10,1024,2047,0,0,,
16,12,exact_semantic,11,2048,4095,0,0,,
16,12,exact_semantic,12,4096,4095,0,0,,
16,12,exact_semantic,13,8192,4095,0,0,,
16,12,exact_semantic,14,16384,20479,16384,16384,,
16,16,exact_semantic,0,1,1,0,0,,
16,16,exact_semantic,1,2,3,0,0,,
16,16,exact_semantic,2,4,7,0,0,,
16,16,exact_semantic,3,8,15,0,0,,
16,16,exact_semantic,4,16,31,0,0,,
16,16,exact_semantic,5,32,63,0,0,,
16,16,exact_semantic,6,64,127,0,0,,
16,16,exact_semantic,7,128,255,0,0,,
16,16,exact_semantic,8,256,511,0,0,,
16,16,exact_semantic,9,512,1023,0,0,,
16,16,exact_semantic,10,1024,2047,0,0,,
16,16,exact_semantic,11,2048,4095,0,0,,
16,16,exact_semantic,12,4096,8191,0,0,,
16,16,exact_semantic,13,8192,16383,0,0,,
16,16,exact_semantic,14,16384,32767,16384,16384,,
18,8,exact_semantic,0,1,1,0,0,,
18,8,exact_semantic,1,2,3,0,0,,
18,8,exact_semantic,2,4,7,0,0,,
18,8,exact_semantic,3,8,15,0,0,,
18,8,exact_semantic,4,16,31,0,0,,
18,8,exact_semantic,5,32,63,0,0,,
18,8,exact_semantic,6,64,127,0,0,,
18,8,exact_semantic,7,128,255,0,0,,
18,8,exact_semantic,8,256,255,0,0,,
18,8,exact_semantic,9,512,255,0,0,,
18,8,exact_semantic,10,1024,255,0,0,,
18,8,exact_semantic,11,2048,255,0,0,,
18,8,exact_semantic,12,4096,255,0,0,,
18,8,exact_semantic,13,8192,255,0,0,,
18,8,exact_semantic,14,16384,255,0,0,,
18,8,exact_semantic,15,32768,255,0,0,,
18,8,exact_semantic,16,65536,65791,65536,65536,,
18,12,exact_semantic,0,1,1,0,0,,
18,12,exact_semantic,1,2,3,0,0,,
18,12,exact_semantic,2,4,7,0,0,,
18,12,exact_semantic,3,8,15,0,0,,
18,12,exact_semantic,4,16,31,0,0,,
18,12,exact_semantic,5,32,63,0,0,,
18,12,exact_semantic,6,64,127,0,0,,
18,12,exact_semantic,7,128,255,0,0,,
18,12,exact_semantic,8,256,511,0,0,,
18,12,exact_semantic,9,512,1023,0,0,,
18,12,exact_semantic,10,1024,2047,0,0,,
18,12,exact_semantic,11,2048,4095,0,0,,
18,12,exact_semantic,12,4096,4095,0,0,,
18,12,exact_semantic,13,8192,4095,0,0,,
18,12,exact_semantic,14,16384,4095,0,0,,
18,12,exact_semantic,15,32768,4095,0,0,,
18,12,exact_semantic,16,65536,69631,65536,65536,,
18,16,exact_semantic,0,1,1,0,0,,
18,16,exact_semantic,1,2,3,0,0,,
18,16,exact_semantic,2,4,7,0,0,,
18,16,exact_semantic,3,8,15,0,0,,
18,16,exact_semantic,4,16,31,0,0,,
18,16,exact_semantic,5,32,63,0,0,,
18,16,exact_semantic,6,64,127,0,0,,
18,16,exact_semantic,7,128,255,0,0,,
18,16,exact_semantic,8,256,511,0,0,,
18,16,exact_semantic,9,512,1023,0,0,,
18,16,exact_semantic,10,1024,2047,0,0,,
18,16,exact_semantic,11,2048,4095,0,0,,
18,16,exact_semantic,12,4096,8191,0,0,,
18,16,exact_semantic,13,8192,16383,0,0,,
18,16,exact_semantic,14,16384,32767,0,0,,
18,16,exact_semantic,15,32768,65535,0,0,,
18,16,exact_semantic,16,65536,131071,65536,65536,,
4,,state_bfs,0,,0,0,,1,1
4,,state_bfs,1,,0,0,,2,2
4,,state_bfs,2,,0,0,,6,6
4,,state_bfs,3,,0,0,,13,13
4,,state_bfs,4,,4,4,,21,21
4,,state_bfs,5,,4,4,,25,25
4,,state_bfs,6,,4,4,,25,25
5,,state_bfs,0,,0,0,,1,1
5,,state_bfs,1,,0,0,,2,2
5,,state_bfs,2,,0,0,,6,6
5,,state_bfs,3,,0,0,,17,17
5,,state_bfs,4,,0,0,,47,47
5,,state_bfs,5,,0,0,,107,107
5,,state_bfs,6,,8,8,,203,203
5,,state_bfs,7,,8,8,,332,332
5,,state_bfs,8,,8,8,,476,476
5,,state_bfs,9,,8,8,,596,596
5,,state_bfs,10,,8,8,,660,660
5,,state_bfs,11,,8,8,,676,676
5,,state_bfs,12,,8,8,,676,676
6,,state_bfs,0,,0,0,,1,1
6,,state_bfs,1,,0,0,,2,2
6,,state_bfs,2,,0,0,,6,6
6,,state_bfs,3,,0,0,,17,17
6,,state_bfs,4,,0,0,,55,55
6,,state_bfs,5,,0,0,,175,175
6,,state_bfs,6,,0,0,,503,503
6,,state_bfs,7,,0,0,,1296,1296
6,,state_bfs,8,,16,16,,3078,3078
6,,state_bfs,9,,16,16,,6870,6870
6,,state_bfs,10,,16,16,,14430,14430
6,,state_bfs,11,,16,16,,28388,28388
6,,state_bfs,12,,16,16,,52064,52064
6,,state_bfs,13,,16,16,,88616,88616
6,,state_bfs,14,,16,16,,139400,139400
6,,state_bfs,15,,16,16,,200000,200000
